robot,variant,coupling,train_terrain,eval_terrain,seed,distance,em,drag_pct,transfer
babya,base,blf,flat,flat,1,11.409133516173958,0.8600638697132797,9.93333333333333,False
babya,base,blf,flat,flat,2,11.96302318027158,0.860289388254876,18.166666666666657,False
babya,base,blf,flat,flat,3,11.410807749769004,0.8548241857765319,4.51666666666666,False
babya,base,blf,flat,flat,4,15.233790342484015,0.8354965937364659,16.950000000000003,False
babya,base,blf,flat,flat,5,13.42287612242674,0.8835185562783128,17.766666666666662,False
babya,base,blf,flat,flat,6,14.760094345993007,0.8708617430516936,19.37,False
babya,base,blf,flat,flat,7,8.331533277228656,0.8747552322129978,2.70333333333333,False
babya,base,blf,flat,flat,8,11.376141650477292,0.906033295749797,6.12666666666666,False
babya,base,blf,flat,flat,9,17.44115888903191,0.9059441569113276,18.50333333333333,False
babya,base,blf,flat,flat,10,11.81122913492951,0.8572748011286276,12.53666666666666,False
babya,base,blf,flat,flat,11,11.700470214574024,0.8973883391992078,21.15333333333333,False
babya,base,blf,flat,flat,12,11.620174052709237,0.8122145917883745,33.45,False
babya,base,blf,flat,flat,13,11.834915935959012,0.9026575367811348,17.599999999999998,False
babya,base,blf,flat,flat,14,8.186666439437381,0.8370674732535699,28.096666666666657,False
babya,base,blf,flat,flat,15,14.587266478701077,0.8465813358530088,52.70333333333333,False
babya,base,blf,flat,flat,16,11.990662072150627,0.9440533737674408,23.626666666666654,False
babya,base,blf,flat,flat,17,12.375170162899762,0.8088223877117244,6.95666666666666,False
babya,base,blf,flat,flat,18,11.46800402676071,0.8803731630344647,8.166666666666659,False
babya,base,blf,flat,flat,19,13.202124744562004,0.8542621496249091,8.55,False
babya,base,blf,flat,flat,20,11.135609482610707,0.883397837790288,9.99,False
babya,base,blf,flat,flat,21,11.785551586033865,0.9118203491317772,7.29666666666666,False
babya,base,blf,flat,flat,22,11.759400215760296,0.9599625325439568,20.42333333333333,False
babya,base,blf,flat,flat,23,15.748507709972223,0.93838500154175,4.88,False
babya,base,blf,flat,flat,24,11.638894740017014,0.9483592979376652,20.41333333333333,False
babya,base,blf,flat,flat,25,8.582597681310379,0.8749129111391933,3.3300000000000005,False
babya,base,blf,flat,flat,26,9.769160432976031,0.9196793428119528,17.82666666666666,False
babya,base,blf,flat,flat,27,11.213448137021231,0.8184117022218221,26.473333333333333,False
babya,base,blf,flat,flat,28,10.736981150359174,0.8949387448239317,8.450000000000001,False
babya,base,blf,flat,flat,29,11.13158611342463,0.8803511234343742,20.47,False
babya,base,blf,flat,flat,30,10.870282744988446,0.8385509673614987,3.69333333333333,False
babya,base,blf,flat,rugged,1,10.092483103111723,0.8174908217925202,13.99,True
babya,base,blf,flat,rugged,2,9.820541649466518,0.8132402515597617,20.51,True
babya,base,blf,flat,rugged,3,7.968908606828656,0.7356531339722545,10.413333333333334,True
babya,base,blf,flat,rugged,4,3.364884826399626,0.3418590995594248,54.973333333333336,True
babya,base,blf,flat,rugged,5,2.0650947387102483,0.1618787363111289,21.63,True
babya,base,blf,flat,rugged,6,5.509768937663442,0.655855620767591,42.18,True
babya,base,blf,flat,rugged,7,6.64327983348359,0.815521566933977,5.506666666666667,True
babya,base,blf,flat,rugged,8,9.622982789786205,0.8659049201944693,11.37,True
babya,base,blf,flat,rugged,9,3.0725322328010125,0.1813941838758664,18.276666666666667,True
babya,base,blf,flat,rugged,10,9.42837742790554,0.7720240615614825,13.233333333333333,True
babya,base,blf,flat,rugged,11,10.097696298872656,0.8475238801235234,22.85333333333333,True
babya,base,blf,flat,rugged,12,10.421232069818956,0.7946937998671963,35.92666666666667,True
babya,base,blf,flat,rugged,13,9.260021349656755,0.7540169660634259,18.293333333333333,True
babya,base,blf,flat,rugged,14,6.747930695025139,0.762501208399125,32.06333333333333,True
babya,base,blf,flat,rugged,15,11.090449994202585,0.791030732833809,54.32666666666667,True
babya,base,blf,flat,rugged,16,9.354391081290649,0.8278560485311687,25.043333333333333,True
babya,base,blf,flat,rugged,17,10.379311542681322,0.7898137391360049,9.766666666666667,True
babya,base,blf,flat,rugged,18,9.174883674210466,0.7524862460717384,9.226666666666668,True
babya,base,blf,flat,rugged,19,0.6329093757044392,0.0983221486219343,52.086666666666666,True
babya,base,blf,flat,rugged,20,6.17122500354042,0.6820830820284779,34.53,True
babya,base,blf,flat,rugged,21,7.444604918461781,0.6697264579184008,12.693333333333332,True
babya,base,blf,flat,rugged,22,9.833224023305624,0.8770971363746329,19.886666666666667,True
babya,base,blf,flat,rugged,23,10.8343722353807,0.752026834784665,7.05,True
babya,base,blf,flat,rugged,24,9.939984614175165,0.911657440951895,21.39666666666667,True
babya,base,blf,flat,rugged,25,7.135079097667288,0.7958408098511932,6.473333333333334,True
babya,base,blf,flat,rugged,26,8.935538318533187,0.8826017172401425,18.516666666666666,True
babya,base,blf,flat,rugged,27,1.2887837649496,0.2661577162910811,77.00666666666666,True
babya,base,blf,flat,rugged,28,8.274162716826732,0.7464946838712808,8.966666666666667,True
babya,base,blf,flat,rugged,29,5.865035592460003,0.5133292678723618,21.666666666666668,True
babya,base,blf,flat,rugged,30,8.84622400880458,0.7421147170502335,5.8,True
babya,base,blf,rugged,flat,1,10.774665164242068,0.8004587000914515,10.276666666666667,True
babya,base,blf,rugged,flat,2,7.198878337968899,0.9115544460077256,57.33,True
babya,base,blf,rugged,flat,3,5.658946234553246,0.7020703853388066,70.69666666666667,True
babya,base,blf,rugged,flat,4,7.626654794896233,0.8092051730648697,63.66,True
babya,base,blf,rugged,flat,5,7.921611671910812,0.8298162141960789,33.86666666666667,True
babya,base,blf,rugged,flat,6,6.842197685750643,0.8768296690391526,70.95333333333333,True
babya,base,blf,rugged,flat,7,10.490807026993345,0.919870046610817,18.676666666666662,True
babya,base,blf,rugged,flat,8,12.654287161734093,0.8719072477884957,35.47,True
babya,base,blf,rugged,flat,9,9.566788208864995,0.9523673845418796,24.36,True
babya,base,blf,rugged,flat,10,10.633007320171098,0.8468307725039232,22.08333333333333,True
babya,base,blf,rugged,flat,11,7.588017750178467,0.7809529234914795,52.77666666666666,True
babya,base,blf,rugged,flat,12,10.825333893994154,0.9062426799774574,20.45,True
babya,base,blf,rugged,flat,13,12.988162931706125,0.9025342940672404,35.39333333333333,True
babya,base,blf,rugged,flat,14,8.611365427040079,0.6158557369104574,29.706666666666667,True
babya,base,blf,rugged,flat,15,10.279964581499462,0.8711497736879081,15.683333333333334,True
babya,base,blf,rugged,flat,16,10.464179502673288,0.8708646293469492,16.366666666666667,True
babya,base,blf,rugged,flat,17,9.263838862971705,0.8011137239631922,7.096666666666667,True
babya,base,blf,rugged,flat,18,9.290331432022649,0.7516233610497689,13.013333333333334,True
babya,base,blf,rugged,flat,19,10.913350979196812,0.9323065367238312,21.16333333333333,True
babya,base,blf,rugged,flat,20,13.907949725955996,0.8869008960087215,11.86,True
babya,base,blf,rugged,flat,21,9.98630421894064,0.8701630646403081,23.106666666666666,True
babya,base,blf,rugged,flat,22,10.95180137886866,0.8233441130421701,2.353333333333333,True
babya,base,blf,rugged,flat,23,10.803366489286924,0.8881486625651922,19.55,True
babya,base,blf,rugged,flat,24,9.04865656765071,0.9455131082025148,66.96333333333334,True
babya,base,blf,rugged,flat,25,1.815854565263551,0.2732471592442694,42.66,True
babya,base,blf,rugged,flat,26,10.288903045392592,0.8617526480706613,21.516666666666666,True
babya,base,blf,rugged,flat,27,9.70702492582182,0.8638940236816823,13.333333333333334,True
babya,base,blf,rugged,flat,28,9.284695404492846,0.8545693709833652,8.52,True
babya,base,blf,rugged,flat,29,13.577539526730469,0.9155388623929512,34.49666666666667,True
babya,base,blf,rugged,flat,30,8.32941409353126,0.7920245789200198,21.156666666666663,True
babya,base,blf,rugged,rugged,1,12.287397895475396,0.8370755738486673,8.076666666666666,False
babya,base,blf,rugged,rugged,2,7.237778253065375,0.9128692102050596,56.89333333333333,False
babya,base,blf,rugged,rugged,3,7.100790244413688,0.8240511310413019,68.68666666666667,False
babya,base,blf,rugged,rugged,4,8.07033713405713,0.8511520891506562,62.9,False
babya,base,blf,rugged,rugged,5,8.04589228040918,0.8599363413193075,34.35333333333333,False
babya,base,blf,rugged,rugged,6,7.183400078821909,0.902489067219848,67.04666666666667,False
babya,base,blf,rugged,rugged,7,10.528316798869952,0.9307962889437588,18.05333333333333,False
babya,base,blf,rugged,rugged,8,13.213927025671918,0.8576360293495621,34.38333333333333,False
babya,base,blf,rugged,rugged,9,9.455432856485134,0.926043187427096,26.356666666666666,False
babya,base,blf,rugged,rugged,10,11.05368345273171,0.8813311040390623,21.62,False
babya,base,blf,rugged,rugged,11,9.09316680247574,0.8979001471535741,55.35,False
babya,base,blf,rugged,rugged,12,10.728317746005546,0.8942421827860509,20.6,False
babya,base,blf,rugged,rugged,13,14.616790004206196,0.8906032213720056,37.03,False
babya,base,blf,rugged,rugged,14,11.770882858365802,0.8196017406794207,26.08,False
babya,base,blf,rugged,rugged,15,10.339812697143191,0.8701879135120593,15.85,False
babya,base,blf,rugged,rugged,16,10.493832062331249,0.8646539691245413,17.593333333333334,False
babya,base,blf,rugged,rugged,17,9.52839602610524,0.8393210653080138,6.87,False
babya,base,blf,rugged,rugged,18,10.319486527573863,0.8635899308520619,13.626666666666669,False
babya,base,blf,rugged,rugged,19,10.881898805727692,0.920049635521078,20.813333333333333,False
babya,base,blf,rugged,rugged,20,14.33946642041626,0.8766038834615816,12.9,False
babya,base,blf,rugged,rugged,21,10.324652715618454,0.875227013677002,21.633333333333333,False
babya,base,blf,rugged,rugged,22,10.97586103935975,0.8217839790497655,10.156666666666666,False
babya,base,blf,rugged,rugged,23,10.876082715939882,0.8829125822183731,20.216666666666665,False
babya,base,blf,rugged,rugged,24,8.709600775715671,0.9250994446170272,66.41333333333333,False
babya,base,blf,rugged,rugged,25,5.788863456008879,0.82743168248664,42.32,False
babya,base,blf,rugged,rugged,26,10.552437636698569,0.8752274491163848,21.25333333333333,False
babya,base,blf,rugged,rugged,27,9.59342458214378,0.8690998144710663,11.346666666666666,False
babya,base,blf,rugged,rugged,28,9.448579091159129,0.8587367106466646,9.206666666666669,False
babya,base,blf,rugged,rugged,29,14.161515200450417,0.9064420401373896,33.913333333333334,False
babya,base,blf,rugged,rugged,30,7.998272387376132,0.7803414703271503,15.84,False
babya,phi,uncoupled,flat,flat,1,12.855620180536674,0.8636061731678515,18.07,False
babya,phi,uncoupled,flat,flat,2,12.258567808785566,0.8273329017198645,22.74333333333333,False
babya,phi,uncoupled,flat,flat,3,8.174564159213418,0.8934484809334318,19.21666666666666,False
babya,phi,uncoupled,flat,flat,4,10.75733658807792,0.8836312915935985,0.32666666666666,False
babya,phi,uncoupled,flat,flat,5,18.83155544285624,0.8416099580334242,37.63666666666667,False
babya,phi,uncoupled,flat,flat,6,13.133054477527418,0.8505794086057179,29.4,False
babya,phi,uncoupled,flat,flat,7,16.392714926155744,0.8946106392980595,27.49333333333333,False
babya,phi,uncoupled,flat,flat,8,11.627418427705162,0.8544168751072561,20.03666666666666,False
babya,phi,uncoupled,flat,flat,9,11.391774088942004,0.8911440594636982,8.02666666666666,False
babya,phi,uncoupled,flat,flat,10,17.15933574734682,0.9066564170277956,56.20333333333334,False
babya,phi,uncoupled,flat,flat,11,11.86096569802726,0.9086627598010588,17.15333333333333,False
babya,phi,uncoupled,flat,flat,12,11.781059330156063,0.8703925992828937,12.46666666666666,False
babya,phi,uncoupled,flat,flat,13,8.145618419321965,0.9082769758330096,52.35333333333333,False
babya,phi,uncoupled,flat,flat,14,10.196400050765227,0.8817816450647754,3.58,False
babya,phi,uncoupled,flat,flat,15,11.769732318837086,0.9340243741419064,13.81333333333333,False
babya,phi,uncoupled,flat,flat,16,13.77172739655201,0.935216821474254,21.43666666666666,False
babya,phi,uncoupled,flat,flat,17,13.917709167611877,0.8981868378210461,2.42666666666666,False
babya,phi,uncoupled,flat,flat,18,13.126512290015546,0.8215102768614441,20.82,False
babya,phi,uncoupled,flat,flat,19,11.178362915488844,0.893803905332578,2.81,False
babya,phi,uncoupled,flat,flat,20,9.39173158972446,0.8596927735987461,28.823333333333327,False
babya,phi,uncoupled,flat,flat,21,17.264748727834732,0.8831532888707685,5.31666666666666,False
babya,phi,uncoupled,flat,flat,22,18.657639176734538,0.9332719367095,20.64666666666666,False
babya,phi,uncoupled,flat,flat,23,12.047066399624716,0.8427455062480194,28.543333333333333,False
babya,phi,uncoupled,flat,flat,24,18.68259981736879,0.9141954356776708,22.876666666666654,False
babya,phi,uncoupled,flat,flat,25,18.81154392717946,0.8947424586959042,9.61,False
babya,phi,uncoupled,flat,flat,26,11.784381616365756,0.9215024235616326,23.08,False
babya,phi,uncoupled,flat,flat,27,17.1607626304662,0.9191631653009072,17.19,False
babya,phi,uncoupled,flat,flat,28,12.767089711782832,0.893386159648464,9.93,False
babya,phi,uncoupled,flat,flat,29,11.50577415499018,0.9306081598904284,18.97,False
babya,phi,uncoupled,flat,flat,30,8.765154152941003,0.8344350962654895,28.03,False
babya,phi,uncoupled,flat,rugged,1,10.335070256586214,0.7843934586575496,18.28333333333333,True
babya,phi,uncoupled,flat,rugged,2,10.910171854459849,0.8272944929172789,24.826666666666668,True
babya,phi,uncoupled,flat,rugged,3,6.8828439640743175,0.8148974306946809,18.456666666666667,True
babya,phi,uncoupled,flat,rugged,4,7.199532481663387,0.6740829935247487,2.14,True
babya,phi,uncoupled,flat,rugged,5,4.939981575595493,0.4341008067125951,43.16333333333333,True
babya,phi,uncoupled,flat,rugged,6,6.763185963721951,0.5331119896364066,30.866666666666667,True
babya,phi,uncoupled,flat,rugged,7,4.134374790060418,0.2719208945631686,29.86,True
babya,phi,uncoupled,flat,rugged,8,10.000721960742926,0.8370932361831928,22.986666666666668,True
babya,phi,uncoupled,flat,rugged,9,6.221976788799367,0.5203089950762213,12.233333333333333,True
babya,phi,uncoupled,flat,rugged,10,1.1872266551252255,0.0925182528454646,60.656666666666666,True
babya,phi,uncoupled,flat,rugged,11,9.516804023408676,0.81930105807265,18.71333333333333,True
babya,phi,uncoupled,flat,rugged,12,9.46068354564528,0.7678377286250518,14.583333333333334,True
babya,phi,uncoupled,flat,rugged,13,1.5304238093301603,0.1776764438950713,51.61,True
babya,phi,uncoupled,flat,rugged,14,7.6498879048307025,0.7701936464113931,9.053333333333333,True
babya,phi,uncoupled,flat,rugged,15,4.600729160513647,0.4449849030516265,20.21,True
babya,phi,uncoupled,flat,rugged,16,11.049018181432148,0.8621324008842549,22.82333333333333,True
babya,phi,uncoupled,flat,rugged,17,10.508530311699554,0.7713521797736779,7.206666666666667,True
babya,phi,uncoupled,flat,rugged,18,9.641686297014369,0.6552420816220671,19.21,True
babya,phi,uncoupled,flat,rugged,19,8.652274306374437,0.8339800271196667,5.98,True
babya,phi,uncoupled,flat,rugged,20,4.848323047804116,0.6183012844133501,54.89333333333333,True
babya,phi,uncoupled,flat,rugged,21,3.1536753592725604,0.2831192185996207,41.59333333333333,True
babya,phi,uncoupled,flat,rugged,22,10.975754634706536,0.6636579657217349,19.98333333333333,True
babya,phi,uncoupled,flat,rugged,23,8.498823416975753,0.7269081278354872,27.24,True
babya,phi,uncoupled,flat,rugged,24,6.614174816108243,0.4325080159725741,28.096666666666668,True
babya,phi,uncoupled,flat,rugged,25,7.070295027837036,0.6940630464626298,44.193333333333335,True
babya,phi,uncoupled,flat,rugged,26,8.202189156275677,0.7457984489395177,32.873333333333335,True
babya,phi,uncoupled,flat,rugged,27,2.4664548678712146,0.2474391622994945,37.50333333333333,True
babya,phi,uncoupled,flat,rugged,28,9.865211944960992,0.789645530060322,8.596666666666666,True
babya,phi,uncoupled,flat,rugged,29,9.983628788993489,0.8903178094553333,20.39333333333333,True
babya,phi,uncoupled,flat,rugged,30,6.286790124711848,0.6932521145528502,25.596666666666668,True
babya,phi,uncoupled,rugged,flat,1,10.44769317135439,0.8969250798714243,7.263333333333334,True
babya,phi,uncoupled,rugged,flat,2,10.409447710499274,0.818219742189102,2.203333333333333,True
babya,phi,uncoupled,rugged,flat,3,14.486310898447968,0.901332597943471,35.00666666666667,True
babya,phi,uncoupled,rugged,flat,4,10.22270128900158,0.8764619292458883,18.15,True
babya,phi,uncoupled,rugged,flat,5,12.926065571739937,0.7937831301234178,6.16,True
babya,phi,uncoupled,rugged,flat,6,8.324637206045093,0.8074721449567971,56.97,True
babya,phi,uncoupled,rugged,flat,7,7.7577121678041,0.6303693947299815,41.79666666666667,True
babya,phi,uncoupled,rugged,flat,8,10.051918676981678,0.8198178933099152,3.39,True
babya,phi,uncoupled,rugged,flat,9,10.0013317015713,0.7827932287327627,20.98333333333333,True
babya,phi,uncoupled,rugged,flat,10,13.32031192982529,0.8691192436001471,19.316666666666663,True
babya,phi,uncoupled,rugged,flat,11,7.495679002253936,0.7991294894031571,0.3433333333333333,True
babya,phi,uncoupled,rugged,flat,12,11.984844496177349,0.83623082806328,6.75,True
babya,phi,uncoupled,rugged,flat,13,10.032571140899448,0.8641788668211635,10.953333333333331,True
babya,phi,uncoupled,rugged,flat,14,11.297048037199342,0.8150752015086458,22.95,True
babya,phi,uncoupled,rugged,flat,15,10.209737199884282,0.9407712785610376,15.46,True
babya,phi,uncoupled,rugged,flat,16,11.69573950987228,0.8444466185200382,33.17,True
babya,phi,uncoupled,rugged,flat,17,10.919674066697558,0.8007998060645057,11.556666666666668,True
babya,phi,uncoupled,rugged,flat,18,9.642177743574116,0.8775316928003204,23.30666666666667,True
babya,phi,uncoupled,rugged,flat,19,13.397701675618393,0.8852180986156917,33.846666666666664,True
babya,phi,uncoupled,rugged,flat,20,10.678344696847663,0.76850742144791,36.03,True
babya,phi,uncoupled,rugged,flat,21,14.361647329323064,0.8483946925462587,30.236666666666668,True
babya,phi,uncoupled,rugged,flat,22,14.49345008009189,0.8938929889935071,38.583333333333336,True
babya,phi,uncoupled,rugged,flat,23,10.578361001523897,0.8406210428397551,27.39,True
babya,phi,uncoupled,rugged,flat,24,10.760518517001334,0.831273171562125,17.726666666666667,True
babya,phi,uncoupled,rugged,flat,25,13.02248619946203,0.9068005398574992,30.696666666666665,True
babya,phi,uncoupled,rugged,flat,26,10.61961396544228,0.8803975266673804,13.826666666666666,True
babya,phi,uncoupled,rugged,flat,27,7.777411683730716,0.6128364845610538,36.27666666666666,True
babya,phi,uncoupled,rugged,flat,28,10.420642432016123,0.8927916068149819,19.67333333333333,True
babya,phi,uncoupled,rugged,flat,29,9.789531032882156,0.8968037020091704,53.64666666666667,True
babya,phi,uncoupled,rugged,flat,30,11.829838537955204,0.837915352245546,21.22,True
babya,phi,uncoupled,rugged,rugged,1,10.145638938282108,0.8989285102604382,8.246666666666666,False
babya,phi,uncoupled,rugged,rugged,2,10.92473983537314,0.8354301265118899,5.86,False
babya,phi,uncoupled,rugged,rugged,3,14.137846535543572,0.884856206148517,35.25,False
babya,phi,uncoupled,rugged,rugged,4,10.30313073618794,0.8772678404094267,15.18,False
babya,phi,uncoupled,rugged,rugged,5,15.536906159750991,0.8685181157437835,8.923333333333334,False
babya,phi,uncoupled,rugged,rugged,6,8.788016218134516,0.8237912745643806,56.626666666666665,False
babya,phi,uncoupled,rugged,rugged,7,8.715229421229228,0.7079454610135019,42.97666666666667,False
babya,phi,uncoupled,rugged,rugged,8,10.161003945898411,0.8422716326547643,3.73,False
babya,phi,uncoupled,rugged,rugged,9,10.575563176048831,0.8516409731621167,22.87333333333333,False
babya,phi,uncoupled,rugged,rugged,10,14.190296126899648,0.8790387713374358,22.46,False
babya,phi,uncoupled,rugged,rugged,11,6.920966699719577,0.7609211530479926,1.4933333333333334,False
babya,phi,uncoupled,rugged,rugged,12,12.405663556820365,0.8683251308269969,6.91,False
babya,phi,uncoupled,rugged,rugged,13,10.499496092964138,0.8850202379053037,10.036666666666669,False
babya,phi,uncoupled,rugged,rugged,14,11.600043859757522,0.8222591758909411,23.17333333333333,False
babya,phi,uncoupled,rugged,rugged,15,10.238980133148075,0.9288890378978312,14.86,False
babya,phi,uncoupled,rugged,rugged,16,11.401550146295582,0.8593183501327661,32.52333333333333,False
babya,phi,uncoupled,rugged,rugged,17,10.401232423804975,0.7891055240773959,11.79,False
babya,phi,uncoupled,rugged,rugged,18,10.291199126692188,0.918493788890512,23.74333333333333,False
babya,phi,uncoupled,rugged,rugged,19,13.44375441389279,0.8720069239706331,31.19333333333333,False
babya,phi,uncoupled,rugged,rugged,20,13.937756739187142,0.9180845330499072,38.71333333333333,False
babya,phi,uncoupled,rugged,rugged,21,15.080383288449765,0.8668500789591144,29.133333333333333,False
babya,phi,uncoupled,rugged,rugged,22,14.567586679512566,0.8672521364218547,39.55,False
babya,phi,uncoupled,rugged,rugged,23,10.40795098067751,0.857903460946037,29.01,False
babya,phi,uncoupled,rugged,rugged,24,10.971963011519872,0.8457146027188547,19.953333333333333,False
babya,phi,uncoupled,rugged,rugged,25,13.70437736836207,0.8978145182774936,30.273333333333333,False
babya,phi,uncoupled,rugged,rugged,26,10.818259908061806,0.8722353153019553,16.206666666666667,False
babya,phi,uncoupled,rugged,rugged,27,11.536528190537569,0.8245141665044171,32.81,False
babya,phi,uncoupled,rugged,rugged,28,10.330824175897355,0.8850626898116924,18.813333333333333,False
babya,phi,uncoupled,rugged,rugged,29,9.73607844982306,0.9014974865367124,56.32,False
babya,phi,uncoupled,rugged,rugged,30,12.599389286075976,0.8303137230727365,19.273333333333333,False
ege,base,blf,flat,flat,1,8.454183551651616,0.886217831736851,17.11333333333333,False
ege,base,blf,flat,flat,2,7.273809154564043,0.7063662904911626,17.67333333333333,False
ege,base,blf,flat,flat,3,8.240368666139648,0.9025420221124854,45.78,False
ege,base,blf,flat,flat,4,7.478719458688835,0.6789543254543173,56.47333333333333,False
ege,base,blf,flat,flat,5,7.279863012212034,0.7814220402213837,56.05,False
ege,base,blf,flat,flat,6,7.846533528049898,0.849952173173056,4.31333333333333,False
ege,base,blf,flat,flat,7,8.471398182291061,0.8481517481351638,69.41000000000001,False
ege,base,blf,flat,flat,8,6.959622109946827,0.8400888548922713,12.52333333333333,False
ege,base,blf,flat,flat,9,8.387122988058646,0.9096990763337,60.586666666666666,False
ege,base,blf,flat,flat,10,6.612304129450708,0.7735466667379424,45.67666666666666,False
ege,base,blf,flat,flat,11,7.824914313909659,0.7131986405474107,47.61,False
ege,base,blf,flat,flat,12,7.064677110979792,0.8153763891286918,33.7,False
ege,base,blf,flat,flat,13,8.302860817583598,0.902123363953117,45.86333333333333,False
ege,base,blf,flat,flat,14,7.390232692358768,0.7572987564181746,38.77333333333333,False
ege,base,blf,flat,flat,15,7.966985312406886,0.8775283708620821,53.59666666666667,False
ege,base,blf,flat,flat,16,8.218694948145579,0.837935317045724,53.81333333333333,False
ege,base,blf,flat,flat,17,6.5601859501892,0.980143481034934,62.74,False
ege,base,blf,flat,flat,18,8.465996271373038,0.8349757744425613,64.78,False
ege,base,blf,flat,flat,19,8.40323181801158,0.8879078911498247,32.563333333333325,False
ege,base,blf,flat,flat,20,8.29939656010566,0.7669879965014701,33.06666666666666,False
ege,base,blf,flat,flat,21,6.973416924758133,0.8843691270624314,25.54333333333333,False
ege,base,blf,flat,flat,22,7.719020002893522,0.9064731230270088,65.2,False
ege,base,blf,flat,flat,23,7.928496875149411,0.8392127181747415,57.25,False
ege,base,blf,flat,flat,24,7.689732209970378,0.8729700278621274,80.05,False
ege,base,blf,flat,flat,25,7.108734608289095,0.9647722084001344,56.97333333333333,False
ege,base,blf,flat,flat,26,6.697033675055363,0.9727735442935528,58.43333333333334,False
ege,base,blf,flat,flat,27,7.741552082123884,0.9198075621184018,55.96666666666666,False
ege,base,blf,flat,flat,28,9.265395719054654,0.78271420597446,59.83666666666667,False
ege,base,blf,flat,flat,29,7.4656006907077535,0.9398631390406138,55.43,False
ege,base,blf,flat,flat,30,6.382554898571783,0.7929420683918768,27.06333333333333,False
ege,base,blf,flat,rugged,1,6.800200650217525,0.807443780033324,23.12333333333333,True
ege,base,blf,flat,rugged,2,0.8536541895499512,0.20953503012812,49.81,True
ege,base,blf,flat,rugged,3,1.3191314215518266,0.1714138905018457,50.16666666666666,True
ege,base,blf,flat,rugged,4,4.834722814215086,0.5752418817700571,62.17666666666667,True
ege,base,blf,flat,rugged,5,2.374737227384326,0.4365382386342199,68.38666666666667,True
ege,base,blf,flat,rugged,6,6.865708519368014,0.8306935156334858,10.626666666666669,True
ege,base,blf,flat,rugged,7,6.40019159394837,0.7301745308166984,67.53333333333333,True
ege,base,blf,flat,rugged,8,5.596392177449324,0.7501546715944348,15.586666666666666,True
ege,base,blf,flat,rugged,9,6.4896919142206055,0.7975932608027813,62.84666666666666,True
ege,base,blf,flat,rugged,10,4.892246631833968,0.6572210669518923,39.74,True
ege,base,blf,flat,rugged,11,2.4224050550747784,0.2339527392495051,43.05,True
ege,base,blf,flat,rugged,12,5.362151736004524,0.703471737163181,40.083333333333336,True
ege,base,blf,flat,rugged,13,3.4424180726529814,0.4800285579448626,32.35333333333333,True
ege,base,blf,flat,rugged,14,4.741757906690564,0.5509733188389678,38.64666666666667,True
ege,base,blf,flat,rugged,15,5.315195077940364,0.6470173483661735,54.61666666666667,True
ege,base,blf,flat,rugged,16,5.910792494662028,0.69622652175963,54.21333333333333,True
ege,base,blf,flat,rugged,17,4.724613146144631,0.6982048959739431,66.17666666666666,True
ege,base,blf,flat,rugged,18,4.530975264327457,0.5264156994416983,63.68,True
ege,base,blf,flat,rugged,19,6.3333878927466,0.8037899570416479,37.63333333333333,True
ege,base,blf,flat,rugged,20,1.1812981999718262,0.2830443583149008,51.74333333333333,True
ege,base,blf,flat,rugged,21,5.58805750715927,0.7997353524467828,28.95,True
ege,base,blf,flat,rugged,22,4.446581258088322,0.6368010546239119,67.71,True
ege,base,blf,flat,rugged,23,5.393231550862912,0.6282029270670388,61.46333333333333,True
ege,base,blf,flat,rugged,24,5.825712839295337,0.7940484994063054,79.99666666666667,True
ege,base,blf,flat,rugged,25,0.5399196818344792,0.0891201115864868,40.29,True
ege,base,blf,flat,rugged,26,4.848257999897807,0.7630558792555585,63.4,True
ege,base,blf,flat,rugged,27,3.8864546285843935,0.5310087601441505,58.9,True
ege,base,blf,flat,rugged,28,2.01730157807768,0.2004667061134428,61.16666666666666,True
ege,base,blf,flat,rugged,29,1.8173200792345865,0.3233338550633708,50.07,True
ege,base,blf,flat,rugged,30,5.090836537981411,0.6871635594585732,28.023333333333333,True
ege,base,blf,rugged,flat,1,5.799548830571799,0.9507629943844133,64.53333333333333,True
ege,base,blf,rugged,flat,2,5.2900609509498455,0.8661377882926861,71.83,True
ege,base,blf,rugged,flat,3,7.30695837327997,0.8320614017068807,58.23,True
ege,base,blf,rugged,flat,4,6.721942793250603,0.8945288804384303,37.336666666666666,True
ege,base,blf,rugged,flat,5,5.967839527511156,0.7998248605793027,76.77666666666667,True
ege,base,blf,rugged,flat,6,6.607716162837946,0.7245367781263998,12.486666666666666,True
ege,base,blf,rugged,flat,7,6.098643538329433,0.7095238596687465,57.24666666666667,True
ege,base,blf,rugged,flat,8,8.506976990219322,0.9253999573969124,42.376666666666665,True
ege,base,blf,rugged,flat,9,6.354695009428654,0.8250121282868733,11.43,True
ege,base,blf,rugged,flat,10,6.63836123678891,0.8723268391816104,39.68333333333333,True
ege,base,blf,rugged,flat,11,7.29174273111859,0.827520055328194,37.64333333333333,True
ege,base,blf,rugged,flat,12,6.919755420740347,0.8238203405079567,46.32,True
ege,base,blf,rugged,flat,13,7.050476989802057,0.8674884359568567,53.93333333333333,True
ege,base,blf,rugged,flat,14,7.189787056967426,0.8584815534211785,40.20666666666666,True
ege,base,blf,rugged,flat,15,5.645901824977477,0.8859459768620934,64.45666666666666,True
ege,base,blf,rugged,flat,16,5.959727473902805,0.7989307775451913,11.71,True
ege,base,blf,rugged,flat,17,6.750648232202497,0.7229791509976075,40.61,True
ege,base,blf,rugged,flat,18,5.884021557513371,0.7924494080081983,4.266666666666667,True
ege,base,blf,rugged,flat,19,6.561844278053905,0.8233289278981168,9.14,True
ege,base,blf,rugged,flat,20,7.54085284613506,0.7742271708808418,41.016666666666666,True
ege,base,blf,rugged,flat,21,6.001953002414832,0.8104400499583417,35.35,True
ege,base,blf,rugged,flat,22,7.1047271660073,0.9297299209333034,33.696666666666665,True
ege,base,blf,rugged,flat,23,7.304325593352583,0.843641504655277,57.06,True
ege,base,blf,rugged,flat,24,5.926758344904345,0.7925213977966385,27.453333333333333,True
ege,base,blf,rugged,flat,25,6.764025848412271,0.8056539946608339,49.71,True
ege,base,blf,rugged,flat,26,6.115098301863844,0.6911429413237452,58.09666666666666,True
ege,base,blf,rugged,flat,27,6.858587405204296,0.845877462197499,42.17666666666667,True
ege,base,blf,rugged,flat,28,7.201143736520266,0.8199446581680946,49.053333333333335,True
ege,base,blf,rugged,flat,29,7.4596323670105456,0.8768484704181262,51.14,True
ege,base,blf,rugged,flat,30,6.605797092041633,0.8250753614522763,74.93666666666667,True
ege,base,blf,rugged,rugged,1,5.66831017859316,0.8589361416207961,63.45666666666666,False
ege,base,blf,rugged,rugged,2,5.155338805790717,0.8147881247780091,68.83,False
ege,base,blf,rugged,rugged,3,7.312163582866169,0.8432388223703585,57.48,False
ege,base,blf,rugged,rugged,4,6.653508717655067,0.8532447617561204,35.17333333333333,False
ege,base,blf,rugged,rugged,5,6.377261784913606,0.8678114183429567,78.19,False
ege,base,blf,rugged,rugged,6,6.519351584639034,0.7204345459534811,13.85,False
ege,base,blf,rugged,rugged,7,5.980206474232482,0.7033365326755859,56.653333333333336,False
ege,base,blf,rugged,rugged,8,7.854090028226621,0.9169602939902448,42.873333333333335,False
ege,base,blf,rugged,rugged,9,6.206657902611662,0.8215625753264949,14.646666666666668,False
ege,base,blf,rugged,rugged,10,6.825511868827418,0.8841141467893582,40.10333333333333,False
ege,base,blf,rugged,rugged,11,7.068775108982266,0.8234557300241154,35.806666666666665,False
ege,base,blf,rugged,rugged,12,6.996497184837288,0.8312102109694892,47.05,False
ege,base,blf,rugged,rugged,13,6.93366566703421,0.8158680954793998,52.77,False
ege,base,blf,rugged,rugged,14,6.785203970096287,0.8567235718840656,41.91,False
ege,base,blf,rugged,rugged,15,5.794735326079399,0.8364017972107417,66.22666666666667,False
ege,base,blf,rugged,rugged,16,5.741857421488897,0.7836141016958011,17.486666666666668,False
ege,base,blf,rugged,rugged,17,6.767990556660821,0.736615125517629,42.306666666666665,False
ege,base,blf,rugged,rugged,18,5.7651166389724695,0.790288655578475,8.476666666666667,False
ege,base,blf,rugged,rugged,19,6.256135130281827,0.7974280871058397,8.516666666666667,False
ege,base,blf,rugged,rugged,20,7.032289618870146,0.7135227963693331,42.3,False
ege,base,blf,rugged,rugged,21,5.948591007969482,0.7923067792067476,35.0,False
ege,base,blf,rugged,rugged,22,7.000422249775488,0.902322704603312,39.46,False
ege,base,blf,rugged,rugged,23,7.143003841120249,0.8267388623980055,57.373333333333335,False
ege,base,blf,rugged,rugged,24,6.082033625266553,0.8144897376739433,31.96,False
ege,base,blf,rugged,rugged,25,6.880789722178548,0.8372853094872091,51.54,False
ege,base,blf,rugged,rugged,26,5.797426963362082,0.6677708998037976,58.73333333333333,False
ege,base,blf,rugged,rugged,27,6.845831750590227,0.8439532251675942,41.81333333333333,False
ege,base,blf,rugged,rugged,28,7.270712693573919,0.8407945529215214,51.72,False
ege,base,blf,rugged,rugged,29,7.434666275159407,0.8699554094509334,54.20333333333333,False
ege,base,blf,rugged,rugged,30,6.540414683199483,0.8302559659864684,74.70333333333333,False
ege,phi,uncoupled,flat,flat,1,7.648272494072533,0.8543467082924209,23.853333333333328,False
ege,phi,uncoupled,flat,flat,2,8.57118336824519,0.8569483217261809,40.17666666666666,False
ege,phi,uncoupled,flat,flat,3,7.624126072902562,0.7766879780266709,59.45,False
ege,phi,uncoupled,flat,flat,4,6.946818339806896,0.771285753720877,33.66333333333333,False
ege,phi,uncoupled,flat,flat,5,7.912289717790417,0.8664143839128376,35.44666666666666,False
ege,phi,uncoupled,flat,flat,6,6.561033654453011,0.8557104231965832,65.69,False
ege,phi,uncoupled,flat,flat,7,8.757446163918175,0.9233875845034436,40.78666666666666,False
ege,phi,uncoupled,flat,flat,8,7.626054093866604,0.7996422363569572,33.29666666666667,False
ege,phi,uncoupled,flat,flat,9,9.119151186684563,0.8805945392022708,60.24333333333334,False
ege,phi,uncoupled,flat,flat,10,7.142999708780922,0.7739407934982716,40.38,False
ege,phi,uncoupled,flat,flat,11,9.171419844174668,0.8950384728522688,59.17,False
ege,phi,uncoupled,flat,flat,12,8.392697283575822,0.8970788887474677,60.70666666666666,False
ege,phi,uncoupled,flat,flat,13,6.801518208193415,0.8156592921925392,35.06333333333333,False
ege,phi,uncoupled,flat,flat,14,6.69034516067565,0.7908740842258533,43.37,False
ege,phi,uncoupled,flat,flat,15,8.793719036928477,0.7800223787041639,50.09666666666666,False
ege,phi,uncoupled,flat,flat,16,8.275486439144897,0.879658123607809,19.49666666666666,False
ege,phi,uncoupled,flat,flat,17,6.271368091575651,0.8866191647959696,74.92666666666666,False
ege,phi,uncoupled,flat,flat,18,8.780756489656547,0.8104618940648105,48.26333333333333,False
ege,phi,uncoupled,flat,flat,19,8.182097393195171,0.9442291510262156,65.53,False
ege,phi,uncoupled,flat,flat,20,8.102063317255915,0.9676343718505612,55.2,False
ege,phi,uncoupled,flat,flat,21,7.237484017637555,0.9606292389555244,57.77,False
ege,phi,uncoupled,flat,flat,22,6.471206969575562,0.7269883603058428,42.13,False
ege,phi,uncoupled,flat,flat,23,6.88105860295973,0.902897105531017,72.68666666666667,False
ege,phi,uncoupled,flat,flat,24,7.98511967026395,0.8087360518161603,73.76333333333334,False
ege,phi,uncoupled,flat,flat,25,9.116933351620476,0.793697361699761,57.38,False
ege,phi,uncoupled,flat,flat,26,7.076056127599847,0.6944298578728256,40.68,False
ege,phi,uncoupled,flat,flat,27,8.080202550633404,0.971791020083881,55.77333333333333,False
ege,phi,uncoupled,flat,flat,28,9.226541725180075,0.8570399283363833,54.81666666666667,False
ege,phi,uncoupled,flat,flat,29,7.198953961886491,0.7534263956500586,45.18,False
ege,phi,uncoupled,flat,flat,30,7.762968409987303,0.9670422127276171,54.04666666666667,False
ege,phi,uncoupled,flat,rugged,1,5.743256848165935,0.7109834086548183,34.21,True
ege,phi,uncoupled,flat,rugged,2,6.593635943274671,0.7297100259723625,44.05,True
ege,phi,uncoupled,flat,rugged,3,3.791417863947816,0.5929805987373717,67.33333333333333,True
ege,phi,uncoupled,flat,rugged,4,4.5105541326658285,0.5338807234822072,31.28,True
ege,phi,uncoupled,flat,rugged,5,6.13359541970843,0.7547164824291231,39.123333333333335,True
ege,phi,uncoupled,flat,rugged,6,3.3369677395626884,0.5605543724502365,64.13,True
ege,phi,uncoupled,flat,rugged,7,5.831901627730644,0.7242273355768677,42.24666666666667,True
ege,phi,uncoupled,flat,rugged,8,6.08024716909147,0.7189366276926249,38.806666666666665,True
ege,phi,uncoupled,flat,rugged,9,6.127868119511705,0.6871815946912366,61.00666666666667,True
ege,phi,uncoupled,flat,rugged,10,5.624311680936676,0.6452036077243898,39.29333333333334,True
ege,phi,uncoupled,flat,rugged,11,5.97815757798235,0.7389021202458116,66.04333333333334,True
ege,phi,uncoupled,flat,rugged,12,2.012370420652337,0.2385498774672285,60.96333333333333,True
ege,phi,uncoupled,flat,rugged,13,4.663574878684447,0.6131973023209752,36.09666666666666,True
ege,phi,uncoupled,flat,rugged,14,5.467898555628012,0.6928835730259737,43.00666666666667,True
ege,phi,uncoupled,flat,rugged,15,2.393360180431672,0.2880297207991849,66.82666666666667,True
ege,phi,uncoupled,flat,rugged,16,6.18192405128143,0.7265524703018458,25.756666666666668,True
ege,phi,uncoupled,flat,rugged,17,4.682484961059502,0.7702279791236321,76.20333333333333,True
ege,phi,uncoupled,flat,rugged,18,1.4063942087083132,0.2358937798861615,52.653333333333336,True
ege,phi,uncoupled,flat,rugged,19,5.2160164917893015,0.7193008874304531,64.52333333333333,True
ege,phi,uncoupled,flat,rugged,20,0.2279475980869524,0.0408646159127577,44.14333333333333,True
ege,phi,uncoupled,flat,rugged,21,0.9610104320100092,0.2200717678942514,54.126666666666665,True
ege,phi,uncoupled,flat,rugged,22,3.8819433801542913,0.5188721721111657,48.36333333333334,True
ege,phi,uncoupled,flat,rugged,23,2.53100738594123,0.3999668447004461,79.19666666666667,True
ege,phi,uncoupled,flat,rugged,24,4.293221656103293,0.5809043269296347,76.74666666666667,True
ege,phi,uncoupled,flat,rugged,25,4.118594545969092,0.4648454029220557,48.63333333333333,True
ege,phi,uncoupled,flat,rugged,26,5.374004942705132,0.634122905611096,44.17333333333333,True
ege,phi,uncoupled,flat,rugged,27,0.4650600818386394,0.0759634331008363,49.336666666666666,True
ege,phi,uncoupled,flat,rugged,28,6.405722095309463,0.7111589164888665,61.81666666666667,True
ege,phi,uncoupled,flat,rugged,29,4.717349536583677,0.5772163942635488,47.32666666666667,True
ege,phi,uncoupled,flat,rugged,30,3.638110103370985,0.5543819069246602,57.89333333333333,True
ege,phi,uncoupled,rugged,flat,1,7.437601396722885,0.8387378553735416,46.79333333333334,True
ege,phi,uncoupled,rugged,flat,2,7.202603473625559,0.8430427637630687,46.26,True
ege,phi,uncoupled,rugged,flat,3,5.65470114672721,0.7714479443216073,50.64,True
ege,phi,uncoupled,rugged,flat,4,7.258134668277158,0.8126753737937813,50.13666666666666,True
ege,phi,uncoupled,rugged,flat,5,5.90229034445122,0.7550883799255772,8.886666666666667,True
ege,phi,uncoupled,rugged,flat,6,6.987234830529999,0.8225808156258818,31.49,True
ege,phi,uncoupled,rugged,flat,7,7.447947650390872,0.8409460052264731,47.41,True
ege,phi,uncoupled,rugged,flat,8,6.412340384810589,0.7649266133758976,30.55666666666667,True
ege,phi,uncoupled,rugged,flat,9,6.4890092520939335,0.7588883875837799,48.82,True
ege,phi,uncoupled,rugged,flat,10,6.833123890752932,0.9499303096368408,66.41333333333333,True
ege,phi,uncoupled,rugged,flat,11,7.875414363683179,0.7364477473953787,52.42333333333333,True
ege,phi,uncoupled,rugged,flat,12,5.7273185870455325,0.7409146096171415,53.61333333333334,True
ege,phi,uncoupled,rugged,flat,13,5.505247893757303,0.6863116201439243,79.09333333333333,True
ege,phi,uncoupled,rugged,flat,14,9.514779015874664,0.7603092446384202,36.623333333333335,True
ege,phi,uncoupled,rugged,flat,15,6.715617080119863,0.8277388298554129,44.56333333333333,True
ege,phi,uncoupled,rugged,flat,16,7.271025446193821,0.8240673422802997,37.31,True
ege,phi,uncoupled,rugged,flat,17,5.372236312183612,0.6488669087085999,77.75666666666666,True
ege,phi,uncoupled,rugged,flat,18,5.796566717707434,0.8189968064543868,74.29,True
ege,phi,uncoupled,rugged,flat,19,9.244966177899386,0.797514492510647,36.03666666666667,True
ege,phi,uncoupled,rugged,flat,20,6.986055188336777,0.8299802800809852,7.613333333333333,True
ege,phi,uncoupled,rugged,flat,21,6.521863387902642,0.7241506843790959,49.46,True
ege,phi,uncoupled,rugged,flat,22,5.7243168952253765,0.6808621085889233,46.75,True
ege,phi,uncoupled,rugged,flat,23,6.193426329663362,0.8306266194297618,81.33333333333333,True
ege,phi,uncoupled,rugged,flat,24,6.7473620827565846,0.7556873425611751,50.626666666666665,True
ege,phi,uncoupled,rugged,flat,25,7.184057819321274,0.8454511068316818,50.016666666666666,True
ege,phi,uncoupled,rugged,flat,26,7.1738208464714734,0.7791205654084201,6.016666666666667,True
ege,phi,uncoupled,rugged,flat,27,7.790339640410891,0.9065346591649664,50.92333333333333,True
ege,phi,uncoupled,rugged,flat,28,5.972548634379998,0.7559619432488716,62.24,True
ege,phi,uncoupled,rugged,flat,29,7.9133519218884,0.8967394794832855,46.13333333333333,True
ege,phi,uncoupled,rugged,flat,30,9.042778852863638,0.6873927805673163,46.32333333333333,True
ege,phi,uncoupled,rugged,rugged,1,7.670655459255233,0.8533417817737616,47.50666666666667,False
ege,phi,uncoupled,rugged,rugged,2,7.292853723586307,0.8615174785585848,47.84666666666666,False
ege,phi,uncoupled,rugged,rugged,3,6.425745201382385,0.9006451027361638,55.56333333333333,False
ege,phi,uncoupled,rugged,rugged,4,7.199207091181366,0.8483523510935358,54.623333333333335,False
ege,phi,uncoupled,rugged,rugged,5,5.960636787749246,0.7942144818611843,12.246666666666666,False
ege,phi,uncoupled,rugged,rugged,6,7.066862013539186,0.8254361223970266,30.83,False
ege,phi,uncoupled,rugged,rugged,7,7.468287783665103,0.8613236141805195,47.10333333333333,False
ege,phi,uncoupled,rugged,rugged,8,6.53465656636713,0.7704085367425358,29.526666666666667,False
ege,phi,uncoupled,rugged,rugged,9,7.199496085177306,0.8258095128232417,49.24666666666667,False
ege,phi,uncoupled,rugged,rugged,10,6.898690322620402,0.8990364330497014,66.88333333333334,False
ege,phi,uncoupled,rugged,rugged,11,7.799826835309742,0.7352940980737834,53.08,False
ege,phi,uncoupled,rugged,rugged,12,6.0160721333808205,0.7243242718872122,51.196666666666665,False
ege,phi,uncoupled,rugged,rugged,13,6.63749047785991,0.8433984664182139,78.53333333333333,False
ege,phi,uncoupled,rugged,rugged,14,9.583669487385327,0.74806622468813,34.14,False
ege,phi,uncoupled,rugged,rugged,15,6.883264422025269,0.8236756413041952,47.34666666666666,False
ege,phi,uncoupled,rugged,rugged,16,7.621482406646894,0.8534613465473619,37.61,False
ege,phi,uncoupled,rugged,rugged,17,6.536595619260935,0.7976248004279812,75.97333333333333,False
ege,phi,uncoupled,rugged,rugged,18,5.712559884955927,0.838017490135235,74.22333333333333,False
ege,phi,uncoupled,rugged,rugged,19,8.642558660454158,0.7182137018870177,34.77,False
ege,phi,uncoupled,rugged,rugged,20,6.8828983381661,0.8138336686316564,7.876666666666667,False
ege,phi,uncoupled,rugged,rugged,21,7.022732645858447,0.8005269590434251,53.946666666666665,False
ege,phi,uncoupled,rugged,rugged,22,5.7865655246049945,0.7094166046372065,47.69,False
ege,phi,uncoupled,rugged,rugged,23,6.329409178417507,0.8407046783661495,81.23666666666666,False
ege,phi,uncoupled,rugged,rugged,24,6.878491216298698,0.7739620841069537,51.193333333333335,False
ege,phi,uncoupled,rugged,rugged,25,7.259974404310297,0.8534210805366441,50.81,False
ege,phi,uncoupled,rugged,rugged,26,6.943749514852359,0.7957931018839322,7.0,False
ege,phi,uncoupled,rugged,rugged,27,7.671835641867101,0.9149331727586762,50.86666666666667,False
ege,phi,uncoupled,rugged,rugged,28,6.847992600986909,0.8577333721244372,62.13666666666666,False
ege,phi,uncoupled,rugged,rugged,29,7.530396413875109,0.8950856676224951,45.61666666666667,False
ege,phi,uncoupled,rugged,rugged,30,9.19675437464317,0.6807764372873215,42.93,False
gecko,base,blf,flat,flat,1,13.475427813316442,0.8819835460372556,3.35666666666666,False
gecko,base,blf,flat,flat,2,9.241807751307691,0.8704081442190494,13.33,False
gecko,base,blf,flat,flat,3,12.66216763636426,0.8996945996366701,8.69666666666666,False
gecko,base,blf,flat,flat,4,9.045097346913993,0.8684721440748472,11.66,False
gecko,base,blf,flat,flat,5,9.409485378118587,0.90854864035642,3.10666666666666,False
gecko,base,blf,flat,flat,6,12.322912546096456,0.9188764248884886,9.57666666666666,False
gecko,base,blf,flat,flat,7,9.04746571155929,0.8235751964058241,3.34333333333333,False
gecko,base,blf,flat,flat,8,12.654131746139978,0.8977634846141218,4.93666666666666,False
gecko,base,blf,flat,flat,9,13.473582314703686,0.9527992723948788,10.04,False
gecko,base,blf,flat,flat,10,8.132597792688816,0.952582665669574,4.3733333333333295,False
gecko,base,blf,flat,flat,11,6.856103954590218,0.8816777555009184,0.17666666666666,False
gecko,base,blf,flat,flat,12,13.062464309280228,0.8753137765936424,2.00666666666666,False
gecko,base,blf,flat,flat,13,9.541632998234627,0.9041021580646365,3.30666666666666,False
gecko,base,blf,flat,flat,14,13.548443731026232,0.8721431409114325,3.19666666666666,False
gecko,base,blf,flat,flat,15,12.801997831962783,0.9225667496629976,13.553333333333333,False
gecko,base,blf,flat,flat,16,12.41325479393904,0.9130733365730156,6.800000000000001,False
gecko,base,blf,flat,flat,17,13.285182809113977,0.906785602870068,9.38,False
gecko,base,blf,flat,flat,18,11.586626189131945,0.8715735774562923,3.90666666666666,False
gecko,base,blf,flat,flat,19,12.796075939283003,0.891979267441958,4.42,False
gecko,base,blf,flat,flat,20,6.580069876502268,0.8454685422019657,3.2300000000000004,False
gecko,base,blf,flat,flat,21,9.21988343474976,0.8526564667949127,5.16333333333333,False
gecko,base,blf,flat,flat,22,8.831511689235374,0.8521377862492396,12.033333333333331,False
gecko,base,blf,flat,flat,23,9.17172629259669,0.8611146757176759,12.76,False
gecko,base,blf,flat,flat,24,13.410976357443223,0.8997737761044743,11.813333333333327,False
gecko,base,blf,flat,flat,25,12.70378546934095,0.8750111854310219,9.64666666666666,False
gecko,base,blf,flat,flat,26,9.16382615493138,0.8872844901325426,11.16,False
gecko,base,blf,flat,flat,27,13.329257194496511,0.8785381153811344,6.60666666666666,False
gecko,base,blf,flat,flat,28,12.83570904345735,0.8418322487294703,11.70333333333333,False
gecko,base,blf,flat,flat,29,9.54163341693305,0.8753555404723559,12.42666666666666,False
gecko,base,blf,flat,flat,30,12.41588116926995,0.9145712166767916,2.14333333333333,False
gecko,base,blf,flat,rugged,1,8.502039767446513,0.6891666807073245,12.46,True
gecko,base,blf,flat,rugged,2,8.018400775240353,0.8172884480281387,18.366666666666667,True
gecko,base,blf,flat,rugged,3,2.6936618768254643,0.2563923188673019,20.46,True
gecko,base,blf,flat,rugged,4,5.822108226399989,0.7243034668431879,28.60333333333333,True
gecko,base,blf,flat,rugged,5,7.851785995245629,0.8385207368518063,6.15,True
gecko,base,blf,flat,rugged,6,4.167721706038383,0.346336387426996,8.296666666666667,True
gecko,base,blf,flat,rugged,7,7.737887063913917,0.7831884250307909,6.64,True
gecko,base,blf,flat,rugged,8,0.9131071062299848,0.0823215195396964,12.773333333333332,True
gecko,base,blf,flat,rugged,9,0.8096474605585577,0.0694527377680824,19.486666666666668,True
gecko,base,blf,flat,rugged,10,7.215177969053206,0.8927838652630044,6.43,True
gecko,base,blf,flat,rugged,11,4.037630635478813,0.5645715202849008,4.883333333333334,True
gecko,base,blf,flat,rugged,12,1.1610703760632808,0.1422066029710633,41.556666666666665,True
gecko,base,blf,flat,rugged,13,7.339957496629771,0.791218146815224,4.903333333333333,True
gecko,base,blf,flat,rugged,14,1.004657539088181,0.1194348994349923,40.42666666666667,True
gecko,base,blf,flat,rugged,15,1.446919088911404,0.1447967348327336,26.563333333333333,True
gecko,base,blf,flat,rugged,16,1.4507518257434104,0.1232239604109437,13.12,True
gecko,base,blf,flat,rugged,17,3.594828557632447,0.290639744228516,18.226666666666667,True
gecko,base,blf,flat,rugged,18,0.7208802330890047,0.0897011619799599,43.87,True
gecko,base,blf,flat,rugged,19,3.2423990535327443,0.275129986578738,8.686666666666667,True
gecko,base,blf,flat,rugged,20,4.847271870726012,0.6706072364990675,2.9,True
gecko,base,blf,flat,rugged,21,7.40489066409466,0.7590185379472383,7.416666666666667,True
gecko,base,blf,flat,rugged,22,6.505007824334874,0.6675036490972217,12.226666666666668,True
gecko,base,blf,flat,rugged,23,7.829396739446113,0.8128163142381579,17.44333333333333,True
gecko,base,blf,flat,rugged,24,6.1128107783199805,0.5464347807831623,24.55,True
gecko,base,blf,flat,rugged,25,1.564813907555502,0.225126222818078,62.00333333333333,True
gecko,base,blf,flat,rugged,26,7.134663649495652,0.6940337268512334,14.59,True
gecko,base,blf,flat,rugged,27,6.147640858075504,0.6526254765378066,33.68,True
gecko,base,blf,flat,rugged,28,2.6751708801166623,0.2728836617307094,39.46333333333333,True
gecko,base,blf,flat,rugged,29,7.4518376959138815,0.743161094801027,14.196666666666667,True
gecko,base,blf,flat,rugged,30,2.742044432811625,0.3453086523394203,44.516666666666666,True
gecko,base,blf,rugged,flat,1,8.364548324047703,0.8188007852827336,13.18,True
gecko,base,blf,rugged,flat,2,8.249415195265508,0.926355714497162,6.9366666666666665,True
gecko,base,blf,rugged,flat,3,10.867182962710991,0.8960606304185431,19.64666666666667,True
gecko,base,blf,rugged,flat,4,10.791536999128756,0.9137974415550812,17.286666666666665,True
gecko,base,blf,rugged,flat,5,10.755699693388506,0.901721250729898,9.1,True
gecko,base,blf,rugged,flat,6,8.36278512739587,0.9214733079543632,11.156666666666666,True
gecko,base,blf,rugged,flat,7,7.129078071169666,0.8627181157249634,35.68666666666667,True
gecko,base,blf,rugged,flat,8,6.883724963455745,0.8463663663675214,38.56666666666667,True
gecko,base,blf,rugged,flat,9,5.8528156382631815,0.8583109095909748,4.196666666666666,True
gecko,base,blf,rugged,flat,10,5.714372791679958,0.8163090950157088,4.983333333333333,True
gecko,base,blf,rugged,flat,11,5.939526420157774,0.8086974015064541,7.486666666666666,True
gecko,base,blf,rugged,flat,12,6.23141013356896,0.9072603755577844,22.98,True
gecko,base,blf,rugged,flat,13,6.071338783681008,0.9129195147821172,16.516666666666666,True
gecko,base,blf,rugged,flat,14,9.710898946459858,0.7710962594555969,13.113333333333332,True
gecko,base,blf,rugged,flat,15,5.5700792616110535,0.8085910801760219,8.29,True
gecko,base,blf,rugged,flat,16,11.093874873969932,0.8281187365267689,14.266666666666667,True
gecko,base,blf,rugged,flat,17,8.423889810057426,0.8427268784335715,13.5,True
gecko,base,blf,rugged,flat,18,8.365832180188809,0.8823972399818535,8.29,True
gecko,base,blf,rugged,flat,19,8.527107459701918,0.8990058261063149,8.363333333333333,True
gecko,base,blf,rugged,flat,20,8.729621136014657,0.8610544353961346,14.456666666666669,True
gecko,base,blf,rugged,flat,21,10.571003310909203,0.8805283856419166,7.783333333333333,True
gecko,base,blf,rugged,flat,22,8.247307649828647,0.8425113170415514,4.77,True
gecko,base,blf,rugged,flat,23,10.855437389564054,0.910087959128674,7.173333333333333,True
gecko,base,blf,rugged,flat,24,4.003404210338185,0.8116358632108848,74.01666666666667,True
gecko,base,blf,rugged,flat,25,8.859642398928338,0.8245801589565601,21.206666666666667,True
gecko,base,blf,rugged,flat,26,9.993696685624284,0.809484268781769,25.476666666666667,True
gecko,base,blf,rugged,flat,27,8.426018296855764,0.6750056927168342,12.633333333333333,True
gecko,base,blf,rugged,flat,28,5.575889862191049,0.8426514888416072,26.85333333333333,True
gecko,base,blf,rugged,flat,29,10.17468614212509,0.832755513035876,31.65,True
gecko,base,blf,rugged,flat,30,8.777989823081207,0.8408856665366697,10.156666666666666,True
gecko,base,blf,rugged,rugged,1,8.564374408234452,0.8612284938927535,17.29,False
gecko,base,blf,rugged,rugged,2,7.868537543756553,0.9024310810417354,7.426666666666667,False
gecko,base,blf,rugged,rugged,3,10.750097801878024,0.8862608522422407,17.516666666666666,False
gecko,base,blf,rugged,rugged,4,10.986325097873031,0.8875993655714975,18.813333333333333,False
gecko,base,blf,rugged,rugged,5,10.944604599741387,0.8951501725205758,12.226666666666668,False
gecko,base,blf,rugged,rugged,6,8.322237211491402,0.8946799306739267,11.12,False
gecko,base,blf,rugged,rugged,7,7.011022552169754,0.8651954223301557,36.35,False
gecko,base,blf,rugged,rugged,8,6.871073757048284,0.8642811318808645,38.7,False
gecko,base,blf,rugged,rugged,9,6.205663532006835,0.8866530143197986,6.62,False
gecko,base,blf,rugged,rugged,10,5.733319880458656,0.8313414962891614,8.093333333333334,False
gecko,base,blf,rugged,rugged,11,5.9796150219615765,0.8139156953727129,6.53,False
gecko,base,blf,rugged,rugged,12,6.177397999322107,0.9106774019260986,21.80333333333333,False
gecko,base,blf,rugged,rugged,13,6.103908890478344,0.9102492247745566,16.97,False
gecko,base,blf,rugged,rugged,14,10.83110388407322,0.8382084517403048,15.543333333333331,False
gecko,base,blf,rugged,rugged,15,5.84765422294016,0.8463107304924886,10.543333333333331,False
gecko,base,blf,rugged,rugged,16,11.07255991349018,0.8330252550108189,17.613333333333333,False
gecko,base,blf,rugged,rugged,17,8.27286930696247,0.8298645275397454,12.263333333333334,False
gecko,base,blf,rugged,rugged,18,8.283761288444259,0.8887796276980576,8.756666666666666,False
gecko,base,blf,rugged,rugged,19,8.355633302237269,0.8768734384491947,10.113333333333332,False
gecko,base,blf,rugged,rugged,20,8.548538134307524,0.8455533816495661,13.906666666666666,False
gecko,base,blf,rugged,rugged,21,10.750904698606044,0.87682952299489,7.716666666666667,False
gecko,base,blf,rugged,rugged,22,8.326594827663635,0.8530104297060586,6.87,False
gecko,base,blf,rugged,rugged,23,11.20240464747456,0.8956455152381194,11.09,False
gecko,base,blf,rugged,rugged,24,5.535522770448316,0.8687056583656778,10.073333333333334,False
gecko,base,blf,rugged,rugged,25,9.177039998293145,0.8425977255741847,21.80333333333333,False
gecko,base,blf,rugged,rugged,26,10.56702348938674,0.8700568997971182,24.703333333333333,False
gecko,base,blf,rugged,rugged,27,10.279061001511389,0.8456226006799846,16.466666666666665,False
gecko,base,blf,rugged,rugged,28,5.970862215788864,0.8914580879399282,26.82333333333333,False
gecko,base,blf,rugged,rugged,29,11.083405257867383,0.8652969559495424,25.46333333333333,False
gecko,base,blf,rugged,rugged,30,8.776526253031122,0.815312490387161,9.813333333333333,False
gecko,phi,uncoupled,flat,flat,1,12.56081718984501,0.8928963525580751,7.28,False
gecko,phi,uncoupled,flat,flat,2,12.402503026343217,0.9235370302506934,20.82333333333333,False
gecko,phi,uncoupled,flat,flat,3,9.11969532279737,0.8637170489840551,8.203333333333331,False
gecko,phi,uncoupled,flat,flat,4,13.592825103211611,0.850858846110231,4.26666666666666,False
gecko,phi,uncoupled,flat,flat,5,13.877185412273615,0.9266284332407084,12.23666666666666,False
gecko,phi,uncoupled,flat,flat,6,13.773110775392064,0.9061558145710636,21.17,False
gecko,phi,uncoupled,flat,flat,7,13.450654371056393,0.8781367331406053,6.563333333333329,False
gecko,phi,uncoupled,flat,flat,8,13.078854122169426,0.9140945301121206,4.09,False
gecko,phi,uncoupled,flat,flat,9,13.661692552656262,0.8775934577312552,4.41333333333333,False
gecko,phi,uncoupled,flat,flat,10,13.639028574271348,0.8628509272500905,4.42333333333333,False
gecko,phi,uncoupled,flat,flat,11,15.692491563569275,0.9370493114013764,21.09333333333333,False
gecko,phi,uncoupled,flat,flat,12,13.130379923349116,0.893617224225706,4.28666666666666,False
gecko,phi,uncoupled,flat,flat,13,13.572131587596482,0.8768947536152549,7.826666666666659,False
gecko,phi,uncoupled,flat,flat,14,8.039968604002837,0.9160012924884944,5.51333333333333,False
gecko,phi,uncoupled,flat,flat,15,8.869088669609113,0.82890584550571,8.23333333333333,False
gecko,phi,uncoupled,flat,flat,16,13.12281623794354,0.8603113145405702,2.55,False
gecko,phi,uncoupled,flat,flat,17,13.61176941989599,0.8953114680838039,8.42333333333333,False
gecko,phi,uncoupled,flat,flat,18,13.66761831415942,0.901177453455578,5.90333333333333,False
gecko,phi,uncoupled,flat,flat,19,13.352975506876174,0.8880624566471715,2.89666666666666,False
gecko,phi,uncoupled,flat,flat,20,6.768040205446964,0.8810856877252725,5.92,False
gecko,phi,uncoupled,flat,flat,21,13.231713927347435,0.8831876853923918,6.26666666666666,False
gecko,phi,uncoupled,flat,flat,22,13.232117426194058,0.9033248759609254,20.59,False
gecko,phi,uncoupled,flat,flat,23,13.449820598465452,0.9206536811930168,17.23,False
gecko,phi,uncoupled,flat,flat,24,8.934552887876675,0.8912082112713183,33.35,False
gecko,phi,uncoupled,flat,flat,25,12.581078516631212,0.901100660164937,13.35,False
gecko,phi,uncoupled,flat,flat,26,13.93084384241724,0.8723547705209128,10.87,False
gecko,phi,uncoupled,flat,flat,27,13.383509639718028,0.9051092753691156,24.14333333333333,False
gecko,phi,uncoupled,flat,flat,28,7.629647992295858,0.9287410298901188,15.840000000000002,False
gecko,phi,uncoupled,flat,flat,29,13.789377149515984,0.8627676321766232,2.35666666666666,False
gecko,phi,uncoupled,flat,flat,30,13.428150369449616,0.9347886426902664,6.3,False
gecko,phi,uncoupled,flat,rugged,1,1.823080035009523,0.1562613943080552,12.66,True
gecko,phi,uncoupled,flat,rugged,2,3.981915148137653,0.3647550223105483,27.49333333333333,True
gecko,phi,uncoupled,flat,rugged,3,7.718104899949173,0.775725960035574,6.726666666666667,True
gecko,phi,uncoupled,flat,rugged,4,2.4074632067724786,0.3471610918822018,52.59666666666666,True
gecko,phi,uncoupled,flat,rugged,5,7.049449900152184,0.6680312502397759,25.79,True
gecko,phi,uncoupled,flat,rugged,6,2.1348029502730728,0.2688489192719265,43.44,True
gecko,phi,uncoupled,flat,rugged,7,4.42752519805813,0.4034280235638077,25.17,True
gecko,phi,uncoupled,flat,rugged,8,8.076116095462043,0.7305855632148662,16.553333333333335,True
gecko,phi,uncoupled,flat,rugged,9,4.863913073191399,0.5664869319073425,42.38666666666666,True
gecko,phi,uncoupled,flat,rugged,10,3.3339851749772755,0.2690026616336212,8.363333333333333,True
gecko,phi,uncoupled,flat,rugged,11,4.280033051328865,0.3110281708662746,25.93,True
gecko,phi,uncoupled,flat,rugged,12,3.3672978125338093,0.2829565933854486,11.93,True
gecko,phi,uncoupled,flat,rugged,13,7.135962334270966,0.5790956942867548,21.293333333333333,True
gecko,phi,uncoupled,flat,rugged,14,6.625186154595033,0.8049317585378828,7.596666666666667,True
gecko,phi,uncoupled,flat,rugged,15,2.508038651555132,0.2555291330476369,19.866666666666667,True
gecko,phi,uncoupled,flat,rugged,16,6.652187068049247,0.5911632015604958,20.92333333333333,True
gecko,phi,uncoupled,flat,rugged,17,0.246524188648239,0.0203963470597092,16.913333333333334,True
gecko,phi,uncoupled,flat,rugged,18,3.0835907099077327,0.3144050970537334,28.3,True
gecko,phi,uncoupled,flat,rugged,19,2.326852787989867,0.1931308645246331,15.23,True
gecko,phi,uncoupled,flat,rugged,20,5.534001754015281,0.7853743948891072,10.333333333333334,True
gecko,phi,uncoupled,flat,rugged,21,3.766403237539233,0.3299954971635002,19.093333333333334,True
gecko,phi,uncoupled,flat,rugged,22,2.702211270271801,0.2253455718221564,19.62,True
gecko,phi,uncoupled,flat,rugged,23,4.726790504051985,0.4554990205116656,30.276666666666667,True
gecko,phi,uncoupled,flat,rugged,24,5.109569188335588,0.5804661640057488,34.68666666666667,True
gecko,phi,uncoupled,flat,rugged,25,3.922936925235299,0.3219979463383487,19.71333333333333,True
gecko,phi,uncoupled,flat,rugged,26,0.8349502277269335,0.0951221045087174,40.25,True
gecko,phi,uncoupled,flat,rugged,27,9.32614799064578,0.7291674281879945,21.47,True
gecko,phi,uncoupled,flat,rugged,28,4.445668814308818,0.6620536827267709,43.303333333333335,True
gecko,phi,uncoupled,flat,rugged,29,1.4197597931959252,0.1889944944653066,44.696666666666665,True
gecko,phi,uncoupled,flat,rugged,30,6.821794002859636,0.6238300059813626,12.136666666666668,True
gecko,phi,uncoupled,rugged,flat,1,11.334772532608072,0.8488182679104238,25.35,True
gecko,phi,uncoupled,rugged,flat,2,7.14142925694547,0.9010972114696616,26.133333333333333,True
gecko,phi,uncoupled,rugged,flat,3,3.2880731774858782,0.2609071318419776,13.16,True
gecko,phi,uncoupled,rugged,flat,4,10.576651837519968,0.8728725050185456,7.346666666666667,True
gecko,phi,uncoupled,rugged,flat,5,7.655943867820119,0.8622005532003695,5.1033333333333335,True
gecko,phi,uncoupled,rugged,flat,6,9.29751860019403,0.8417480573514847,8.526666666666667,True
gecko,phi,uncoupled,rugged,flat,7,4.1423686881061546,0.7398875245386801,66.20666666666666,True
gecko,phi,uncoupled,rugged,flat,8,6.384858138779547,0.9218285759516512,23.25,True
gecko,phi,uncoupled,rugged,flat,9,6.270919749153285,0.8337071589678088,2.01,True
gecko,phi,uncoupled,rugged,flat,10,8.237259925881945,0.853220205567645,8.503333333333334,True
gecko,phi,uncoupled,rugged,flat,11,8.476247586691617,0.8702300369740958,6.166666666666667,True
gecko,phi,uncoupled,rugged,flat,12,9.983836056207783,0.8421108353239255,9.186666666666667,True
gecko,phi,uncoupled,rugged,flat,13,9.283306640470542,0.849105307789642,6.796666666666667,True
gecko,phi,uncoupled,rugged,flat,14,7.582397819232043,0.847067163465413,9.213333333333331,True
gecko,phi,uncoupled,rugged,flat,15,8.551659023347396,0.8652475431516015,7.183333333333334,True
gecko,phi,uncoupled,rugged,flat,16,11.341908860725717,0.886758130734496,11.683333333333334,True
gecko,phi,uncoupled,rugged,flat,17,10.76046549953477,0.9026710134593696,17.003333333333334,True
gecko,phi,uncoupled,rugged,flat,18,8.041805211805997,0.8328836717526747,9.893333333333333,True
gecko,phi,uncoupled,rugged,flat,19,8.218328295910366,0.835748992219614,8.87,True
gecko,phi,uncoupled,rugged,flat,20,8.630673753793037,0.8683357450089969,6.3133333333333335,True
gecko,phi,uncoupled,rugged,flat,21,8.708307317876653,0.8865408338199811,11.113333333333332,True
gecko,phi,uncoupled,rugged,flat,22,7.620012193974184,0.6780693196675766,7.213333333333333,True
gecko,phi,uncoupled,rugged,flat,23,8.220434100358563,0.9119321244687634,11.713333333333331,True
gecko,phi,uncoupled,rugged,flat,24,8.723981511448827,0.853664686337467,7.746666666666667,True
gecko,phi,uncoupled,rugged,flat,25,10.351817260885095,0.8458331943292804,8.773333333333333,True
gecko,phi,uncoupled,rugged,flat,26,11.018261824290494,0.8827072733147338,9.886666666666668,True
gecko,phi,uncoupled,rugged,flat,27,10.460452768090429,0.8452362618300113,16.836666666666666,True
gecko,phi,uncoupled,rugged,flat,28,11.584025044995885,0.912731741081363,19.363333333333333,True
gecko,phi,uncoupled,rugged,flat,29,11.142642936485975,0.8507114625862738,12.193333333333332,True
gecko,phi,uncoupled,rugged,flat,30,9.29388749575683,0.7651280698494516,26.506666666666668,True
gecko,phi,uncoupled,rugged,rugged,1,11.19466928807448,0.8814357569633041,23.48333333333333,False
gecko,phi,uncoupled,rugged,rugged,2,6.9449158441448615,0.9125301394832,35.276666666666664,False
gecko,phi,uncoupled,rugged,rugged,3,11.32010003191256,0.8858741544983156,12.266666666666667,False
gecko,phi,uncoupled,rugged,rugged,4,11.508679469773073,0.9086963262760184,11.12,False
gecko,phi,uncoupled,rugged,rugged,5,7.881073028792024,0.8966750907845643,7.013333333333334,False
gecko,phi,uncoupled,rugged,rugged,6,8.932187097512006,0.8448955840857602,5.723333333333334,False
gecko,phi,uncoupled,rugged,rugged,7,4.085457607919077,0.6895015262638621,69.51,False
gecko,phi,uncoupled,rugged,rugged,8,6.214245493887962,0.9234941881199972,20.77,False
gecko,phi,uncoupled,rugged,rugged,9,6.329799560064729,0.8816055069950364,4.653333333333333,False
gecko,phi,uncoupled,rugged,rugged,10,8.399774499877136,0.8720534731538195,7.993333333333333,False
gecko,phi,uncoupled,rugged,rugged,11,8.663939842434687,0.9037757334640792,8.17,False
gecko,phi,uncoupled,rugged,rugged,12,11.414498350212549,0.9013375812805796,10.473333333333333,False
gecko,phi,uncoupled,rugged,rugged,13,8.914822953366132,0.8343992723703625,8.783333333333333,False
gecko,phi,uncoupled,rugged,rugged,14,8.047420368474901,0.8723507846658021,9.11,False
gecko,phi,uncoupled,rugged,rugged,15,8.533372862088472,0.8568171795520965,6.783333333333333,False
gecko,phi,uncoupled,rugged,rugged,16,11.680506798426608,0.8895344531227856,14.633333333333333,False
gecko,phi,uncoupled,rugged,rugged,17,11.381124579310317,0.9010050946563588,20.80666666666667,False
gecko,phi,uncoupled,rugged,rugged,18,8.799018292000337,0.8875235484706092,8.456666666666667,False
gecko,phi,uncoupled,rugged,rugged,19,8.502867385061682,0.8829320805754315,12.503333333333334,False
gecko,phi,uncoupled,rugged,rugged,20,8.607078340410574,0.8777007503165255,7.503333333333333,False
gecko,phi,uncoupled,rugged,rugged,21,8.546409184824954,0.888771518828518,11.826666666666666,False
gecko,phi,uncoupled,rugged,rugged,22,8.65485592632805,0.7865142413269258,8.223333333333333,False
gecko,phi,uncoupled,rugged,rugged,23,8.089517702902901,0.9101454019838476,9.43,False
gecko,phi,uncoupled,rugged,rugged,24,8.576030324708963,0.8368378085775411,9.846666666666666,False
gecko,phi,uncoupled,rugged,rugged,25,10.890852528893303,0.9176801838765892,13.266666666666667,False
gecko,phi,uncoupled,rugged,rugged,26,11.316152970298225,0.8737570523881428,14.11,False
gecko,phi,uncoupled,rugged,rugged,27,10.993204214715856,0.874527236656077,18.28,False
gecko,phi,uncoupled,rugged,rugged,28,12.49652595381284,0.889248144541932,23.45,False
gecko,phi,uncoupled,rugged,rugged,29,11.680499677849586,0.8821453800589842,13.733333333333333,False
gecko,phi,uncoupled,rugged,rugged,30,10.024560332652092,0.8507563221992234,28.496666666666663,False
insect,base,blf,flat,flat,1,8.161773026708302,0.9147259354008044,64.39,False
insect,base,blf,flat,flat,2,8.235168102426226,0.9151835590206218,61.95666666666667,False
insect,base,blf,flat,flat,3,8.537038213720399,0.8695593183550917,69.17,False
insect,base,blf,flat,flat,4,7.265067188774616,0.81605958044151,97.03666666666668,False
insect,base,blf,flat,flat,5,7.213635238212295,0.8357901741426375,71.30333333333333,False
insect,base,blf,flat,flat,6,6.259313443275462,0.8017336540607569,89.19666666666667,False
insect,base,blf,flat,flat,7,6.760285273007861,0.8645710123697744,75.53,False
insect,base,blf,flat,flat,8,8.368445050025864,0.8646848511509325,77.37,False
insect,base,blf,flat,flat,9,7.100654924278661,0.8365242837318129,79.69333333333334,False
insect,base,blf,flat,flat,10,8.325320016272393,0.8761395717914685,67.33,False
insect,base,blf,flat,flat,11,8.328153969133721,0.8959504439925393,68.82666666666667,False
insect,base,blf,flat,flat,12,8.072433249873354,0.8851859641757547,70.76666666666667,False
insect,base,blf,flat,flat,13,8.222820307906874,0.8857592841716948,73.33,False
insect,base,blf,flat,flat,14,6.6236405717960265,0.8417630648985117,92.96333333333332,False
insect,base,blf,flat,flat,15,6.493668059363436,0.8280209259406699,94.56333333333332,False
insect,base,blf,flat,flat,16,6.780239045706604,0.8434837166552498,93.55333333333331,False
insect,base,blf,flat,flat,17,8.077754421562677,0.9182055971725906,73.54333333333334,False
insect,base,blf,flat,flat,18,7.1029920212906,0.8371113260160881,92.44666666666669,False
insect,base,blf,flat,flat,19,6.914173142170411,0.828140173953177,67.95,False
insect,base,blf,flat,flat,20,6.799485566243296,0.8116132951229921,93.15666666666668,False
insect,base,blf,flat,flat,21,6.526050453215874,0.821186295421112,95.37666666666668,False
insect,base,blf,flat,flat,22,7.733846325911721,0.8556457560623245,64.73,False
insect,base,blf,flat,flat,23,8.035597894075392,0.8582496443633574,74.28666666666666,False
insect,base,blf,flat,flat,24,7.196420576516821,0.8330544767322998,71.46333333333334,False
insect,base,blf,flat,flat,25,8.13301683953221,0.9106314079471391,76.15333333333332,False
insect,base,blf,flat,flat,26,6.46967430149421,0.8401867905252368,97.49333333333333,False
insect,base,blf,flat,flat,27,6.659546782333198,0.8196867955656308,89.79333333333334,False
insect,base,blf,flat,flat,28,7.659652088814466,0.925247922910814,96.22333333333334,False
insect,base,blf,flat,flat,29,7.309221990508657,0.9034968941677064,95.92,False
insect,base,blf,flat,flat,30,7.685281121665048,0.8986147601851415,95.86,False
insect,base,blf,flat,rugged,1,6.941096187173034,0.8318311829281674,69.20333333333333,True
insect,base,blf,flat,rugged,2,7.2146530528022845,0.8417033329355174,65.74333333333334,True
insect,base,blf,flat,rugged,3,7.088027261194355,0.7849112732274488,74.07333333333334,True
insect,base,blf,flat,rugged,4,6.224519048986843,0.7470890803338603,93.77666666666669,True
insect,base,blf,flat,rugged,5,6.378193133475725,0.7936477554219394,74.59333333333333,True
insect,base,blf,flat,rugged,6,5.499487249430115,0.7885881536971266,90.20666666666666,True
insect,base,blf,flat,rugged,7,5.853177442441793,0.7933917886131612,75.46,True
insect,base,blf,flat,rugged,8,6.199671201053128,0.6774644738604503,77.43,True
insect,base,blf,flat,rugged,9,6.208667452334546,0.8097116620156674,79.59666666666666,True
insect,base,blf,flat,rugged,10,3.1885300548722117,0.4042644095491549,77.55666666666667,True
insect,base,blf,flat,rugged,11,6.361010730701389,0.7526100981413681,77.22666666666667,True
insect,base,blf,flat,rugged,12,5.3645224626205525,0.6685077265616332,80.75666666666666,True
insect,base,blf,flat,rugged,13,7.138375298633117,0.8116109168831803,73.78,True
insect,base,blf,flat,rugged,14,5.956086295068058,0.8046770465051181,92.27,True
insect,base,blf,flat,rugged,15,5.739618979185058,0.7898847146689605,92.55,True
insect,base,blf,flat,rugged,16,5.514280919577462,0.7903022645341626,91.63666666666668,True
insect,base,blf,flat,rugged,17,6.496447329578672,0.7539279090105422,75.91666666666667,True
insect,base,blf,flat,rugged,18,5.008465888569964,0.7054044814095263,88.91333333333333,True
insect,base,blf,flat,rugged,19,5.7907456984928345,0.7853514443097991,76.74,True
insect,base,blf,flat,rugged,20,5.836600593807725,0.7638440682872036,90.13666666666668,True
insect,base,blf,flat,rugged,21,4.780244220781719,0.6726776940074055,94.34333333333332,True
insect,base,blf,flat,rugged,22,5.837294579417222,0.6485095275062798,69.71333333333334,True
insect,base,blf,flat,rugged,23,6.419840910300649,0.7168518320297977,76.43666666666667,True
insect,base,blf,flat,rugged,24,6.177776724456857,0.7846153441100732,71.23666666666666,True
insect,base,blf,flat,rugged,25,7.291068691532103,0.835247721520065,76.79,True
insect,base,blf,flat,rugged,26,5.621755630409009,0.7946128989121667,95.82333333333334,True
insect,base,blf,flat,rugged,27,5.125626217963882,0.6988953065094907,88.21,True
insect,base,blf,flat,rugged,28,4.846493157922524,0.6327284664524118,93.47,True
insect,base,blf,flat,rugged,29,5.97984484462706,0.8009682330381451,93.85333333333334,True
insect,base,blf,flat,rugged,30,1.2532085260584267,0.1680889172053118,85.16333333333333,True
insect,base,blf,rugged,flat,1,6.85418362106183,0.8287208541194336,62.79,True
insect,base,blf,rugged,flat,2,7.807628396299711,0.8784421933947894,59.15,True
insect,base,blf,rugged,flat,3,7.670030383303689,0.8583907620792534,60.36333333333334,True
insect,base,blf,rugged,flat,4,7.629918123945816,0.8811536618118662,71.20333333333333,True
insect,base,blf,rugged,flat,5,5.803325504262816,0.7313182766277718,73.89,True
insect,base,blf,rugged,flat,6,6.576592368673002,0.809950628042732,72.12666666666667,True
insect,base,blf,rugged,flat,7,6.099585004311006,0.8007073123295768,94.25,True
insect,base,blf,rugged,flat,8,6.476108818414875,0.822400829841112,81.17333333333333,True
insect,base,blf,rugged,flat,9,6.753399716491844,0.8392684330521367,77.05,True
insect,base,blf,rugged,flat,10,6.444616258253623,0.8224181042797218,75.32,True
insect,base,blf,rugged,flat,11,5.433294002216187,0.8196406665957998,96.27333333333333,True
insect,base,blf,rugged,flat,12,6.521490668060433,0.8050612458734739,77.49,True
insect,base,blf,rugged,flat,13,6.107562695186312,0.8412831004531918,95.83,True
insect,base,blf,rugged,flat,14,7.003190123460265,0.8467315521167528,75.86333333333333,True
insect,base,blf,rugged,flat,15,6.069715882742782,0.817838501073193,92.60666666666668,True
insect,base,blf,rugged,flat,16,7.234508133669001,0.8103089184593907,74.95,True
insect,base,blf,rugged,flat,17,7.244286712188038,0.8396692030072342,66.49666666666667,True
insect,base,blf,rugged,flat,18,7.8396657610343645,0.8761927593665545,68.96666666666667,True
insect,base,blf,rugged,flat,19,6.731202322007474,0.8406471683810407,73.12666666666667,True
insect,base,blf,rugged,flat,20,6.998339988170208,0.7949299826007121,58.89,True
insect,base,blf,rugged,flat,21,6.94597469882199,0.8185048900969164,76.58666666666667,True
insect,base,blf,rugged,flat,22,7.271786340078186,0.8236921760559561,64.07,True
insect,base,blf,rugged,flat,23,6.343669108030133,0.8314838253110758,83.18,True
insect,base,blf,rugged,flat,24,6.922354552255936,0.8157935371594534,77.64666666666666,True
insect,base,blf,rugged,flat,25,5.448088345050535,0.8005325510763749,95.05333333333331,True
insect,base,blf,rugged,flat,26,5.4270281724716725,0.6948149273853446,76.52333333333333,True
insect,base,blf,rugged,flat,27,5.818679628711116,0.7796145175905191,88.68666666666667,True
insect,base,blf,rugged,flat,28,5.854404339842272,0.7543159551090975,94.84,True
insect,base,blf,rugged,flat,29,6.858176013891527,0.8196733881972913,90.82666666666668,True
insect,base,blf,rugged,flat,30,6.092151813081893,0.7725245070641268,93.47333333333331,True
insect,base,blf,rugged,rugged,1,6.593815555888318,0.8331136044153673,66.63666666666667,False
insect,base,blf,rugged,rugged,2,7.653222135880973,0.8720490828952895,63.11666666666667,False
insect,base,blf,rugged,rugged,3,7.805722049538667,0.8803241740562636,64.52,False
insect,base,blf,rugged,rugged,4,7.599899739413702,0.8783827850370315,70.34333333333333,False
insect,base,blf,rugged,rugged,5,6.680988878604654,0.8302729343634225,75.8,False
insect,base,blf,rugged,rugged,6,6.536328169979496,0.8101720015197313,75.46333333333334,False
insect,base,blf,rugged,rugged,7,6.025757478739415,0.79726053035559,94.87666666666668,False
insect,base,blf,rugged,rugged,8,6.413028878357289,0.8078637943418349,80.19666666666667,False
insect,base,blf,rugged,rugged,9,6.684527925067903,0.8502907028067809,77.20333333333333,False
insect,base,blf,rugged,rugged,10,6.543893789091369,0.8323948128541506,76.28666666666666,False
insect,base,blf,rugged,rugged,11,5.7815075881100295,0.814964788727526,95.12333333333332,False
insect,base,blf,rugged,rugged,12,6.609308759107615,0.8259597378363925,78.32333333333334,False
insect,base,blf,rugged,rugged,13,6.104022526337605,0.8234513476472678,92.53,False
insect,base,blf,rugged,rugged,14,7.466877153587887,0.8614213736834154,75.52,False
insect,base,blf,rugged,rugged,15,6.114960311438548,0.8142122694781976,92.33666666666667,False
insect,base,blf,rugged,rugged,16,7.450920699479995,0.8094630353046736,73.98333333333333,False
insect,base,blf,rugged,rugged,17,7.4766986851068,0.8615489292128562,67.38,False
insect,base,blf,rugged,rugged,18,7.727900850317121,0.8577026698335727,68.92666666666666,False
insect,base,blf,rugged,rugged,19,6.673938308776925,0.8512422164250868,73.43333333333334,False
insect,base,blf,rugged,rugged,20,7.574033754707108,0.8654529313459203,63.11,False
insect,base,blf,rugged,rugged,21,6.717135359144446,0.8035437173504517,77.46,False
insect,base,blf,rugged,rugged,22,7.533565273648034,0.8389421758411172,65.49,False
insect,base,blf,rugged,rugged,23,6.296422054227836,0.8248385627061643,83.96333333333334,False
insect,base,blf,rugged,rugged,24,7.568018237378833,0.8707020800131187,76.52,False
insect,base,blf,rugged,rugged,25,5.725038246249475,0.8271155149704975,93.65666666666668,False
insect,base,blf,rugged,rugged,26,6.519115675446423,0.8456797705061603,78.35333333333334,False
insect,base,blf,rugged,rugged,27,5.986646887438164,0.798781330283942,88.19666666666667,False
insect,base,blf,rugged,rugged,28,5.930461761049388,0.7872815567119233,94.04,False
insect,base,blf,rugged,rugged,29,6.941135766481413,0.8098371911819889,88.86666666666666,False
insect,base,blf,rugged,rugged,30,6.126323168811497,0.7681433505733289,93.09333333333332,False
insect,phi,uncoupled,flat,flat,1,8.425429226903441,0.9136667773973456,66.72333333333333,False
insect,phi,uncoupled,flat,flat,2,8.297007712633787,0.8506681723990326,71.14666666666668,False
insect,phi,uncoupled,flat,flat,3,8.764213048250681,0.8067447239881681,86.69666666666667,False
insect,phi,uncoupled,flat,flat,4,7.45443715249995,0.8544047292975525,76.55666666666666,False
insect,phi,uncoupled,flat,flat,5,6.828835885665843,0.8466897760719584,94.49333333333333,False
insect,phi,uncoupled,flat,flat,6,8.82358661713975,0.911512512900656,57.263333333333335,False
insect,phi,uncoupled,flat,flat,7,8.096045587043212,0.8524955207710185,64.04333333333334,False
insect,phi,uncoupled,flat,flat,8,8.027855548924258,0.8430176278100857,95.11666666666667,False
insect,phi,uncoupled,flat,flat,9,7.165467694740801,0.8505066322297905,79.32666666666667,False
insect,phi,uncoupled,flat,flat,10,7.399226909353676,0.8117657090676562,66.61666666666667,False
insect,phi,uncoupled,flat,flat,11,6.682519873563815,0.8713239356705692,93.15333333333332,False
insect,phi,uncoupled,flat,flat,12,9.029319415511686,0.8754245091245559,84.98666666666666,False
insect,phi,uncoupled,flat,flat,13,8.742229359648297,0.910409620559041,68.54333333333334,False
insect,phi,uncoupled,flat,flat,14,8.467344597565033,0.8524471832059144,63.12,False
insect,phi,uncoupled,flat,flat,15,8.66296360919371,0.9135047867610024,70.12666666666667,False
insect,phi,uncoupled,flat,flat,16,7.211417289506109,0.8189909073810567,71.43,False
insect,phi,uncoupled,flat,flat,17,8.29018929265379,0.8905128127371011,59.4,False
insect,phi,uncoupled,flat,flat,18,6.630985039016776,0.8253464233844359,97.16666666666669,False
insect,phi,uncoupled,flat,flat,19,7.679843866415684,0.8508208776789457,64.27000000000001,False
insect,phi,uncoupled,flat,flat,20,7.6337829213606225,0.7842199021432926,75.89333333333333,False
insect,phi,uncoupled,flat,flat,21,6.52605421547945,0.8398104788136208,96.26333333333332,False
insect,phi,uncoupled,flat,flat,22,7.4949037895015,0.8997122994452201,95.67,False
insect,phi,uncoupled,flat,flat,23,8.563377591864484,0.8569130353457487,61.99333333333333,False
insect,phi,uncoupled,flat,flat,24,8.351912879342024,0.8961282136214347,68.09333333333333,False
insect,phi,uncoupled,flat,flat,25,7.134768216782553,0.8561864695046608,77.50333333333333,False
insect,phi,uncoupled,flat,flat,26,8.2829210885729,0.8473918502074227,67.43333333333334,False
insect,phi,uncoupled,flat,flat,27,6.732615262396456,0.8469389400484153,93.63,False
insect,phi,uncoupled,flat,flat,28,8.223447059862535,0.8779783072983189,58.376666666666665,False
insect,phi,uncoupled,flat,flat,29,8.335832277700503,0.8795717959292746,67.60666666666667,False
insect,phi,uncoupled,flat,flat,30,8.391913006020605,0.8940025199562156,62.906666666666666,False
insect,phi,uncoupled,flat,rugged,1,4.019844260263797,0.6038762554530722,87.07666666666667,True
insect,phi,uncoupled,flat,rugged,2,1.8858125623011912,0.2924566363276599,88.08666666666667,True
insect,phi,uncoupled,flat,rugged,3,1.6188754949229025,0.1643883267981569,82.62666666666667,True
insect,phi,uncoupled,flat,rugged,4,6.491306611378243,0.806361597891767,76.02333333333333,True
insect,phi,uncoupled,flat,rugged,5,3.924344931546008,0.5703365202568773,93.89666666666666,True
insect,phi,uncoupled,flat,rugged,6,6.816326680906478,0.77392197756262,72.22333333333333,True
insect,phi,uncoupled,flat,rugged,7,1.876922190761637,0.2401147866609451,80.18,True
insect,phi,uncoupled,flat,rugged,8,3.654978647679255,0.53591134536553,75.58666666666667,True
insect,phi,uncoupled,flat,rugged,9,5.589965941304516,0.7051350679577751,78.02333333333333,True
insect,phi,uncoupled,flat,rugged,10,6.449673967658705,0.7657399752221941,71.77,True
insect,phi,uncoupled,flat,rugged,11,4.546330356109434,0.6197940502136722,89.28333333333333,True
insect,phi,uncoupled,flat,rugged,12,2.1209565606477554,0.2174327990174739,83.81,True
insect,phi,uncoupled,flat,rugged,13,5.148445019164345,0.7322455614177376,86.12333333333333,True
insect,phi,uncoupled,flat,rugged,14,4.308003151915041,0.4872088496914857,76.19333333333333,True
insect,phi,uncoupled,flat,rugged,15,6.62019522137392,0.763208304719763,72.56333333333333,True
insect,phi,uncoupled,flat,rugged,16,5.713237839185407,0.7088659223411182,73.76666666666667,True
insect,phi,uncoupled,flat,rugged,17,4.990172263805878,0.5917850175262671,68.31666666666666,True
insect,phi,uncoupled,flat,rugged,18,5.670187252233821,0.7767175065473451,95.89666666666666,True
insect,phi,uncoupled,flat,rugged,19,6.272584272676503,0.7772300005724276,66.34333333333333,True
insect,phi,uncoupled,flat,rugged,20,6.746243149464561,0.7396400393710352,74.39666666666666,True
insect,phi,uncoupled,flat,rugged,21,5.64630983337989,0.8011858093693365,95.33333333333331,True
insect,phi,uncoupled,flat,rugged,22,6.133978472388863,0.7974191337330672,96.96,True
insect,phi,uncoupled,flat,rugged,23,1.04015375814031,0.1565842497461498,81.02666666666667,True
insect,phi,uncoupled,flat,rugged,24,7.027280369089925,0.7956134534428754,74.76,True
insect,phi,uncoupled,flat,rugged,25,5.314475513708487,0.7141633141510415,80.23,True
insect,phi,uncoupled,flat,rugged,26,3.599774600996035,0.442828931659967,76.40333333333334,True
insect,phi,uncoupled,flat,rugged,27,5.15543587805855,0.7078805965225555,91.31,True
insect,phi,uncoupled,flat,rugged,28,6.984841639071245,0.7849367131368968,64.15666666666667,True
insect,phi,uncoupled,flat,rugged,29,0.8579904411094912,0.1204201007581053,85.26666666666667,True
insect,phi,uncoupled,flat,rugged,30,5.187334577977275,0.7071987540438996,82.81333333333333,True
insect,phi,uncoupled,rugged,flat,1,7.418533766201027,0.8339431677741523,69.25666666666666,True
insect,phi,uncoupled,rugged,flat,2,7.019216655467546,0.8256328890524193,72.24333333333334,True
insect,phi,uncoupled,rugged,flat,3,7.99394856671366,0.8575071479850682,64.96666666666667,True
insect,phi,uncoupled,rugged,flat,4,7.611562327670803,0.8535582204719193,69.05,True
insect,phi,uncoupled,rugged,flat,5,7.887247667678952,0.7944330690169705,80.96333333333334,True
insect,phi,uncoupled,rugged,flat,6,6.797541825669961,0.8338655585620371,64.66,True
insect,phi,uncoupled,rugged,flat,7,7.4850685128554275,0.8406582307804757,68.01333333333334,True
insect,phi,uncoupled,rugged,flat,8,7.037364546405657,0.787135283417151,58.86666666666667,True
insect,phi,uncoupled,rugged,flat,9,5.620245758652869,0.6769480038826677,71.61666666666666,True
insect,phi,uncoupled,rugged,flat,10,6.486591835504104,0.8547006267465269,89.36333333333333,True
insect,phi,uncoupled,rugged,flat,11,7.30961690918352,0.7797012283326832,67.83,True
insect,phi,uncoupled,rugged,flat,12,7.539941518166992,0.8740088572358571,73.0,True
insect,phi,uncoupled,rugged,flat,13,7.700144977727386,0.85886416758115,67.12666666666667,True
insect,phi,uncoupled,rugged,flat,14,7.632741302569062,0.8520960892326902,55.42,True
insect,phi,uncoupled,rugged,flat,15,6.618815901190725,0.7560669605599637,72.18333333333334,True
insect,phi,uncoupled,rugged,flat,16,7.471333975375649,0.8454130423198182,67.17333333333333,True
insect,phi,uncoupled,rugged,flat,17,7.052291831661893,0.8152393806229616,65.11333333333333,True
insect,phi,uncoupled,rugged,flat,18,7.56239316332502,0.8850321634091463,74.98333333333333,True
insect,phi,uncoupled,rugged,flat,19,7.458909065416685,0.7410463332687726,70.59333333333333,True
insect,phi,uncoupled,rugged,flat,20,6.209976947793757,0.8572450097655174,96.95333333333332,True
insect,phi,uncoupled,rugged,flat,21,7.315806059364267,0.8412628002749009,68.73666666666666,True
insect,phi,uncoupled,rugged,flat,22,5.41769153239996,0.8483204096400961,95.48333333333332,True
insect,phi,uncoupled,rugged,flat,23,6.741965160667159,0.8200805384434315,77.54666666666667,True
insect,phi,uncoupled,rugged,flat,24,5.987491925779654,0.697378517185298,68.63,True
insect,phi,uncoupled,rugged,flat,25,7.497420396459837,0.8011209032795347,72.72666666666667,True
insect,phi,uncoupled,rugged,flat,26,3.523554907964809,0.4832264645846534,95.82,True
insect,phi,uncoupled,rugged,flat,27,7.252029653051707,0.8241362703333271,69.44333333333333,True
insect,phi,uncoupled,rugged,flat,28,7.5512165307374195,0.8238657841901736,71.12,True
insect,phi,uncoupled,rugged,flat,29,8.01322682506256,0.8684594084281153,67.68333333333334,True
insect,phi,uncoupled,rugged,flat,30,6.173230776435609,0.863689979429441,98.68333333333334,True
insect,phi,uncoupled,rugged,rugged,1,7.527820936434391,0.8328328934171713,71.63,False
insect,phi,uncoupled,rugged,rugged,2,6.991478187917593,0.8278492889384126,72.07,False
insect,phi,uncoupled,rugged,rugged,3,7.729280584140797,0.8442210531135758,68.15666666666667,False
insect,phi,uncoupled,rugged,rugged,4,7.604251029966327,0.8497026278547875,67.7,False
insect,phi,uncoupled,rugged,rugged,5,7.803192339543129,0.7962371886188948,81.45333333333333,False
insect,phi,uncoupled,rugged,rugged,6,7.20364874077668,0.8413828263527813,64.65,False
insect,phi,uncoupled,rugged,rugged,7,7.422964603456791,0.8567343735172152,69.3,False
insect,phi,uncoupled,rugged,rugged,8,7.226951643902135,0.8227705725969757,63.0,False
insect,phi,uncoupled,rugged,rugged,9,6.928017135805798,0.8235870820375085,73.31333333333333,False
insect,phi,uncoupled,rugged,rugged,10,6.171238362893368,0.8343692037543903,88.14666666666666,False
insect,phi,uncoupled,rugged,rugged,11,7.749263811338385,0.8335891725880535,65.03,False
insect,phi,uncoupled,rugged,rugged,12,7.57465893703641,0.8587250450602234,75.03,False
insect,phi,uncoupled,rugged,rugged,13,7.771145156350118,0.86147558621628,66.00333333333333,False
insect,phi,uncoupled,rugged,rugged,14,7.808462147262607,0.8726414245166508,57.95666666666666,False
insect,phi,uncoupled,rugged,rugged,15,7.690943582511262,0.8685588015393858,69.93333333333334,False
insect,phi,uncoupled,rugged,rugged,16,7.53366994621405,0.836949344110427,67.92333333333333,False
insect,phi,uncoupled,rugged,rugged,17,7.042335396745439,0.82388845657754,67.03333333333333,False
insect,phi,uncoupled,rugged,rugged,18,7.610366513421243,0.8789107642888514,71.1,False
insect,phi,uncoupled,rugged,rugged,19,7.456570883990948,0.7527644936831533,69.99,False
insect,phi,uncoupled,rugged,rugged,20,6.162182686505233,0.8194031985861056,95.88,False
insect,phi,uncoupled,rugged,rugged,21,7.398211997305873,0.8393086704304922,70.97333333333333,False
insect,phi,uncoupled,rugged,rugged,22,6.050931335889584,0.8574559710586582,95.0,False
insect,phi,uncoupled,rugged,rugged,23,6.65073248644599,0.81826393548193,78.15333333333334,False
insect,phi,uncoupled,rugged,rugged,24,7.707300926851425,0.8537169790030994,65.8,False
insect,phi,uncoupled,rugged,rugged,25,7.481770471743978,0.7784844604656608,76.05,False
insect,phi,uncoupled,rugged,rugged,26,6.022502051770254,0.7761696866846397,95.44333333333331,False
insect,phi,uncoupled,rugged,rugged,27,7.364324287999708,0.8468690363724131,70.40666666666667,False
insect,phi,uncoupled,rugged,rugged,28,7.4779065380142224,0.8361309418083814,70.13666666666667,False
insect,phi,uncoupled,rugged,rugged,29,7.734002771267448,0.854044157103756,68.6,False
insect,phi,uncoupled,rugged,rugged,30,6.159690844460084,0.8394140519001185,98.14333333333332,False
queen,base,blf,flat,flat,1,7.43914216269221,0.838353604354203,71.54,False
queen,base,blf,flat,flat,2,5.750291368542781,0.7255800442494338,42.71333333333333,False
queen,base,blf,flat,flat,3,5.961855240256121,0.6918299520083512,69.11,False
queen,base,blf,flat,flat,4,10.972611327506108,0.8318730397550858,47.81,False
queen,base,blf,flat,flat,5,11.325132447893514,0.8843781275618109,39.373333333333335,False
queen,base,blf,flat,flat,6,10.519524937280297,0.8610469740465336,46.70666666666667,False
queen,base,blf,flat,flat,7,6.083970356330233,0.6714697732212597,47.16333333333333,False
queen,base,blf,flat,flat,8,7.588955796019762,0.6690486544729835,60.88,False
queen,base,blf,flat,flat,9,7.183714042905759,0.6798878622788733,57.91,False
queen,base,blf,flat,flat,10,10.20519290923491,0.921611004232874,66.25333333333333,False
queen,base,blf,flat,flat,11,6.757189260017855,0.7328393689759228,72.52666666666666,False
queen,base,blf,flat,flat,12,9.607373194687687,0.8916480923198112,61.78,False
queen,base,blf,flat,flat,13,9.975842463350077,0.8678939079514163,51.24999999999999,False
queen,base,blf,flat,flat,14,10.563712589096385,0.866038868340806,58.153333333333336,False
queen,base,blf,flat,flat,15,6.247643533227181,0.8179463163287024,51.406666666666666,False
queen,base,blf,flat,flat,16,11.26816746801636,0.8497237460378482,34.95,False
queen,base,blf,flat,flat,17,10.622060710968524,0.8844981532756949,35.266666666666666,False
queen,base,blf,flat,flat,18,7.348010385707813,0.8136679394633659,64.97,False
queen,base,blf,flat,flat,19,6.007961855614277,0.7231190751860035,48.05666666666666,False
queen,base,blf,flat,flat,20,10.57301220439429,0.8623624190109751,49.653333333333336,False
queen,base,blf,flat,flat,21,6.948464047990496,0.6454198965848555,43.133333333333326,False
queen,base,blf,flat,flat,22,9.739352918997907,0.8951378440522326,52.16666666666666,False
queen,base,blf,flat,flat,23,7.617557276043404,0.7358724011305356,45.17333333333333,False
queen,base,blf,flat,flat,24,10.015699571563518,0.919325229654614,72.32,False
queen,base,blf,flat,flat,25,11.174168500076808,0.8715362372933514,38.28,False
queen,base,blf,flat,flat,26,6.627654205709935,0.7412946048268546,42.45,False
queen,base,blf,flat,flat,27,11.34010025712019,0.8623788447832305,35.510000000000005,False
queen,base,blf,flat,flat,28,7.7020181661669405,0.8113959829878977,51.13666666666666,False
queen,base,blf,flat,flat,29,7.262631509432789,0.8349371368452251,66.18666666666667,False
queen,base,blf,flat,flat,30,10.4672741504583,0.8379039251812526,52.31333333333333,False
queen,base,blf,flat,rugged,1,3.748081587411173,0.5402570262053551,74.97,True
queen,base,blf,flat,rugged,2,4.074593302708119,0.5534501190396922,45.42333333333333,True
queen,base,blf,flat,rugged,3,4.6474902769338975,0.5779548042602334,64.84666666666666,True
queen,base,blf,flat,rugged,4,1.5319742985139295,0.1418897679984823,67.47666666666667,True
queen,base,blf,flat,rugged,5,0.591570938957453,0.0624530507739612,35.403333333333336,True
queen,base,blf,flat,rugged,6,0.2758677395317911,0.0312835148073069,47.2,True
queen,base,blf,flat,rugged,7,4.198391782190981,0.5412756753478102,49.07666666666667,True
queen,base,blf,flat,rugged,8,5.501473741185922,0.6047743894408063,60.61333333333334,True
queen,base,blf,flat,rugged,9,4.427156331995143,0.4801770638420636,65.58666666666667,True
queen,base,blf,flat,rugged,10,2.037690236489417,0.2060615241777606,70.49333333333334,True
queen,base,blf,flat,rugged,11,0.6226683226446084,0.0940952064924748,73.52333333333333,True
queen,base,blf,flat,rugged,12,2.336754404266572,0.3266123289059449,39.946666666666665,True
queen,base,blf,flat,rugged,13,1.8417487914947703,0.1862037349854614,57.43333333333333,True
queen,base,blf,flat,rugged,14,3.215216396716416,0.3329462860198778,57.21,True
queen,base,blf,flat,rugged,15,4.607474413718116,0.6450015049144522,53.29333333333334,True
queen,base,blf,flat,rugged,16,4.073365074072946,0.4670298870226995,52.626666666666665,True
queen,base,blf,flat,rugged,17,1.697769637910277,0.1927265303292097,42.98333333333333,True
queen,base,blf,flat,rugged,18,4.5919468300187445,0.5826042105602414,69.70333333333333,True
queen,base,blf,flat,rugged,19,4.631853675791376,0.6274774651346985,51.513333333333335,True
queen,base,blf,flat,rugged,20,0.2548036886018886,0.0287348135233338,51.86,True
queen,base,blf,flat,rugged,21,3.9598721790759934,0.4656736313760051,48.446666666666665,True
queen,base,blf,flat,rugged,22,5.747275355190014,0.5955266177184638,60.13666666666666,True
queen,base,blf,flat,rugged,23,3.823560588737736,0.3818858757681622,44.92333333333333,True
queen,base,blf,flat,rugged,24,0.9500147585684722,0.0972083321894927,76.51666666666667,True
queen,base,blf,flat,rugged,25,1.9901958320991808,0.2198046476973817,54.333333333333336,True
queen,base,blf,flat,rugged,26,4.8888818918822015,0.5983881386666382,43.59666666666666,True
queen,base,blf,flat,rugged,27,1.008444637848827,0.1268551014674083,54.92,True
queen,base,blf,flat,rugged,28,4.59512286598344,0.520746855211536,55.97,True
queen,base,blf,flat,rugged,29,5.307935213155352,0.7035906281370975,69.84666666666666,True
queen,base,blf,flat,rugged,30,1.2599636493801158,0.1385401259532181,41.23,True
queen,base,blf,rugged,flat,1,3.069054845033718,0.3963746669718617,62.763333333333335,True
queen,base,blf,rugged,flat,2,6.253102522098006,0.7509650105626031,64.80333333333333,True
queen,base,blf,rugged,flat,3,2.856876969272673,0.2601715370967282,39.553333333333335,True
queen,base,blf,rugged,flat,4,8.796604601001278,0.8660492827286115,51.68666666666667,True
queen,base,blf,rugged,flat,5,6.368876472259858,0.5774092795962005,82.11,True
queen,base,blf,rugged,flat,6,6.55225377423174,0.6131507823374563,55.04666666666667,True
queen,base,blf,rugged,flat,7,5.970810892022182,0.672598767198717,54.38333333333333,True
queen,base,blf,rugged,flat,8,8.721909543495503,0.8231170117749714,70.85,True
queen,base,blf,rugged,flat,9,8.47088935527324,0.8092724081078676,56.24333333333333,True
queen,base,blf,rugged,flat,10,6.44249303511755,0.7303299595114379,71.45333333333333,True
queen,base,blf,rugged,flat,11,8.399441910305345,0.840536624784109,47.59666666666666,True
queen,base,blf,rugged,flat,12,8.913337721268448,0.8923476791114061,69.58,True
queen,base,blf,rugged,flat,13,8.424802318699145,0.8053743554740677,64.08,True
queen,base,blf,rugged,flat,14,2.1752549600555517,0.2507602640337643,50.723333333333336,True
queen,base,blf,rugged,flat,15,6.524479751192012,0.7225589900789489,59.32666666666667,True
queen,base,blf,rugged,flat,16,5.754578580658434,0.7127356338066165,59.82,True
queen,base,blf,rugged,flat,17,6.124721210556855,0.7858389443018076,57.70666666666666,True
queen,base,blf,rugged,flat,18,6.888153345983392,0.7731219603704171,74.74,True
queen,base,blf,rugged,flat,19,5.849654358792217,0.6159540720078114,77.91333333333333,True
queen,base,blf,rugged,flat,20,8.581080599740035,0.8655225278628763,57.78,True
queen,base,blf,rugged,flat,21,6.765320686096264,0.6307232693785134,63.32333333333333,True
queen,base,blf,rugged,flat,22,6.748819534063633,0.7877620603006817,61.60666666666667,True
queen,base,blf,rugged,flat,23,7.269500919468978,0.7207220423046604,38.07333333333333,True
queen,base,blf,rugged,flat,24,5.046916694387695,0.5141538815626662,55.24,True
queen,base,blf,rugged,flat,25,8.79139709289726,0.8996045900930882,77.23333333333333,True
queen,base,blf,rugged,flat,26,3.567125136823756,0.5293434027711228,40.88,True
queen,base,blf,rugged,flat,27,9.339502334085154,0.8521662298633615,50.37,True
queen,base,blf,rugged,flat,28,9.008286116808684,0.8657450693662865,49.24666666666667,True
queen,base,blf,rugged,flat,29,7.428562368229301,0.7153064013064502,69.07333333333334,True
queen,base,blf,rugged,flat,30,8.788116267629915,0.8883913738038977,50.52,True
queen,base,blf,rugged,rugged,1,5.654171727237217,0.7618489911116068,64.50333333333333,False
queen,base,blf,rugged,rugged,2,5.965632397305047,0.7310561283244551,64.82333333333334,False
queen,base,blf,rugged,rugged,3,8.978461746705806,0.8364674089165192,43.6,False
queen,base,blf,rugged,rugged,4,8.574375484747389,0.8284283675310676,51.65,False
queen,base,blf,rugged,rugged,5,8.636287835597793,0.8334722243714652,80.12,False
queen,base,blf,rugged,rugged,6,9.272648301336558,0.8272092898053819,48.53333333333333,False
queen,base,blf,rugged,rugged,7,6.172673125033934,0.6727791857870369,49.44,False
queen,base,blf,rugged,rugged,8,8.263264724757832,0.8194538853339979,73.37,False
queen,base,blf,rugged,rugged,9,8.781559650396911,0.8320599394993833,57.39333333333333,False
queen,base,blf,rugged,rugged,10,6.912476183112517,0.7431868057651324,75.23666666666666,False
queen,base,blf,rugged,rugged,11,8.48403336140726,0.8371459675447708,46.223333333333336,False
queen,base,blf,rugged,rugged,12,8.452459307611676,0.8363670716137925,66.36666666666666,False
queen,base,blf,rugged,rugged,13,8.29048940293333,0.8007043123805814,64.18666666666667,False
queen,base,blf,rugged,rugged,14,5.3825948837095785,0.6744889142213697,49.5,False
queen,base,blf,rugged,rugged,15,6.1453171257602826,0.7343375086445124,60.89333333333333,False
queen,base,blf,rugged,rugged,16,6.21150301348211,0.7258222782304532,58.51,False
queen,base,blf,rugged,rugged,17,6.0562104681980165,0.7761728628883168,57.72,False
queen,base,blf,rugged,rugged,18,8.226912631478287,0.8442846830233226,75.48666666666666,False
queen,base,blf,rugged,rugged,19,8.235689852522066,0.8397136617740538,78.03666666666666,False
queen,base,blf,rugged,rugged,20,9.10792136371292,0.868599888645877,58.763333333333335,False
queen,base,blf,rugged,rugged,21,8.237448772723749,0.8085187117068473,69.81,False
queen,base,blf,rugged,rugged,22,6.303381836004814,0.7743434456938751,63.78333333333333,False
queen,base,blf,rugged,rugged,23,7.146638022468383,0.7030358998558509,38.17,False
queen,base,blf,rugged,rugged,24,6.258450060527515,0.6760070266092154,60.35666666666667,False
queen,base,blf,rugged,rugged,25,8.423959463790304,0.8732797794404594,76.42666666666666,False
queen,base,blf,rugged,rugged,26,7.967161562045587,0.7958645800154434,57.8,False
queen,base,blf,rugged,rugged,27,9.533556404698636,0.849650905821278,56.05,False
queen,base,blf,rugged,rugged,28,8.87436504965586,0.8339484165685092,51.21333333333333,False
queen,base,blf,rugged,rugged,29,8.286007334616997,0.7939126654946146,68.93333333333334,False
queen,base,blf,rugged,rugged,30,8.441688636368468,0.8076465140408807,48.1,False
queen,phi,uncoupled,flat,flat,1,9.741977487163055,0.920776044378492,49.1,False
queen,phi,uncoupled,flat,flat,2,5.910047744000283,0.7986704741143476,55.41,False
queen,phi,uncoupled,flat,flat,3,11.405907670061008,0.8872722709252011,49.41666666666666,False
queen,phi,uncoupled,flat,flat,4,10.690709259357112,0.8240791245709969,41.58,False
queen,phi,uncoupled,flat,flat,5,12.041484303721896,0.8627277749601379,40.78333333333333,False
queen,phi,uncoupled,flat,flat,6,11.016264588250024,0.8815777123560286,53.25666666666666,False
queen,phi,uncoupled,flat,flat,7,12.799713900503704,0.8958662068060433,41.28666666666666,False
queen,phi,uncoupled,flat,flat,8,11.610009224304187,0.8698064533995549,33.239999999999995,False
queen,phi,uncoupled,flat,flat,9,8.258716768821431,0.8083408005934323,26.31666666666666,False
queen,phi,uncoupled,flat,flat,10,7.409920257228783,0.7989656971636827,56.81666666666667,False
queen,phi,uncoupled,flat,flat,11,13.530420187132266,0.8839112201065388,33.72333333333333,False
queen,phi,uncoupled,flat,flat,12,9.005475809530656,0.7181596818052364,29.76666666666667,False
queen,phi,uncoupled,flat,flat,13,5.88617824340001,0.6634270079771144,54.6,False
queen,phi,uncoupled,flat,flat,14,10.976960869460267,0.887148144173847,36.633333333333326,False
queen,phi,uncoupled,flat,flat,15,10.596608121233126,0.8533326963124405,42.57,False
queen,phi,uncoupled,flat,flat,16,7.996484147231687,0.6994730331849849,52.35,False
queen,phi,uncoupled,flat,flat,17,7.695218132682303,0.705092806906889,60.83333333333333,False
queen,phi,uncoupled,flat,flat,18,9.82999869998252,0.9108918471488556,53.81666666666667,False
queen,phi,uncoupled,flat,flat,19,6.000014360355256,0.8702105644691434,48.90333333333333,False
queen,phi,uncoupled,flat,flat,20,9.515902945197654,0.8509442033893778,24.58,False
queen,phi,uncoupled,flat,flat,21,10.313787840591289,0.9128211492787168,75.09666666666666,False
queen,phi,uncoupled,flat,flat,22,6.635895939275147,0.6811881314839864,32.64333333333333,False
queen,phi,uncoupled,flat,flat,23,4.962614577471457,0.7436260107901452,62.45,False
queen,phi,uncoupled,flat,flat,24,5.206618102246781,0.8126533954638101,49.830000000000005,False
queen,phi,uncoupled,flat,flat,25,11.828126156366825,0.8915751491042768,45.41,False
queen,phi,uncoupled,flat,flat,26,11.674523190108657,0.8685774088376541,30.98333333333333,False
queen,phi,uncoupled,flat,flat,27,5.630749930151919,0.6292431165125086,65.98666666666666,False
queen,phi,uncoupled,flat,flat,28,5.229395731505928,0.7852962276271005,43.15,False
queen,phi,uncoupled,flat,flat,29,12.515762011250116,0.8568789896191455,35.54666666666666,False
queen,phi,uncoupled,flat,flat,30,11.33296277358799,0.8715623496117071,35.91666666666667,False
queen,phi,uncoupled,flat,rugged,1,3.629045423595873,0.4334489780242713,53.24,True
queen,phi,uncoupled,flat,rugged,2,4.471366148710056,0.6773251642885381,54.57,True
queen,phi,uncoupled,flat,rugged,3,3.420898374788021,0.4906255516608211,40.92666666666667,True
queen,phi,uncoupled,flat,rugged,4,1.6930498305737902,0.1885162767706958,43.95333333333333,True
queen,phi,uncoupled,flat,rugged,5,4.521566041326719,0.4385075986494502,54.47666666666667,True
queen,phi,uncoupled,flat,rugged,6,2.5725628562895504,0.3133540884801259,45.17666666666667,True
queen,phi,uncoupled,flat,rugged,7,5.482663799441616,0.5312637696618894,55.68,True
queen,phi,uncoupled,flat,rugged,8,1.9043271796952512,0.2629812412529821,42.49,True
queen,phi,uncoupled,flat,rugged,9,1.5047158769979057,0.1638386072790894,37.04333333333334,True
queen,phi,uncoupled,flat,rugged,10,3.858939536055601,0.4247699518602686,55.486666666666665,True
queen,phi,uncoupled,flat,rugged,11,3.104176564009797,0.2960891060298887,48.18,True
queen,phi,uncoupled,flat,rugged,12,2.347156342481085,0.2146289955676764,36.43666666666667,True
queen,phi,uncoupled,flat,rugged,13,3.769359670319856,0.4699742862961383,56.54333333333334,True
queen,phi,uncoupled,flat,rugged,14,3.153023642211962,0.4283258782026335,51.91666666666666,True
queen,phi,uncoupled,flat,rugged,15,3.399737784148963,0.4541619086032614,51.34666666666666,True
queen,phi,uncoupled,flat,rugged,16,3.538864121986044,0.3720113498687607,52.31,True
queen,phi,uncoupled,flat,rugged,17,3.520545956976809,0.3795239543974508,62.42666666666667,True
queen,phi,uncoupled,flat,rugged,18,6.47992473839225,0.6719884565429743,55.28666666666667,True
queen,phi,uncoupled,flat,rugged,19,3.824269424679557,0.6330824266475236,49.93666666666667,True
queen,phi,uncoupled,flat,rugged,20,6.165562192522288,0.6810956993300399,41.09666666666666,True
queen,phi,uncoupled,flat,rugged,21,2.841161740416623,0.2850281991950857,77.11,True
queen,phi,uncoupled,flat,rugged,22,4.0193251311080775,0.4994315200624772,39.31333333333333,True
queen,phi,uncoupled,flat,rugged,23,3.844594409479469,0.6493956139377065,65.23,True
queen,phi,uncoupled,flat,rugged,24,3.9701869838089423,0.7018951325124857,55.39,True
queen,phi,uncoupled,flat,rugged,25,1.4162052505988727,0.1288398901586666,57.763333333333335,True
queen,phi,uncoupled,flat,rugged,26,3.674254871210046,0.3681666679608597,44.56,True
queen,phi,uncoupled,flat,rugged,27,2.5490796609437645,0.3390329430010289,69.10666666666667,True
queen,phi,uncoupled,flat,rugged,28,4.616699348879166,0.7517705822917523,46.46333333333333,True
queen,phi,uncoupled,flat,rugged,29,4.794173856009082,0.4883535623839742,53.0,True
queen,phi,uncoupled,flat,rugged,30,0.832977742297687,0.0991545745360351,65.23,True
queen,phi,uncoupled,rugged,flat,1,9.17743236836342,0.8728164542895323,46.41333333333333,True
queen,phi,uncoupled,rugged,flat,2,10.38888646702152,0.8882541025358555,43.05,True
queen,phi,uncoupled,rugged,flat,3,4.9823979333929405,0.6267211386719728,48.17666666666667,True
queen,phi,uncoupled,rugged,flat,4,6.789199388083929,0.6718644614662632,52.33,True
queen,phi,uncoupled,rugged,flat,5,6.168850101344361,0.6436580616334837,73.07,True
queen,phi,uncoupled,rugged,flat,6,8.872094333423119,0.8451282797113765,40.66333333333333,True
queen,phi,uncoupled,rugged,flat,7,7.680481877768136,0.8629647382138573,44.81666666666667,True
queen,phi,uncoupled,rugged,flat,8,7.84685463269425,0.8111510143283,73.88,True
queen,phi,uncoupled,rugged,flat,9,8.967510184234667,0.8194771405036361,39.66333333333333,True
queen,phi,uncoupled,rugged,flat,10,10.50519710141707,0.8498176555849348,42.57,True
queen,phi,uncoupled,rugged,flat,11,2.7916802702048304,0.3561578048494773,55.95,True
queen,phi,uncoupled,rugged,flat,12,8.814010951487772,0.8316920156825829,49.32666666666667,True
queen,phi,uncoupled,rugged,flat,13,8.943072649812656,0.8655274856636769,40.53,True
queen,phi,uncoupled,rugged,flat,14,6.675198746216704,0.6746542789482567,78.67666666666666,True
queen,phi,uncoupled,rugged,flat,15,8.684676860439792,0.8594297691017052,66.97666666666667,True
queen,phi,uncoupled,rugged,flat,16,8.529085627577098,0.8756722008030539,48.45333333333333,True
queen,phi,uncoupled,rugged,flat,17,5.780729557484677,0.7496626268040034,62.906666666666666,True
queen,phi,uncoupled,rugged,flat,18,6.387841617077362,0.6587083656779975,55.96333333333333,True
queen,phi,uncoupled,rugged,flat,19,6.54159533531614,0.6331517993570855,48.79333333333334,True
queen,phi,uncoupled,rugged,flat,20,8.516348835057379,0.8743517207917414,55.21,True
queen,phi,uncoupled,rugged,flat,21,8.49033161742977,0.8327491218197,75.79666666666667,True
queen,phi,uncoupled,rugged,flat,22,5.509224843779821,0.7982738569899948,56.07,True
queen,phi,uncoupled,rugged,flat,23,4.468814323802794,0.6068976125478998,54.39,True
queen,phi,uncoupled,rugged,flat,24,5.590005144347097,0.6513619823349414,53.84,True
queen,phi,uncoupled,rugged,flat,25,7.251261797358785,0.8378849604197123,71.47333333333333,True
queen,phi,uncoupled,rugged,flat,26,9.127278639542372,0.8451375590955243,65.10333333333334,True
queen,phi,uncoupled,rugged,flat,27,6.2551905129617404,0.6598433143298527,53.693333333333335,True
queen,phi,uncoupled,rugged,flat,28,7.841489466519659,0.8227509336247121,45.50666666666667,True
queen,phi,uncoupled,rugged,flat,29,6.857493464714883,0.6980846055322097,41.07333333333333,True
queen,phi,uncoupled,rugged,flat,30,6.826872325443631,0.715582996780359,61.23,True
queen,phi,uncoupled,rugged,rugged,1,8.946744964285879,0.8474029728555557,45.05,False
queen,phi,uncoupled,rugged,rugged,2,10.114145557276576,0.849154283533274,41.59,False
queen,phi,uncoupled,rugged,rugged,3,4.6802914255611325,0.5926421980270073,49.39666666666667,False
queen,phi,uncoupled,rugged,rugged,4,8.526632548223912,0.8182134007565383,53.20333333333333,False
queen,phi,uncoupled,rugged,rugged,5,8.149060901830437,0.865988716982065,78.85333333333334,False
queen,phi,uncoupled,rugged,rugged,6,8.78478227155473,0.8620329503938268,46.09333333333333,False
queen,phi,uncoupled,rugged,rugged,7,7.642415904702286,0.8664205170757289,47.91333333333333,False
queen,phi,uncoupled,rugged,rugged,8,8.320419235475994,0.837435473247325,74.94333333333333,False
queen,phi,uncoupled,rugged,rugged,9,9.67226228526856,0.8500766654503323,45.14,False
queen,phi,uncoupled,rugged,rugged,10,10.111755977081955,0.8487012895850065,44.86,False
queen,phi,uncoupled,rugged,rugged,11,4.970977350419771,0.6405372837039195,56.97666666666667,False
queen,phi,uncoupled,rugged,rugged,12,9.047274852608178,0.8401921806907913,51.086666666666666,False
queen,phi,uncoupled,rugged,rugged,13,8.851758759693299,0.8119997422063913,45.656666666666666,False
queen,phi,uncoupled,rugged,rugged,14,7.601662881879998,0.7721113393622638,73.34,False
queen,phi,uncoupled,rugged,rugged,15,8.832953287875478,0.8437366920576204,73.34333333333333,False
queen,phi,uncoupled,rugged,rugged,16,8.228380100876864,0.8289442212514319,46.26,False
queen,phi,uncoupled,rugged,rugged,17,5.73534367404732,0.7447059613618676,64.74666666666667,False
queen,phi,uncoupled,rugged,rugged,18,8.033316453747894,0.8384795412137486,59.27333333333333,False
queen,phi,uncoupled,rugged,rugged,19,8.974899674823682,0.8523967105707551,47.66333333333333,False
queen,phi,uncoupled,rugged,rugged,20,8.053924000916656,0.8448632894453423,53.8,False
queen,phi,uncoupled,rugged,rugged,21,8.019421542099986,0.8304260684353721,73.23,False
queen,phi,uncoupled,rugged,rugged,22,5.191671884234273,0.7641583390184794,56.95,False
queen,phi,uncoupled,rugged,rugged,23,4.852201049395289,0.7168952379260163,54.49,False
queen,phi,uncoupled,rugged,rugged,24,6.671093080619319,0.7343320475939065,53.66,False
queen,phi,uncoupled,rugged,rugged,25,7.766240867795702,0.852811681438156,74.14,False
queen,phi,uncoupled,rugged,rugged,26,8.522266165185403,0.8351239197008362,66.81666666666666,False
queen,phi,uncoupled,rugged,rugged,27,5.85055350008866,0.6548461439135977,51.86,False
queen,phi,uncoupled,rugged,rugged,28,8.388379335726368,0.8482295276135738,51.59333333333333,False
queen,phi,uncoupled,rugged,rugged,29,6.635792478581897,0.7366880047705272,44.34,False
queen,phi,uncoupled,rugged,rugged,30,6.571101457125375,0.6843934613821574,61.196666666666665,False
spider,base,blf,flat,flat,1,8.626945224620904,0.7104083071488585,11.93333333333333,False
spider,base,blf,flat,flat,2,8.56043344135708,0.7928101633479623,17.56666666666666,False
spider,base,blf,flat,flat,3,8.270451915983491,0.819634879823884,29.50333333333333,False
spider,base,blf,flat,flat,4,8.57013237382024,0.7473602668153512,10.5,False
spider,base,blf,flat,flat,5,8.906590311756725,0.7821251842659522,28.793333333333333,False
spider,base,blf,flat,flat,6,9.023728121573036,0.810031375588029,9.463333333333331,False
spider,base,blf,flat,flat,7,8.952643672220624,0.7930505431501541,8.496666666666659,False
spider,base,blf,flat,flat,8,8.074229017409841,0.7394380173774773,54.31333333333333,False
spider,base,blf,flat,flat,9,8.605382759649926,0.7115799053715506,0.4499999999999999,False
spider,base,blf,flat,flat,10,9.015213946114336,0.805775403770497,5.75,False
spider,base,blf,flat,flat,11,8.25821611640885,0.7777438431925299,13.47,False
spider,base,blf,flat,flat,12,8.984561474391917,0.8736067614918953,5.43,False
spider,base,blf,flat,flat,13,7.626237547796504,0.7959170845638824,1.7399999999999998,False
spider,base,blf,flat,flat,14,8.757305168893957,0.7304703530482706,4.6766666666666605,False
spider,base,blf,flat,flat,15,7.518700963231936,0.8085465254885169,40.33,False
spider,base,blf,flat,flat,16,7.80635087975459,0.7795498922971514,2.27,False
spider,base,blf,flat,flat,17,8.604276534881372,0.8115404595266082,3.2833333333333297,False
spider,base,blf,flat,flat,18,8.801399980764632,0.8171071738477028,34.10666666666667,False
spider,base,blf,flat,flat,19,8.82658846751357,0.7800355209039513,3.33333333333333,False
spider,base,blf,flat,flat,20,8.743938154101407,0.7796660253070428,13.12,False
spider,base,blf,flat,flat,21,7.73850272460804,0.8214802680207335,49.70333333333333,False
spider,base,blf,flat,flat,22,8.729428559139667,0.7122112850093697,8.34666666666666,False
spider,base,blf,flat,flat,23,8.798957938205747,0.7494194612825101,2.9033333333333298,False
spider,base,blf,flat,flat,24,8.352557335280943,0.8459650843419015,41.03666666666666,False
spider,base,blf,flat,flat,25,8.633404315204158,0.7817675669751689,5.36333333333333,False
spider,base,blf,flat,flat,26,8.723424829282004,0.702149601245747,1.60666666666666,False
spider,base,blf,flat,flat,27,8.564015365376886,0.7787713554258305,6.58,False
spider,base,blf,flat,flat,28,8.886263145162038,0.7815632514290934,0.1699999999999999,False
spider,base,blf,flat,flat,29,8.868445474023073,0.8077993633401337,3.81666666666666,False
spider,base,blf,flat,flat,30,7.147366420437232,0.8640295358973386,27.84333333333333,False
spider,base,blf,flat,rugged,1,7.978922628535432,0.6732549685786932,16.703333333333333,True
spider,base,blf,flat,rugged,2,5.620739248405021,0.5581303045725562,25.55666666666667,True
spider,base,blf,flat,rugged,3,7.046554112189549,0.746854583901076,36.736666666666665,True
spider,base,blf,flat,rugged,4,3.7222197645694735,0.3304146601483074,13.24,True
spider,base,blf,flat,rugged,5,7.6013917555355315,0.7821524765478917,35.27,True
spider,base,blf,flat,rugged,6,6.47668407473411,0.680243340883522,16.653333333333332,True
spider,base,blf,flat,rugged,7,7.326393530928906,0.744554911955675,15.476666666666668,True
spider,base,blf,flat,rugged,8,6.045597913688752,0.6315700102805436,55.36,True
spider,base,blf,flat,rugged,9,6.458063413223673,0.6038950909489283,6.21,True
spider,base,blf,flat,rugged,10,2.0649480442461425,0.201402291155488,9.023333333333332,True
spider,base,blf,flat,rugged,11,7.122511712434119,0.7335463548038048,21.14666666666667,True
spider,base,blf,flat,rugged,12,5.54353017401956,0.6430303475531749,11.31,True
spider,base,blf,flat,rugged,13,5.8300637562950826,0.6751428211351337,5.9,True
spider,base,blf,flat,rugged,14,7.768483932881431,0.6977035323199022,10.586666666666666,True
spider,base,blf,flat,rugged,15,5.936913652520085,0.683952146520607,39.556666666666665,True
spider,base,blf,flat,rugged,16,4.038736751984092,0.4648640020457237,12.363333333333332,True
spider,base,blf,flat,rugged,17,8.112245173874856,0.791355915709924,12.75,True
spider,base,blf,flat,rugged,18,7.150572427187861,0.7534347672702436,37.39333333333333,True
spider,base,blf,flat,rugged,19,7.735129642370158,0.7413773859574806,11.616666666666667,True
spider,base,blf,flat,rugged,20,7.728677786211922,0.7440850118720362,18.156666666666663,True
spider,base,blf,flat,rugged,21,5.760288675131781,0.6675762378018344,50.73,True
spider,base,blf,flat,rugged,22,7.919709357447335,0.6909474856653415,12.11,True
spider,base,blf,flat,rugged,23,6.529043114704104,0.5883909636226607,6.463333333333333,True
spider,base,blf,flat,rugged,24,5.43889973206705,0.606561349138481,48.98333333333333,True
spider,base,blf,flat,rugged,25,8.004521795215094,0.768523038325104,10.2,True
spider,base,blf,flat,rugged,26,7.582487388121942,0.6578130094588176,2.723333333333333,True
spider,base,blf,flat,rugged,27,5.714930476126933,0.5764530476811596,15.006666666666666,True
spider,base,blf,flat,rugged,28,7.27309414480667,0.6914897754750114,3.0733333333333333,True
spider,base,blf,flat,rugged,29,7.893312993938562,0.766383213202148,7.603333333333333,True
spider,base,blf,flat,rugged,30,6.458619961891924,0.8106345534478522,29.69333333333333,True
spider,base,blf,rugged,flat,1,7.215909159131016,0.84416003158172,50.016666666666666,True
spider,base,blf,rugged,flat,2,7.867732636233571,0.7885389119870365,19.35,True
spider,base,blf,rugged,flat,3,7.559204567140869,0.709080668627107,32.06666666666667,True
spider,base,blf,rugged,flat,4,7.99733741931839,0.748808588938644,8.763333333333334,True
spider,base,blf,rugged,flat,5,7.157994235986864,0.8627252593496542,46.09666666666666,True
spider,base,blf,rugged,flat,6,8.040731426643436,0.7544915622174938,0.78,True
spider,base,blf,rugged,flat,7,7.604521945138458,0.7368204976845782,19.523333333333333,True
spider,base,blf,rugged,flat,8,8.397094141440265,0.7945390972974032,26.64666666666667,True
spider,base,blf,rugged,flat,9,8.477769196846296,0.7710510027640433,4.123333333333333,True
spider,base,blf,rugged,flat,10,7.774375087301194,0.7822207656689546,42.50666666666667,True
spider,base,blf,rugged,flat,11,8.204497857156028,0.8076656796978987,0.8733333333333333,True
spider,base,blf,rugged,flat,12,8.48904298144301,0.8188108608699951,4.97,True
spider,base,blf,rugged,flat,13,8.57321186799644,0.8244718365307023,4.693333333333333,True
spider,base,blf,rugged,flat,14,6.472500401650177,0.8108994309839782,50.67,True
spider,base,blf,rugged,flat,15,6.767829362764759,0.696467601314621,8.953333333333333,True
spider,base,blf,rugged,flat,16,7.710017978288319,0.8089619789850028,13.916666666666666,True
spider,base,blf,rugged,flat,17,7.371882973514768,0.7759716713978991,29.62333333333333,True
spider,base,blf,rugged,flat,18,8.375204036770938,0.7454884875131076,0.17,True
spider,base,blf,rugged,flat,19,8.47977031045339,0.7906961717677007,9.403333333333334,True
spider,base,blf,rugged,flat,20,7.894748371270055,0.7521145407633142,6.243333333333333,True
spider,base,blf,rugged,flat,21,7.855911888586595,0.7680295643220396,21.86,True
spider,base,blf,rugged,flat,22,7.408619066297128,0.7350517161175609,46.43666666666667,True
spider,base,blf,rugged,flat,23,7.574446561174247,0.6778464929151657,4.76,True
spider,base,blf,rugged,flat,24,8.296040006744093,0.7289321240266058,2.506666666666667,True
spider,base,blf,rugged,flat,25,7.665160896488681,0.6798566558869986,22.16333333333333,True
spider,base,blf,rugged,flat,26,7.758679411734466,0.8063102580126671,19.58,True
spider,base,blf,rugged,flat,27,7.891226436137653,0.789051767255402,0.9966666666666668,True
spider,base,blf,rugged,flat,28,8.127810645681993,0.6972095248530631,5.443333333333333,True
spider,base,blf,rugged,flat,29,7.2926965295324,0.7463291595645813,18.46333333333333,True
spider,base,blf,rugged,flat,30,8.092207666712591,0.7680362506804509,9.906666666666666,True
spider,base,blf,rugged,rugged,1,7.300884001713732,0.8310302358698894,49.19,False
spider,base,blf,rugged,rugged,2,7.728875480315178,0.7821717531557052,21.063333333333333,False
spider,base,blf,rugged,rugged,3,7.68044955970274,0.7429255662533099,33.12,False
spider,base,blf,rugged,rugged,4,8.045862329982098,0.7579565747456039,9.84,False
spider,base,blf,rugged,rugged,5,7.330155920924566,0.8340682414420711,48.99,False
spider,base,blf,rugged,rugged,6,8.015953048341466,0.7626903373236835,2.47,False
spider,base,blf,rugged,rugged,7,7.784748401501695,0.7453711656764873,20.62,False
spider,base,blf,rugged,rugged,8,8.412536141281251,0.8122530096082252,28.36,False
spider,base,blf,rugged,rugged,9,8.388513397927417,0.7637192235746241,5.543333333333333,False
spider,base,blf,rugged,rugged,10,7.689716022528626,0.8065895405944182,43.82666666666667,False
spider,base,blf,rugged,rugged,11,8.176650593661357,0.8289303753357007,3.1366666666666667,False
spider,base,blf,rugged,rugged,12,8.43777713057777,0.8236248166164976,7.083333333333333,False
spider,base,blf,rugged,rugged,13,8.398673199507027,0.8309537648332559,7.696666666666666,False
spider,base,blf,rugged,rugged,14,6.459317632311535,0.8233187974239996,50.99333333333333,False
spider,base,blf,rugged,rugged,15,7.601135109107139,0.7695911596176249,12.466666666666669,False
spider,base,blf,rugged,rugged,16,7.520844511942371,0.782150139851438,15.54,False
spider,base,blf,rugged,rugged,17,7.944142446056862,0.794219248746255,29.96333333333333,False
spider,base,blf,rugged,rugged,18,8.330409221490944,0.7551872107703086,3.57,False
spider,base,blf,rugged,rugged,19,8.38180564594559,0.7960631943536897,8.5,False
spider,base,blf,rugged,rugged,20,8.32968622081852,0.7880504296558724,8.846666666666666,False
spider,base,blf,rugged,rugged,21,7.900995568957524,0.7802053464825839,24.363333333333333,False
spider,base,blf,rugged,rugged,22,7.36167863576619,0.732131434107893,46.02666666666666,False
spider,base,blf,rugged,rugged,23,8.02863177825592,0.7382761475388633,7.493333333333333,False
spider,base,blf,rugged,rugged,24,8.221747560842676,0.7452136263402112,4.0633333333333335,False
spider,base,blf,rugged,rugged,25,7.6275984832077794,0.6996537842111514,24.66333333333333,False
spider,base,blf,rugged,rugged,26,7.577849692183379,0.7943260331637507,21.506666666666668,False
spider,base,blf,rugged,rugged,27,7.812736595466959,0.7752928454719142,3.036666666666666,False
spider,base,blf,rugged,rugged,28,8.125111472422729,0.6982388388387007,7.31,False
spider,base,blf,rugged,rugged,29,7.537407421116595,0.7408010638360288,18.326666666666668,False
spider,base,blf,rugged,rugged,30,7.800367460826763,0.7576144125953207,10.883333333333333,False
spider,phi,uncoupled,flat,flat,1,8.559972906593186,0.7847909686079559,32.623333333333335,False
spider,phi,uncoupled,flat,flat,2,8.905894219987681,0.8077507827622152,6.45,False
spider,phi,uncoupled,flat,flat,3,9.201884120814505,0.8137728574880513,1.92666666666666,False
spider,phi,uncoupled,flat,flat,4,8.671450341816163,0.7885872828077146,19.51,False
spider,phi,uncoupled,flat,flat,5,8.974031525410998,0.8004963865434459,22.146666666666658,False
spider,phi,uncoupled,flat,flat,6,9.083962277079246,0.822168162304688,19.30333333333333,False
spider,phi,uncoupled,flat,flat,7,9.45836732022169,0.7711830482636998,2.82333333333333,False
spider,phi,uncoupled,flat,flat,8,9.951963432264575,0.8576723557660144,24.09,False
spider,phi,uncoupled,flat,flat,9,7.666645207395434,0.8595583498992324,57.34,False
spider,phi,uncoupled,flat,flat,10,9.079238767688366,0.7651362832228623,9.16666666666666,False
spider,phi,uncoupled,flat,flat,11,8.716369614126071,0.8148308099220017,2.50333333333333,False
spider,phi,uncoupled,flat,flat,12,7.946542649029631,0.8250671118578835,42.19666666666666,False
spider,phi,uncoupled,flat,flat,13,9.02475234414234,0.7753124019357783,38.24333333333333,False
spider,phi,uncoupled,flat,flat,14,9.063191496443164,0.8041801512203652,13.09666666666666,False
spider,phi,uncoupled,flat,flat,15,9.10588599389184,0.805510886687816,1.7666666666666602,False
spider,phi,uncoupled,flat,flat,16,8.928667632351663,0.8048358860741637,22.13666666666666,False
spider,phi,uncoupled,flat,flat,17,7.320255685601658,0.8739852114060054,2.42666666666666,False
spider,phi,uncoupled,flat,flat,18,9.54386569079021,0.7831183105417476,3.43,False
spider,phi,uncoupled,flat,flat,19,9.3804065525639,0.7835780972698725,3.38,False
spider,phi,uncoupled,flat,flat,20,8.728027205860247,0.8236379046209636,22.71,False
spider,phi,uncoupled,flat,flat,21,8.813617847341387,0.8105819793307162,0.40333333333333,False
spider,phi,uncoupled,flat,flat,22,8.938149648036717,0.7795630547883144,4.52666666666666,False
spider,phi,uncoupled,flat,flat,23,8.952987222084408,0.8120858749307116,26.97,False
spider,phi,uncoupled,flat,flat,24,9.271224349721823,0.8028266621019868,0.83,False
spider,phi,uncoupled,flat,flat,25,8.681049213249732,0.7718947835615684,23.72,False
spider,phi,uncoupled,flat,flat,26,8.40960006219836,0.7716395913006702,6.8733333333333295,False
spider,phi,uncoupled,flat,flat,27,8.37016037509439,0.7888789858243714,16.31,False
spider,phi,uncoupled,flat,flat,28,9.076256717267256,0.8235241834005808,24.97,False
spider,phi,uncoupled,flat,flat,29,8.819438682289972,0.7942219013631605,34.07,False
spider,phi,uncoupled,flat,flat,30,9.367829313278165,0.8277377682648517,5.10666666666666,False
spider,phi,uncoupled,flat,rugged,1,7.419694389540833,0.7282073650526566,33.83,True
spider,phi,uncoupled,flat,rugged,2,8.170551258923963,0.7971679000920681,9.793333333333331,True
spider,phi,uncoupled,flat,rugged,3,4.477586477660333,0.4279176724284347,6.183333333333334,True
spider,phi,uncoupled,flat,rugged,4,7.75066558747937,0.765509888236377,25.86,True
spider,phi,uncoupled,flat,rugged,5,7.561374214352504,0.7512318737195509,29.41333333333333,True
spider,phi,uncoupled,flat,rugged,6,8.183914811008734,0.8059609196687761,22.473333333333333,True
spider,phi,uncoupled,flat,rugged,7,6.742785790927556,0.5739814616199995,5.3933333333333335,True
spider,phi,uncoupled,flat,rugged,8,7.80664927638402,0.7522386097254279,28.19333333333333,True
spider,phi,uncoupled,flat,rugged,9,6.28605899158854,0.7822137521588456,58.443333333333335,True
spider,phi,uncoupled,flat,rugged,10,7.563126281092323,0.7056677866505334,14.08,True
spider,phi,uncoupled,flat,rugged,11,7.636216041745095,0.7499126122135346,13.933333333333334,True
spider,phi,uncoupled,flat,rugged,12,6.003228650699826,0.7072210441002978,41.58,True
spider,phi,uncoupled,flat,rugged,13,7.125887179778618,0.7044154672535113,39.79666666666667,True
spider,phi,uncoupled,flat,rugged,14,7.70184735183537,0.7696150629623201,19.42333333333333,True
spider,phi,uncoupled,flat,rugged,15,8.051171556312353,0.7658340414834403,8.15,True
spider,phi,uncoupled,flat,rugged,16,7.0101925309085535,0.6814235826857181,25.136666666666667,True
spider,phi,uncoupled,flat,rugged,17,6.697076783723072,0.834653367734198,10.313333333333333,True
spider,phi,uncoupled,flat,rugged,18,8.131413537968083,0.7476525400084485,8.3,True
spider,phi,uncoupled,flat,rugged,19,6.915109184829465,0.6417772392399627,9.516666666666667,True
spider,phi,uncoupled,flat,rugged,20,7.543756082969091,0.7385631698865169,24.096666666666668,True
spider,phi,uncoupled,flat,rugged,21,8.011137362382783,0.7786151862628773,7.426666666666667,True
spider,phi,uncoupled,flat,rugged,22,7.474928467364524,0.7414072731506691,12.903333333333334,True
spider,phi,uncoupled,flat,rugged,23,7.162550711920336,0.7307281971701227,34.7,True
spider,phi,uncoupled,flat,rugged,24,5.799061954018782,0.5517575318201073,4.193333333333333,True
spider,phi,uncoupled,flat,rugged,25,7.616303321105016,0.7300653072533895,26.843333333333334,True
spider,phi,uncoupled,flat,rugged,26,6.4717636765601245,0.6295775763476474,7.693333333333333,True
spider,phi,uncoupled,flat,rugged,27,6.966160451632364,0.7189748361878681,20.30333333333333,True
spider,phi,uncoupled,flat,rugged,28,7.172946745443332,0.7445244623200659,29.89,True
spider,phi,uncoupled,flat,rugged,29,6.653959814689851,0.6771852732880896,36.24333333333333,True
spider,phi,uncoupled,flat,rugged,30,1.1558771165838189,0.1124771786466278,11.94,True
spider,phi,uncoupled,rugged,flat,1,8.03094725731978,0.8874309407634119,16.36,True
spider,phi,uncoupled,rugged,flat,2,8.469613979762359,0.7807568861682908,1.0633333333333332,True
spider,phi,uncoupled,rugged,flat,3,8.24054482615776,0.7887749096612083,2.82,True
spider,phi,uncoupled,rugged,flat,4,8.466910961980908,0.7644916076708199,8.286666666666667,True
spider,phi,uncoupled,rugged,flat,5,7.741646535677012,0.8304867714705964,2.566666666666667,True
spider,phi,uncoupled,rugged,flat,6,7.985814392668495,0.6521861598169016,0.39,True
spider,phi,uncoupled,rugged,flat,7,8.317998071915877,0.8259815088669943,7.666666666666667,True
spider,phi,uncoupled,rugged,flat,8,8.66420726982182,0.7925480167884307,1.4933333333333334,True
spider,phi,uncoupled,rugged,flat,9,8.453593318379097,0.7864341448987457,23.82333333333333,True
spider,phi,uncoupled,rugged,flat,10,8.361940535517103,0.7646250159270064,29.69,True
spider,phi,uncoupled,rugged,flat,11,8.609043330924125,0.7743044519752079,5.52,True
spider,phi,uncoupled,rugged,flat,12,7.982752350846933,0.7053694862115113,3.453333333333333,True
spider,phi,uncoupled,rugged,flat,13,8.445203179478682,0.7109701419728096,0.17,True
spider,phi,uncoupled,rugged,flat,14,8.912660880499661,0.7930914921201466,2.1466666666666665,True
spider,phi,uncoupled,rugged,flat,15,8.400851838092343,0.767538025125601,23.683333333333334,True
spider,phi,uncoupled,rugged,flat,16,8.968269460526216,0.7348383500182099,0.17,True
spider,phi,uncoupled,rugged,flat,17,8.00558025530108,0.8073434510847244,13.446666666666667,True
spider,phi,uncoupled,rugged,flat,18,8.267451036278912,0.7590303113051965,1.7366666666666666,True
spider,phi,uncoupled,rugged,flat,19,8.63542882285715,0.7094292599849338,2.4433333333333334,True
spider,phi,uncoupled,rugged,flat,20,5.958302888530597,0.9457454662114144,8.65,True
spider,phi,uncoupled,rugged,flat,21,8.531242205279087,0.7807560538085073,6.916666666666667,True
spider,phi,uncoupled,rugged,flat,22,7.902719462673855,0.7233016222829642,21.24,True
spider,phi,uncoupled,rugged,flat,23,8.987739848395114,0.8383233813585159,5.3966666666666665,True
spider,phi,uncoupled,rugged,flat,24,8.271275957514966,0.8239111975016922,42.33,True
spider,phi,uncoupled,rugged,flat,25,7.401138956527033,0.8409638944642327,43.35,True
spider,phi,uncoupled,rugged,flat,26,8.439443910263329,0.7619840037103416,0.2166666666666666,True
spider,phi,uncoupled,rugged,flat,27,8.375273951664832,0.762699616845024,0.9033333333333332,True
spider,phi,uncoupled,rugged,flat,28,8.605885912823856,0.6688994775510381,0.3166666666666666,True
spider,phi,uncoupled,rugged,flat,29,8.608354893163161,0.7336871509050895,0.3,True
spider,phi,uncoupled,rugged,flat,30,8.517652125663794,0.7800217069420866,0.17,True
spider,phi,uncoupled,rugged,rugged,1,8.11249299473274,0.8617165584943535,20.3,False
spider,phi,uncoupled,rugged,rugged,2,8.521513577248458,0.7837406427803497,3.14,False
spider,phi,uncoupled,rugged,rugged,3,8.31232331920007,0.8059988302087583,5.263333333333334,False
spider,phi,uncoupled,rugged,rugged,4,8.355447686215477,0.7714640865606243,11.12,False
spider,phi,uncoupled,rugged,rugged,5,8.128342867413352,0.8480117975959763,13.363333333333332,False
spider,phi,uncoupled,rugged,rugged,6,8.243929452880959,0.7216596835820955,3.88,False
spider,phi,uncoupled,rugged,rugged,7,8.067434490695732,0.8188383614991801,15.34,False
spider,phi,uncoupled,rugged,rugged,8,8.417494371260279,0.7887338325713921,7.293333333333333,False
spider,phi,uncoupled,rugged,rugged,9,8.280971729777768,0.7797752055860806,24.076666666666668,False
spider,phi,uncoupled,rugged,rugged,10,8.139068406455333,0.7835400394101574,31.75333333333333,False
spider,phi,uncoupled,rugged,rugged,11,8.597963840657084,0.7759865357129568,7.36,False
spider,phi,uncoupled,rugged,rugged,12,8.406052480597454,0.7164605716747303,5.78,False
spider,phi,uncoupled,rugged,rugged,13,8.521578906471518,0.71760048352006,1.86,False
spider,phi,uncoupled,rugged,rugged,14,8.739881410200164,0.8088508031395439,3.57,False
spider,phi,uncoupled,rugged,rugged,15,8.458682900064591,0.8013691633904887,28.08,False
spider,phi,uncoupled,rugged,rugged,16,8.880308745754242,0.755558932262973,2.2333333333333334,False
spider,phi,uncoupled,rugged,rugged,17,7.904631022961273,0.8071815516644296,15.406666666666666,False
spider,phi,uncoupled,rugged,rugged,18,8.324138625849773,0.7769392265647118,5.796666666666667,False
spider,phi,uncoupled,rugged,rugged,19,8.803723263082944,0.7146373896288086,3.526666666666667,False
spider,phi,uncoupled,rugged,rugged,20,6.329496680445886,0.9088062261160982,10.546666666666669,False
spider,phi,uncoupled,rugged,rugged,21,8.558247237878566,0.7840792617225218,7.496666666666667,False
spider,phi,uncoupled,rugged,rugged,22,8.259498543548668,0.7859416537993167,23.046666666666667,False
spider,phi,uncoupled,rugged,rugged,23,8.877811497851004,0.8239990761629368,7.12,False
spider,phi,uncoupled,rugged,rugged,24,8.110105687076494,0.8195777520878762,44.25333333333333,False
spider,phi,uncoupled,rugged,rugged,25,7.229984965135172,0.8408445545589068,44.36666666666667,False
spider,phi,uncoupled,rugged,rugged,26,8.450576233073063,0.7697263344221673,2.4,False
spider,phi,uncoupled,rugged,rugged,27,8.512934574781422,0.7812913615704601,2.8,False
spider,phi,uncoupled,rugged,rugged,28,8.37870266203518,0.6852836804742465,3.43,False
spider,phi,uncoupled,rugged,rugged,29,8.406709421455107,0.7232276494569005,1.5333333333333334,False
spider,phi,uncoupled,rugged,rugged,30,8.422301659369115,0.7878927271798236,1.2666666666666666,False
