robot,variant,coupling,train_terrain,eval_terrain,seed,distance,em,drag_pct,transfer
babya,base,blf,flat,flat,1,24.70950848542478,0.9112022790420858,6.023333333333333,False
babya,base,blf,flat,flat,2,25.71652685007643,0.928226172488422,6.69,False
babya,base,blf,flat,flat,3,21.10212351379763,0.944044759163666,17.583333333333332,False
babya,base,blf,flat,flat,4,26.44056243905732,0.9237023410430772,8.503333333333334,False
babya,base,blf,flat,flat,5,28.73817096869645,0.9680099344969528,10.1,False
babya,base,blf,flat,flat,6,21.2605144624498,0.9566580272472338,25.563333333333333,False
babya,base,blf,flat,flat,7,21.85963179314244,0.9541009980013768,36.61,False
babya,base,blf,flat,flat,8,24.35399394212862,0.952591670150719,4.37,False
babya,base,blf,flat,flat,9,15.198915034471275,0.9120280070126956,50.09666666666666,False
babya,base,blf,flat,flat,10,26.803812044105207,0.9649704079622508,9.863333333333332,False
babya,base,blf,flat,flat,11,25.34076299257013,0.954577076155878,11.903333333333334,False
babya,base,blf,flat,flat,12,24.21125544900824,0.9474887180802904,37.20666666666666,False
babya,base,blf,flat,flat,13,24.23921759546456,0.9671879645431049,17.11,False
babya,base,blf,flat,flat,14,23.0024015736306,0.9459136996710932,14.56,False
babya,base,blf,flat,flat,15,24.87937031779776,0.9615504555872696,10.2,False
babya,base,blf,flat,flat,16,11.93689915819862,0.8107603685830251,26.726666666666667,False
babya,base,blf,flat,flat,17,19.562756733315013,0.9517948160305716,19.57333333333333,False
babya,base,blf,flat,flat,18,26.507215413145595,0.922833703804742,6.486666666666666,False
babya,base,blf,flat,flat,19,27.192087500270755,0.9420836225117905,12.696666666666667,False
babya,base,blf,flat,flat,20,23.911336907229384,0.9173883387739684,5.16,False
babya,base,blf,flat,flat,21,26.09085994085229,0.9650653904576456,11.703333333333331,False
babya,base,blf,flat,flat,22,21.234901945813476,0.9675573558958168,43.17666666666667,False
babya,base,blf,flat,flat,23,27.688350483221523,0.9539967953167636,8.7,False
babya,base,blf,flat,flat,24,31.88181841131124,0.9710150557249916,7.623333333333333,False
babya,base,blf,flat,flat,25,25.9484588952712,0.955992870273888,31.94333333333333,False
babya,base,blf,flat,flat,26,26.283281902335503,0.9642126634287168,7.943333333333333,False
babya,base,blf,flat,flat,27,26.129427702946717,0.9083250435247758,12.413333333333334,False
babya,base,blf,flat,flat,28,24.98562012484146,0.9426379087542576,33.96333333333333,False
babya,base,blf,flat,flat,29,25.62064437533338,0.9435907209092974,4.24,False
babya,base,blf,flat,flat,30,23.986052040653863,0.9405118873637937,30.80666666666667,False
babya,base,blf,flat,rugged,1,1.051120792619738,0.0954999882021262,62.48333333333333,True
babya,base,blf,flat,rugged,2,12.843346837614956,0.5207581868051306,3.49,True
babya,base,blf,flat,rugged,3,4.770448413366287,0.2377873324058451,19.696666666666665,True
babya,base,blf,flat,rugged,4,3.5204599868892625,0.1428911367591399,14.706666666666669,True
babya,base,blf,flat,rugged,5,6.430545607901908,0.2876806467936099,21.81,True
babya,base,blf,flat,rugged,6,9.45337631105862,0.4953070402017119,26.446666666666665,True
babya,base,blf,flat,rugged,7,2.586773706414476,0.1289283340919951,40.31666666666667,True
babya,base,blf,flat,rugged,8,13.290528532109816,0.5849871238288652,5.72,True
babya,base,blf,flat,rugged,9,13.767475447675633,0.9104269066611868,51.75,True
babya,base,blf,flat,rugged,10,8.11779572208996,0.39428903799164,14.38,True
babya,base,blf,flat,rugged,11,16.48246223828508,0.7567408731137132,16.496666666666666,True
babya,base,blf,flat,rugged,12,4.874741077569423,0.2435222888212878,43.61,True
babya,base,blf,flat,rugged,13,14.480499486495146,0.6795355255855162,22.87,True
babya,base,blf,flat,rugged,14,3.0918074102327626,0.1502428933761995,19.01333333333333,True
babya,base,blf,flat,rugged,15,6.177944135275586,0.2881058925376625,12.713333333333331,True
babya,base,blf,flat,rugged,16,3.217883267848716,0.2334539904814498,33.29666666666667,True
babya,base,blf,flat,rugged,17,12.930000876693295,0.6917132291522162,24.34,True
babya,base,blf,flat,rugged,18,3.95184513585318,0.1588790164177585,8.336666666666666,True
babya,base,blf,flat,rugged,19,22.454889330967585,0.8876628546930754,17.303333333333335,True
babya,base,blf,flat,rugged,20,7.049684597610978,0.3106109154361521,9.643333333333333,True
babya,base,blf,flat,rugged,21,9.105876428227678,0.3830039923109289,15.74,True
babya,base,blf,flat,rugged,22,3.894151434074419,0.1927336008215466,47.02666666666666,True
babya,base,blf,flat,rugged,23,5.013909309080925,0.2189434516249569,16.413333333333334,True
babya,base,blf,flat,rugged,24,6.187783333737052,0.2931435280365178,9.81,True
babya,base,blf,flat,rugged,25,11.73790340879886,0.5197263326745367,34.446666666666665,True
babya,base,blf,flat,rugged,26,18.70881786072428,0.7852925891052257,8.003333333333334,True
babya,base,blf,flat,rugged,27,1.520761859556886,0.1896467489077607,65.7,True
babya,base,blf,flat,rugged,28,18.40700221460709,0.7511051902164905,33.68333333333333,True
babya,base,blf,flat,rugged,29,4.602149454090229,0.3249025410375986,46.18,True
babya,base,blf,flat,rugged,30,1.0119215051009751,0.0461396995143572,33.42,True
babya,base,blf,rugged,flat,1,19.34376550731027,0.919454561096816,7.193333333333333,True
babya,base,blf,rugged,flat,2,22.53016046882817,0.9565757592746889,30.846666666666668,True
babya,base,blf,rugged,flat,3,16.498312952838674,0.8051516728514678,30.1,True
babya,base,blf,rugged,flat,4,22.06951852223381,0.9594078397686392,15.436666666666667,True
babya,base,blf,rugged,flat,5,15.171535482201872,0.9228535727780116,60.193333333333335,True
babya,base,blf,rugged,flat,6,20.48559658443772,0.9500964545167396,27.636666666666667,True
babya,base,blf,rugged,flat,7,20.395521697608,0.9077054825915676,2.223333333333333,True
babya,base,blf,rugged,flat,8,15.92723380397956,0.8191064770661689,45.42666666666667,True
babya,base,blf,rugged,flat,9,14.336966282719288,0.8263025370213828,26.46,True
babya,base,blf,rugged,flat,10,23.21568756144641,0.9257819113520972,7.533333333333333,True
babya,base,blf,rugged,flat,11,16.91669756535258,0.9107774583706786,2.4166666666666665,True
babya,base,blf,rugged,flat,12,14.107773896460884,0.6958246625603149,21.136666666666667,True
babya,base,blf,rugged,flat,13,23.24477403478392,0.8813874119885375,3.303333333333333,True
babya,base,blf,rugged,flat,14,23.75184097193937,0.9249899955817356,9.026666666666667,True
babya,base,blf,rugged,flat,15,18.50861610788118,0.9067562830312068,2.8766666666666665,True
babya,base,blf,rugged,flat,16,16.96115150007457,0.8196198297195825,6.876666666666667,True
babya,base,blf,rugged,flat,17,19.084714165081724,0.7578105992173005,24.75333333333333,True
babya,base,blf,rugged,flat,18,17.684771629773085,0.8838826836281372,32.88333333333333,True
babya,base,blf,rugged,flat,19,16.61683574517365,0.8192133909927848,47.79666666666667,True
babya,base,blf,rugged,flat,20,20.642141114549663,0.930999038829202,6.99,True
babya,base,blf,rugged,flat,21,23.41076088180098,0.9458659269503648,17.666666666666668,True
babya,base,blf,rugged,flat,22,17.07150722060806,0.8727821543697768,2.39,True
babya,base,blf,rugged,flat,23,24.68207491528894,0.9355702820571756,25.05666666666667,True
babya,base,blf,rugged,flat,24,15.491691315916423,0.8942705425514762,0.17,True
babya,base,blf,rugged,flat,25,19.290760328881337,0.934794560337361,23.61,True
babya,base,blf,rugged,flat,26,17.3570693548895,0.8331754446013528,43.96333333333333,True
babya,base,blf,rugged,flat,27,21.872214970108296,0.8760961542798904,21.27,True
babya,base,blf,rugged,flat,28,25.54136802963347,0.9605447508482596,10.4,True
babya,base,blf,rugged,flat,29,19.51519995065993,0.8324651671520557,7.523333333333333,True
babya,base,blf,rugged,flat,30,22.039505191021277,0.9262309693972154,23.826666666666668,True
babya,base,blf,rugged,rugged,1,19.12198304759909,0.8950231275339701,7.1066666666666665,False
babya,base,blf,rugged,rugged,2,21.100271304693724,0.93433267777594,33.06,False
babya,base,blf,rugged,rugged,3,16.987241101695698,0.7937256395271309,29.43,False
babya,base,blf,rugged,rugged,4,18.995978424358515,0.933495552200144,19.346666666666668,False
babya,base,blf,rugged,rugged,5,14.76823696836812,0.9296528379312248,57.45,False
babya,base,blf,rugged,rugged,6,19.1668966348934,0.9299606026791772,32.39666666666667,False
babya,base,blf,rugged,rugged,7,21.446077781537333,0.9099992341416988,3.28,False
babya,base,blf,rugged,rugged,8,16.22161509956041,0.8483782829769113,45.81333333333333,False
babya,base,blf,rugged,rugged,9,14.202476845881906,0.8006513943643079,27.343333333333334,False
babya,base,blf,rugged,rugged,10,21.810852078996444,0.9234350646333024,9.103333333333332,False
babya,base,blf,rugged,rugged,11,18.288825844473163,0.9326305204941716,2.9566666666666666,False
babya,base,blf,rugged,rugged,12,17.58327471840466,0.8919279322833398,23.54,False
babya,base,blf,rugged,rugged,13,22.272878899458085,0.8818942912691139,4.303333333333334,False
babya,base,blf,rugged,rugged,14,23.224818891376565,0.9166421575046896,9.593333333333334,False
babya,base,blf,rugged,rugged,15,19.8678057385271,0.912504183505374,3.56,False
babya,base,blf,rugged,rugged,16,17.872628676186487,0.9025813619535152,8.103333333333333,False
babya,base,blf,rugged,rugged,17,21.975790243893854,0.9359914211585172,23.51,False
babya,base,blf,rugged,rugged,18,18.83574690355807,0.917636800827114,30.796666666666667,False
babya,base,blf,rugged,rugged,19,16.59911581057695,0.8296064168543056,50.736666666666665,False
babya,base,blf,rugged,rugged,20,20.382224056435348,0.9187156287596516,8.066666666666666,False
babya,base,blf,rugged,rugged,21,22.48328385091853,0.9367608249329644,18.39333333333333,False
babya,base,blf,rugged,rugged,22,17.014614967045812,0.8901058250671406,4.3933333333333335,False
babya,base,blf,rugged,rugged,23,24.79540086234497,0.9213306645701326,21.92333333333333,False
babya,base,blf,rugged,rugged,24,15.728014772900826,0.8945818849996224,0.2266666666666666,False
babya,base,blf,rugged,rugged,25,19.66073646790656,0.9350560028890966,24.566666666666663,False
babya,base,blf,rugged,rugged,26,17.887241092830426,0.901277565447708,44.50333333333333,False
babya,base,blf,rugged,rugged,27,23.910897819559345,0.9153611920529028,19.11,False
babya,base,blf,rugged,rugged,28,23.440497248216737,0.9502037003294752,12.513333333333334,False
babya,base,blf,rugged,rugged,29,20.48520015655945,0.9199727459691124,8.133333333333333,False
babya,base,blf,rugged,rugged,30,21.07369351935549,0.919754900000675,24.05333333333333,False
babya,phi,uncoupled,flat,flat,1,7.748425291039335,0.5392869032283544,38.55,False
babya,phi,uncoupled,flat,flat,2,14.00554959345652,0.807588228261861,11.886666666666668,False
babya,phi,uncoupled,flat,flat,3,13.261622025970356,0.8176856924241122,1.23,False
babya,phi,uncoupled,flat,flat,4,22.050312073843035,0.8749583103053556,0.2433333333333333,False
babya,phi,uncoupled,flat,flat,5,9.810547761255174,0.6980921377197404,25.46333333333333,False
babya,phi,uncoupled,flat,flat,6,13.478449298397903,0.7399406649568345,15.293333333333331,False
babya,phi,uncoupled,flat,flat,7,7.190406957922788,0.7494449974926978,0.1733333333333333,False
babya,phi,uncoupled,flat,flat,8,8.17306174592679,0.8563741643171598,52.973333333333336,False
babya,phi,uncoupled,flat,flat,9,7.255729126607404,0.7212157520611361,0.19,False
babya,phi,uncoupled,flat,flat,10,14.85751898067205,0.6690077876933341,28.906666666666663,False
babya,phi,uncoupled,flat,flat,11,13.511825058749295,0.7038254808127471,6.243333333333333,False
babya,phi,uncoupled,flat,flat,12,7.096393428071671,0.5415308301830336,38.46666666666667,False
babya,phi,uncoupled,flat,flat,13,11.228974947191062,0.7705544786946303,39.4,False
babya,phi,uncoupled,flat,flat,14,8.38818638311591,0.5375486039189149,6.843333333333334,False
babya,phi,uncoupled,flat,flat,15,12.011705663922532,0.6568378132822961,11.41,False
babya,phi,uncoupled,flat,flat,16,13.968219897870432,0.6919430175750605,3.756666666666667,False
babya,phi,uncoupled,flat,flat,17,12.328928394863103,0.8739361601798102,15.606666666666667,False
babya,phi,uncoupled,flat,flat,18,10.118083229875156,0.6794355118325958,32.28,False
babya,phi,uncoupled,flat,flat,19,12.573570564058947,0.7925969156800762,1.1833333333333331,False
babya,phi,uncoupled,flat,flat,20,9.92098849143132,0.7576211781466924,55.876666666666665,False
babya,phi,uncoupled,flat,flat,21,7.122026863253168,0.468823644698763,15.916666666666666,False
babya,phi,uncoupled,flat,flat,22,11.893223999806713,0.8104720408038842,0.9233333333333332,False
babya,phi,uncoupled,flat,flat,23,9.691898221484577,0.5672633511449816,39.27666666666666,False
babya,phi,uncoupled,flat,flat,24,9.706837551444364,0.7232579415109016,2.37,False
babya,phi,uncoupled,flat,flat,25,10.25714720698472,0.7117925955335251,49.08,False
babya,phi,uncoupled,flat,flat,26,10.608617605494134,0.737472818100776,40.09333333333333,False
babya,phi,uncoupled,flat,flat,27,12.19567254526153,0.6529850449452836,17.933333333333334,False
babya,phi,uncoupled,flat,flat,28,5.100576813186756,0.4917621865177168,63.02,False
babya,phi,uncoupled,flat,flat,29,13.392396655420248,0.8860284858842055,18.11,False
babya,phi,uncoupled,flat,flat,30,13.19948636787396,0.8336205304118082,21.006666666666668,False
babya,phi,uncoupled,flat,rugged,1,7.335917543348451,0.5297432503589891,37.03666666666667,True
babya,phi,uncoupled,flat,rugged,2,11.63661851174968,0.699755584551529,13.913333333333334,True
babya,phi,uncoupled,flat,rugged,3,12.604118849648714,0.7691848072263543,4.663333333333333,True
babya,phi,uncoupled,flat,rugged,4,16.846320508686894,0.7437968593102359,1.5466666666666666,True
babya,phi,uncoupled,flat,rugged,5,7.103126831069969,0.5516008047185951,19.30666666666667,True
babya,phi,uncoupled,flat,rugged,6,3.2117590922423074,0.1813466235815456,16.02,True
babya,phi,uncoupled,flat,rugged,7,3.5824132946988345,0.5072343938436229,0.0,True
babya,phi,uncoupled,flat,rugged,8,3.789557710205585,0.4245162689887468,55.57333333333333,True
babya,phi,uncoupled,flat,rugged,9,4.2766768780312345,0.4633664842391633,0.0,True
babya,phi,uncoupled,flat,rugged,10,4.284390160687335,0.211916385877115,28.15,True
babya,phi,uncoupled,flat,rugged,11,6.050493230924561,0.3703444710866326,6.073333333333333,True
babya,phi,uncoupled,flat,rugged,12,5.4367478543292185,0.4804595118478929,41.66333333333333,True
babya,phi,uncoupled,flat,rugged,13,6.820465437906446,0.5264049281715599,41.6,True
babya,phi,uncoupled,flat,rugged,14,3.660143537030264,0.2559841389598741,15.02,True
babya,phi,uncoupled,flat,rugged,15,9.224012701183154,0.5324357038982236,12.73,True
babya,phi,uncoupled,flat,rugged,16,6.725162792297032,0.4856299305847291,19.95,True
babya,phi,uncoupled,flat,rugged,17,6.494299310994307,0.5190199092910129,18.71333333333333,True
babya,phi,uncoupled,flat,rugged,18,7.767943757774139,0.5334241493853145,34.39666666666667,True
babya,phi,uncoupled,flat,rugged,19,6.377399968971282,0.4476648012193361,2.9266666666666667,True
babya,phi,uncoupled,flat,rugged,20,7.18931041191688,0.5812538760293026,55.56333333333333,True
babya,phi,uncoupled,flat,rugged,21,5.12455564439538,0.3913623278492714,20.456666666666667,True
babya,phi,uncoupled,flat,rugged,22,9.108114679008477,0.6926360064016502,2.16,True
babya,phi,uncoupled,flat,rugged,23,2.922074896808412,0.2018277955557016,40.806666666666665,True
babya,phi,uncoupled,flat,rugged,24,9.075650667791216,0.6751936225753346,2.73,True
babya,phi,uncoupled,flat,rugged,25,2.058129610400041,0.2027242158916503,62.89666666666667,True
babya,phi,uncoupled,flat,rugged,26,2.191556233989379,0.2981388569877875,78.07666666666667,True
babya,phi,uncoupled,flat,rugged,27,8.960312685821958,0.4872241806484426,19.87333333333333,True
babya,phi,uncoupled,flat,rugged,28,3.185375505684174,0.3423372070490157,61.89333333333333,True
babya,phi,uncoupled,flat,rugged,29,1.6027191429852017,0.1113586528500829,26.006666666666668,True
babya,phi,uncoupled,flat,rugged,30,11.004954643993887,0.742305251485399,21.29,True
babya,phi,uncoupled,rugged,flat,1,1.4320249684351711,0.2282428909311993,67.74,True
babya,phi,uncoupled,rugged,flat,2,10.790059782801467,0.7979881404166604,9.56,True
babya,phi,uncoupled,rugged,flat,3,9.987677327962796,0.7328448469959936,25.266666666666666,True
babya,phi,uncoupled,rugged,flat,4,10.07320047488476,0.8074511798132299,16.833333333333332,True
babya,phi,uncoupled,rugged,flat,5,13.21340595695684,0.782813701600827,14.153333333333334,True
babya,phi,uncoupled,rugged,flat,6,11.811870398139853,0.699692459153911,1.2866666666666666,True
babya,phi,uncoupled,rugged,flat,7,11.2171970288114,0.6847580711807059,9.756666666666666,True
babya,phi,uncoupled,rugged,flat,8,11.074151992373745,0.8175193593997493,39.14333333333333,True
babya,phi,uncoupled,rugged,flat,9,11.050722402977495,0.7634092617802608,12.35,True
babya,phi,uncoupled,rugged,flat,10,14.808260811400284,0.7853744128140561,6.673333333333333,True
babya,phi,uncoupled,rugged,flat,11,10.319650371705876,0.7720676668709838,22.096666666666668,True
babya,phi,uncoupled,rugged,flat,12,8.539487804575698,0.6016465948916755,17.10333333333333,True
babya,phi,uncoupled,rugged,flat,13,14.70073116426457,0.8804255693869428,0.1733333333333333,True
babya,phi,uncoupled,rugged,flat,14,6.132733584454775,0.5339023702059178,29.35,True
babya,phi,uncoupled,rugged,flat,15,8.776821009340091,0.5127719542269817,10.91,True
babya,phi,uncoupled,rugged,flat,16,18.029887027331853,0.8820251690205261,6.203333333333333,True
babya,phi,uncoupled,rugged,flat,17,8.314318124436516,0.5231817729674759,0.4,True
babya,phi,uncoupled,rugged,flat,18,13.687092573313729,0.8292739715909643,30.953333333333333,True
babya,phi,uncoupled,rugged,flat,19,6.941511768544613,0.4391290729285261,34.32666666666667,True
babya,phi,uncoupled,rugged,flat,20,6.055413531567782,0.5120518833988962,49.52,True
babya,phi,uncoupled,rugged,flat,21,10.10562895336915,0.7708956227752687,7.333333333333333,True
babya,phi,uncoupled,rugged,flat,22,8.362874518645482,0.598982768631308,26.72,True
babya,phi,uncoupled,rugged,flat,23,0.6298347488643123,0.0821801967361885,79.01666666666667,True
babya,phi,uncoupled,rugged,flat,24,8.476383458163516,0.5581737855283602,0.1733333333333333,True
babya,phi,uncoupled,rugged,flat,25,13.04977707747514,0.8603061213559462,1.2766666666666666,True
babya,phi,uncoupled,rugged,flat,26,11.439453005318754,0.6787045598060243,6.45,True
babya,phi,uncoupled,rugged,flat,27,6.101822225383819,0.4338786036702879,23.336666666666662,True
babya,phi,uncoupled,rugged,flat,28,9.39097275211352,0.7074441245651253,28.036666666666665,True
babya,phi,uncoupled,rugged,flat,29,8.276884872650738,0.6370024965864255,16.536666666666665,True
babya,phi,uncoupled,rugged,flat,30,8.770192466279866,0.6764687065679399,19.41333333333333,True
babya,phi,uncoupled,rugged,rugged,1,7.71243267157426,0.5756494531418013,4.256666666666667,False
babya,phi,uncoupled,rugged,rugged,2,11.077646098649224,0.8170773208582861,9.58,False
babya,phi,uncoupled,rugged,rugged,3,10.349574917897026,0.7764207350033357,24.626666666666665,False
babya,phi,uncoupled,rugged,rugged,4,10.425956810314757,0.8279321605081739,17.233333333333334,False
babya,phi,uncoupled,rugged,rugged,5,13.154245056990368,0.7880838902896342,13.626666666666669,False
babya,phi,uncoupled,rugged,rugged,6,15.308729344042035,0.8921611461046028,2.2066666666666666,False
babya,phi,uncoupled,rugged,rugged,7,13.611950251714712,0.8323651308806912,10.413333333333334,False
babya,phi,uncoupled,rugged,rugged,8,10.730834873694151,0.8143789845643465,38.53666666666667,False
babya,phi,uncoupled,rugged,rugged,9,12.219679591892676,0.8234418308933469,14.71,False
babya,phi,uncoupled,rugged,rugged,10,13.500020099523704,0.7362400192885532,7.12,False
babya,phi,uncoupled,rugged,rugged,11,9.898250223641618,0.7140291567742673,23.696666666666665,False
babya,phi,uncoupled,rugged,rugged,12,10.730585264449475,0.7497117194142915,18.936666666666667,False
babya,phi,uncoupled,rugged,rugged,13,13.792306941974193,0.8817686622778267,0.0,False
babya,phi,uncoupled,rugged,rugged,14,7.929944768292666,0.6838630457192828,29.006666666666668,False
babya,phi,uncoupled,rugged,rugged,15,13.214344914150418,0.7485759442520162,13.41,False
babya,phi,uncoupled,rugged,rugged,16,18.248446984141864,0.8542455988421304,6.1433333333333335,False
babya,phi,uncoupled,rugged,rugged,17,9.397913558950105,0.5939271379476269,0.37,False
babya,phi,uncoupled,rugged,rugged,18,13.319458876650325,0.8216353296554769,32.89666666666667,False
babya,phi,uncoupled,rugged,rugged,19,11.213605061109748,0.7135891385560221,35.413333333333334,False
babya,phi,uncoupled,rugged,rugged,20,13.64513969533306,0.807914050037888,18.59,False
babya,phi,uncoupled,rugged,rugged,21,10.273803691426066,0.7910410525226499,7.1466666666666665,False
babya,phi,uncoupled,rugged,rugged,22,8.602792695755879,0.6350703270419839,29.523333333333333,False
babya,phi,uncoupled,rugged,rugged,23,16.80778535058734,0.8233579025711913,26.066666666666663,False
babya,phi,uncoupled,rugged,rugged,24,8.542528344629806,0.5616742511756458,0.0,False
babya,phi,uncoupled,rugged,rugged,25,12.63479716683309,0.8545807397746005,1.6733333333333331,False
babya,phi,uncoupled,rugged,rugged,26,14.263161441201657,0.8101270513770141,6.613333333333333,False
babya,phi,uncoupled,rugged,rugged,27,7.988268622624103,0.6238929110214952,28.39,False
babya,phi,uncoupled,rugged,rugged,28,9.03992351359016,0.7088206147678808,28.4,False
babya,phi,uncoupled,rugged,rugged,29,8.246525459483742,0.6534332452441687,17.143333333333334,False
babya,phi,uncoupled,rugged,rugged,30,8.952749727624562,0.6727307920478474,24.036666666666665,False
ege,base,blf,flat,flat,1,6.644662075404376,0.57403518843269,14.793333333333331,False
ege,base,blf,flat,flat,2,7.571150942422376,0.581897425454718,49.09666666666666,False
ege,base,blf,flat,flat,3,12.59884702975652,0.7152683436306557,30.946666666666665,False
ege,base,blf,flat,flat,4,8.359511920726838,0.6537248151981189,15.616666666666667,False
ege,base,blf,flat,flat,5,7.074444044310265,0.6172555916282835,15.23,False
ege,base,blf,flat,flat,6,14.810954670362332,0.8865501881671038,10.093333333333334,False
ege,base,blf,flat,flat,7,6.847171895336606,0.6064296768877084,23.33333333333333,False
ege,base,blf,flat,flat,8,12.885011640833532,0.7329091632306641,40.41,False
ege,base,blf,flat,flat,9,4.623438871964424,0.6735873156102575,5.726666666666667,False
ege,base,blf,flat,flat,10,10.558222902169286,0.729142294060019,16.55666666666667,False
ege,base,blf,flat,flat,11,8.204947114568483,0.6313422504683458,14.776666666666667,False
ege,base,blf,flat,flat,12,17.256286338110108,0.9241753276648608,44.36,False
ege,base,blf,flat,flat,13,10.611558688300212,0.6569121361250023,14.596666666666666,False
ege,base,blf,flat,flat,14,11.221107777333016,0.7063265660975185,52.45666666666666,False
ege,base,blf,flat,flat,15,13.155216503239192,0.8725912226894362,4.49,False
ege,base,blf,flat,flat,16,12.107286211231743,0.8508318675115539,0.4966666666666666,False
ege,base,blf,flat,flat,17,10.48630529271893,0.7498131942669706,14.953333333333331,False
ege,base,blf,flat,flat,18,11.350255856299029,0.7856422545742471,56.43,False
ege,base,blf,flat,flat,19,11.75338330542991,0.752884434316449,24.626666666666665,False
ege,base,blf,flat,flat,20,10.434247745101027,0.6219114658791709,15.7,False
ege,base,blf,flat,flat,21,8.45121902398627,0.8060033455500123,27.01,False
ege,base,blf,flat,flat,22,15.308622688520934,0.8411820880934409,3.1566666666666667,False
ege,base,blf,flat,flat,23,7.2172299553652515,0.6018702369989394,59.82333333333333,False
ege,base,blf,flat,flat,24,7.029237268677828,0.6137780073508797,54.09666666666666,False
ege,base,blf,flat,flat,25,15.621400887192673,0.903152123151058,41.02333333333333,False
ege,base,blf,flat,flat,26,9.008979779326628,0.6247361362116214,44.57333333333333,False
ege,base,blf,flat,flat,27,10.973686707595624,0.7662863765990334,12.046666666666669,False
ege,base,blf,flat,flat,28,9.203869787251872,0.6625281445246598,58.67,False
ege,base,blf,flat,flat,29,13.911582023753594,0.958855578461016,50.45666666666666,False
ege,base,blf,flat,flat,30,9.636188209691802,0.7358911565289866,20.343333333333334,False
ege,base,blf,flat,rugged,1,4.710749828784779,0.4467979649975503,16.73,True
ege,base,blf,flat,rugged,2,6.440349956055947,0.5318591573215397,51.78,True
ege,base,blf,flat,rugged,3,2.9859352225587625,0.1891748354956162,23.73,True
ege,base,blf,flat,rugged,4,2.0603109531348216,0.1996935687431113,15.72,True
ege,base,blf,flat,rugged,5,5.816818190631273,0.5469823294310786,16.05,True
ege,base,blf,flat,rugged,6,6.943952956209459,0.5330946663314704,19.406666666666663,True
ege,base,blf,flat,rugged,7,2.325824957970229,0.2923794606574312,40.99333333333333,True
ege,base,blf,flat,rugged,8,6.2113724422109735,0.4476576578507675,41.75,True
ege,base,blf,flat,rugged,9,3.982838245382733,0.6084704156906791,5.973333333333334,True
ege,base,blf,flat,rugged,10,2.7978153152463303,0.2632149952446262,24.166666666666668,True
ege,base,blf,flat,rugged,11,4.737422203613074,0.4455863128283806,18.543333333333333,True
ege,base,blf,flat,rugged,12,9.784043719457618,0.6713195201517776,43.47,True
ege,base,blf,flat,rugged,13,4.091222994994118,0.3199889470845409,15.883333333333333,True
ege,base,blf,flat,rugged,14,7.346518075501409,0.5093952641223531,51.97666666666667,True
ege,base,blf,flat,rugged,15,10.626045158612564,0.8047553400259913,4.386666666666667,True
ege,base,blf,flat,rugged,16,5.149060718212918,0.3999579810641551,2.9766666666666666,True
ege,base,blf,flat,rugged,17,3.66488553815007,0.3578524386528935,21.7,True
ege,base,blf,flat,rugged,18,1.4994385094237237,0.1169765319546322,53.54666666666667,True
ege,base,blf,flat,rugged,19,1.471077803320173,0.1148894859678413,30.39666666666667,True
ege,base,blf,flat,rugged,20,1.5989535232545726,0.3344898799695391,80.33,True
ege,base,blf,flat,rugged,21,4.864337681831275,0.5196881419971938,30.89,True
ege,base,blf,flat,rugged,22,2.6992886848882014,0.1886501704261212,5.14,True
ege,base,blf,flat,rugged,23,4.712249405586705,0.4184675259940384,58.53666666666667,True
ege,base,blf,flat,rugged,24,1.7397501451878792,0.2006426178149178,54.986666666666665,True
ege,base,blf,flat,rugged,25,7.415692446472946,0.4735376533447766,52.22,True
ege,base,blf,flat,rugged,26,6.879474211695762,0.5308797789103676,47.43333333333333,True
ege,base,blf,flat,rugged,27,5.535924455759592,0.5919216655744493,18.96,True
ege,base,blf,flat,rugged,28,5.899577080101918,0.4615396709466177,57.373333333333335,True
ege,base,blf,flat,rugged,29,7.658579223751255,0.5520067638412014,52.77666666666666,True
ege,base,blf,flat,rugged,30,7.378817041102227,0.6065199119494854,23.03333333333333,True
ege,base,blf,rugged,flat,1,12.041453468063082,0.869687749168123,18.936666666666667,True
ege,base,blf,rugged,flat,2,6.838920786385074,0.5529388397381246,48.33,True
ege,base,blf,rugged,flat,3,6.006467951210451,0.5085491475510916,20.433333333333334,True
ege,base,blf,rugged,flat,4,9.822536930491545,0.5640638601216658,27.42333333333333,True
ege,base,blf,rugged,flat,5,9.458014689587875,0.8206894427820521,6.25,True
ege,base,blf,rugged,flat,6,7.81179425397282,0.8078394905796918,57.693333333333335,True
ege,base,blf,rugged,flat,7,11.2532274955157,0.7627039618588421,43.82333333333333,True
ege,base,blf,rugged,flat,8,8.245700461668054,0.6353141418685994,15.843333333333334,True
ege,base,blf,rugged,flat,9,13.989007880150586,0.841837339150936,36.07666666666667,True
ege,base,blf,rugged,flat,10,6.228822704574379,0.4539566417906396,15.843333333333334,True
ege,base,blf,rugged,flat,11,8.891442554823573,0.7839854741776464,12.09,True
ege,base,blf,rugged,flat,12,7.481164331362192,0.540461046428463,43.443333333333335,True
ege,base,blf,rugged,flat,13,6.042343107220409,0.5863763654651214,38.10333333333333,True
ege,base,blf,rugged,flat,14,7.258256929709956,0.8357750819407149,63.35,True
ege,base,blf,rugged,flat,15,12.080835023927218,0.8637978588703978,32.63333333333333,True
ege,base,blf,rugged,flat,16,9.706091078036543,0.5674844357194664,28.383333333333333,True
ege,base,blf,rugged,flat,17,9.779232491734009,0.78985264018789,1.7033333333333334,True
ege,base,blf,rugged,flat,18,5.146951397639579,0.5780480814871356,48.57,True
ege,base,blf,rugged,flat,19,10.299340939896998,0.7196383241139691,43.74333333333333,True
ege,base,blf,rugged,flat,20,9.409182807524529,0.5736432398193062,29.133333333333333,True
ege,base,blf,rugged,flat,21,8.24643065650284,0.671371107017829,56.07,True
ege,base,blf,rugged,flat,22,10.743966012716273,0.8102560494037254,55.306666666666665,True
ege,base,blf,rugged,flat,23,13.88057286690062,0.8400584731743287,27.506666666666668,True
ege,base,blf,rugged,flat,24,11.453824717184398,0.7074045986938232,28.08333333333333,True
ege,base,blf,rugged,flat,25,8.240101391097877,0.6374397948206298,51.99666666666667,True
ege,base,blf,rugged,flat,26,9.365559330572356,0.7839835028434822,6.736666666666666,True
ege,base,blf,rugged,flat,27,11.376876677411678,0.8300300351123416,48.053333333333335,True
ege,base,blf,rugged,flat,28,6.580951793527058,0.5262122791366933,35.02,True
ege,base,blf,rugged,flat,29,8.888973785206275,0.5955704569919894,41.39666666666667,True
ege,base,blf,rugged,flat,30,7.189602036791068,0.8174337979410086,60.653333333333336,True
ege,base,blf,rugged,rugged,1,11.529778125525288,0.8559529694762209,23.383333333333333,False
ege,base,blf,rugged,rugged,2,7.8558165800656035,0.6284226602344583,45.99,False
ege,base,blf,rugged,rugged,3,6.628221362337788,0.5706798709243842,23.15333333333333,False
ege,base,blf,rugged,rugged,4,10.26987988218256,0.6114088188839613,26.74,False
ege,base,blf,rugged,rugged,5,8.908212638437899,0.7847166977362747,7.96,False
ege,base,blf,rugged,rugged,6,7.957851439709138,0.8138732151726039,59.09666666666666,False
ege,base,blf,rugged,rugged,7,11.74964652025932,0.8165704440413576,44.50666666666667,False
ege,base,blf,rugged,rugged,8,8.519929282711106,0.6641865908191599,16.4,False
ege,base,blf,rugged,rugged,9,13.2310755759054,0.8037422028036174,35.92,False
ege,base,blf,rugged,rugged,10,9.014373270637744,0.6645508434359143,16.253333333333334,False
ege,base,blf,rugged,rugged,11,8.877064021510234,0.7896913223927294,16.006666666666668,False
ege,base,blf,rugged,rugged,12,7.919741932236334,0.5917103627894119,41.873333333333335,False
ege,base,blf,rugged,rugged,13,6.960445830231477,0.7015246334016222,39.0,False
ege,base,blf,rugged,rugged,14,7.284596648344047,0.8112981146375005,62.17333333333333,False
ege,base,blf,rugged,rugged,15,11.280681959024385,0.8227706926451096,32.53,False
ege,base,blf,rugged,rugged,16,9.664376336616751,0.61120414313682,24.996666666666663,False
ege,base,blf,rugged,rugged,17,9.523091557611618,0.7755851655160444,4.51,False
ege,base,blf,rugged,rugged,18,5.082530318896631,0.5737018370327941,53.943333333333335,False
ege,base,blf,rugged,rugged,19,12.49530282370474,0.8718137026236128,47.88333333333333,False
ege,base,blf,rugged,rugged,20,11.095338967196115,0.7158277124910785,31.336666666666662,False
ege,base,blf,rugged,rugged,21,10.19188805796519,0.7816333955871481,54.53,False
ege,base,blf,rugged,rugged,22,10.332121439058817,0.7724944389992028,53.93,False
ege,base,blf,rugged,rugged,23,14.088085807700574,0.8407694399629696,28.346666666666668,False
ege,base,blf,rugged,rugged,24,10.328741520821955,0.6449737878960388,26.926666666666662,False
ege,base,blf,rugged,rugged,25,7.709036163894058,0.5933402837468279,48.78333333333333,False
ege,base,blf,rugged,rugged,26,9.603715564852294,0.7924733751626927,9.586666666666666,False
ege,base,blf,rugged,rugged,27,10.77007518437351,0.8466362592377482,50.59333333333333,False
ege,base,blf,rugged,rugged,28,7.025619223161045,0.5857008788976898,34.77333333333333,False
ege,base,blf,rugged,rugged,29,8.779161463768212,0.6024317205337263,39.03,False
ege,base,blf,rugged,rugged,30,7.610032207514359,0.8635481478277212,61.18,False
ege,phi,uncoupled,flat,flat,1,7.514302257544354,0.5853079338865457,50.53,False
ege,phi,uncoupled,flat,flat,2,11.154627928650743,0.7758548834121851,34.68,False
ege,phi,uncoupled,flat,flat,3,11.716953926009234,0.6750701607480837,17.026666666666667,False
ege,phi,uncoupled,flat,flat,4,8.38243851087757,0.6968698450079476,14.426666666666666,False
ege,phi,uncoupled,flat,flat,5,9.773999638243804,0.6534547918431552,15.886666666666668,False
ege,phi,uncoupled,flat,flat,6,8.95323813244323,0.6764904389877479,10.966666666666669,False
ege,phi,uncoupled,flat,flat,7,6.886808140488945,0.5378078071272749,37.49,False
ege,phi,uncoupled,flat,flat,8,9.424847544818595,0.6299720634429085,53.93333333333333,False
ege,phi,uncoupled,flat,flat,9,6.400263882368834,0.5240054313370378,56.263333333333335,False
ege,phi,uncoupled,flat,flat,10,7.361022237016909,0.5446678496624497,33.73,False
ege,phi,uncoupled,flat,flat,11,10.621872000752148,0.5981193781731259,17.72,False
ege,phi,uncoupled,flat,flat,12,5.104519866335124,0.5112834973091831,24.67333333333333,False
ege,phi,uncoupled,flat,flat,13,10.644628581627131,0.631159082063198,21.36,False
ege,phi,uncoupled,flat,flat,14,8.391260844737369,0.5583216895503726,21.59,False
ege,phi,uncoupled,flat,flat,15,8.10043154605989,0.592587908815385,24.846666666666668,False
ege,phi,uncoupled,flat,flat,16,5.699151354933268,0.6737490457292666,49.53333333333333,False
ege,phi,uncoupled,flat,flat,17,8.054972154739165,0.6258349000912236,34.57666666666667,False
ege,phi,uncoupled,flat,flat,18,10.421648761201968,0.7145226072554934,38.20666666666666,False
ege,phi,uncoupled,flat,flat,19,7.603153637358293,0.8704519192643996,26.703333333333333,False
ege,phi,uncoupled,flat,flat,20,6.298284656544412,0.5360687995530095,37.95666666666666,False
ege,phi,uncoupled,flat,flat,21,11.615197653573327,0.667304526482085,19.77,False
ege,phi,uncoupled,flat,flat,22,9.0672869993806,0.6254574433712733,22.256666666666668,False
ege,phi,uncoupled,flat,flat,23,5.831917880073458,0.528414074634031,58.16,False
ege,phi,uncoupled,flat,flat,24,8.532707457153512,0.5972961565049534,22.44,False
ege,phi,uncoupled,flat,flat,25,6.256299615812366,0.5204763257122124,65.83666666666667,False
ege,phi,uncoupled,flat,flat,26,6.997331265571292,0.5258997468443475,36.54,False
ege,phi,uncoupled,flat,flat,27,8.235995197969926,0.5590218844823732,40.55,False
ege,phi,uncoupled,flat,flat,28,10.041513031731489,0.6959629933524487,23.786666666666665,False
ege,phi,uncoupled,flat,flat,29,7.304660156424465,0.5402399443816084,22.71,False
ege,phi,uncoupled,flat,flat,30,6.6169946746064285,0.4701915607091065,34.57666666666667,False
ege,phi,uncoupled,flat,rugged,1,6.005278362959603,0.5186668416142821,49.38666666666666,True
ege,phi,uncoupled,flat,rugged,2,0.1090498062976367,0.0090094522079851,37.876666666666665,True
ege,phi,uncoupled,flat,rugged,3,8.58166800546292,0.567870005430881,23.04,True
ege,phi,uncoupled,flat,rugged,4,6.045377345387541,0.6137460583524245,19.076666666666668,True
ege,phi,uncoupled,flat,rugged,5,8.198339951529704,0.6044564620715538,18.08,True
ege,phi,uncoupled,flat,rugged,6,5.3826491380895645,0.5086000333905301,15.69,True
ege,phi,uncoupled,flat,rugged,7,5.048928859954105,0.4273534930229929,39.21666666666667,True
ege,phi,uncoupled,flat,rugged,8,0.3312466945054164,0.0309498357069032,64.29333333333334,True
ege,phi,uncoupled,flat,rugged,9,5.718387481493116,0.4944934713589283,57.223333333333336,True
ege,phi,uncoupled,flat,rugged,10,2.8156688704382757,0.2313892021523626,36.93,True
ege,phi,uncoupled,flat,rugged,11,1.400349669155874,0.2063649126207765,37.91333333333333,True
ege,phi,uncoupled,flat,rugged,12,2.242655886708328,0.2714791581905681,24.30666666666667,True
ege,phi,uncoupled,flat,rugged,13,6.833439034247951,0.4668792368305909,25.973333333333333,True
ege,phi,uncoupled,flat,rugged,14,5.847889244031227,0.4489659910688086,22.48333333333333,True
ege,phi,uncoupled,flat,rugged,15,6.168005072230948,0.4904675922277485,29.05666666666667,True
ege,phi,uncoupled,flat,rugged,16,4.66498485427979,0.5398279253907627,49.09333333333333,True
ege,phi,uncoupled,flat,rugged,17,3.356434306499983,0.2933955593660118,34.156666666666666,True
ege,phi,uncoupled,flat,rugged,18,4.593416738162883,0.427830207515915,42.20666666666666,True
ege,phi,uncoupled,flat,rugged,19,1.8643525505798444,0.2400691200990047,27.65333333333333,True
ege,phi,uncoupled,flat,rugged,20,5.138441515739154,0.4797590085399468,41.38666666666666,True
ege,phi,uncoupled,flat,rugged,21,8.064508158023072,0.5329252393846916,22.18,True
ege,phi,uncoupled,flat,rugged,22,5.722966644699919,0.4886633551637889,24.58,True
ege,phi,uncoupled,flat,rugged,23,4.435512111099369,0.4263205650296395,58.32333333333333,True
ege,phi,uncoupled,flat,rugged,24,4.872811085032324,0.3919555706536128,24.69,True
ege,phi,uncoupled,flat,rugged,25,5.1079539668674645,0.4496971788710723,66.37,True
ege,phi,uncoupled,flat,rugged,26,4.658252017837977,0.3936365063025902,39.18,True
ege,phi,uncoupled,flat,rugged,27,1.361747613358866,0.1349754312202178,61.53666666666667,True
ege,phi,uncoupled,flat,rugged,28,8.191848664926601,0.6463707715900209,29.563333333333333,True
ege,phi,uncoupled,flat,rugged,29,4.761614441299493,0.3632425725281175,24.54,True
ege,phi,uncoupled,flat,rugged,30,0.2316064153796166,0.1762987405827343,91.08,True
ege,phi,uncoupled,rugged,flat,1,7.840363884119158,0.5677772147636727,25.03,True
ege,phi,uncoupled,rugged,flat,2,2.4204468129371843,0.1684555871390422,28.19333333333333,True
ege,phi,uncoupled,rugged,flat,3,8.29107132795923,0.6447345902068845,26.46,True
ege,phi,uncoupled,rugged,flat,4,6.257029905702458,0.4871819371899956,44.99,True
ege,phi,uncoupled,rugged,flat,5,6.363566886096259,0.5146028355519668,18.296666666666667,True
ege,phi,uncoupled,rugged,flat,6,8.0127741025022,0.5378247095280326,19.96333333333333,True
ege,phi,uncoupled,rugged,flat,7,0.3704722847510788,0.0254941928798263,16.716666666666665,True
ege,phi,uncoupled,rugged,flat,8,5.865207634340683,0.5353924340536137,26.776666666666667,True
ege,phi,uncoupled,rugged,flat,9,8.744440154751267,0.6504543854309517,17.26,True
ege,phi,uncoupled,rugged,flat,10,3.977909649865252,0.3593292007641677,28.476666666666667,True
ege,phi,uncoupled,rugged,flat,11,5.801805338722385,0.4889356512992855,38.26,True
ege,phi,uncoupled,rugged,flat,12,4.5319349795989,0.4015798541892678,64.27,True
ege,phi,uncoupled,rugged,flat,13,12.406824473194662,0.8633795291851031,48.486666666666665,True
ege,phi,uncoupled,rugged,flat,14,3.902815778728754,0.3267638166275225,22.186666666666667,True
ege,phi,uncoupled,rugged,flat,15,10.050751867371051,0.6613705352315077,30.76333333333333,True
ege,phi,uncoupled,rugged,flat,16,10.638714424292104,0.9301461791199798,61.553333333333335,True
ege,phi,uncoupled,rugged,flat,17,7.035052692730404,0.5015403028278226,18.126666666666665,True
ege,phi,uncoupled,rugged,flat,18,3.167338363774636,0.2222217205637386,27.786666666666665,True
ege,phi,uncoupled,rugged,flat,19,8.182399713087912,0.6045930704934184,13.206666666666669,True
ege,phi,uncoupled,rugged,flat,20,3.109927320714112,0.2347320205780414,14.7,True
ege,phi,uncoupled,rugged,flat,21,9.855297784256177,0.8619600488902371,56.17666666666667,True
ege,phi,uncoupled,rugged,flat,22,4.940747397366006,0.4173479149658018,41.46666666666667,True
ege,phi,uncoupled,rugged,flat,23,6.742388367115501,0.71309442541557,28.106666666666666,True
ege,phi,uncoupled,rugged,flat,24,5.664103157719988,0.4322706160935601,24.61,True
ege,phi,uncoupled,rugged,flat,25,5.329481530953654,0.4444928505023763,20.063333333333333,True
ege,phi,uncoupled,rugged,flat,26,3.171995252934685,0.2427468378264419,24.05,True
ege,phi,uncoupled,rugged,flat,27,5.859065562689505,0.4983371804863061,39.94,True
ege,phi,uncoupled,rugged,flat,28,6.7204901051461485,0.575499432853084,9.48,True
ege,phi,uncoupled,rugged,flat,29,12.186230137555052,0.9785184300663846,55.056666666666665,True
ege,phi,uncoupled,rugged,flat,30,5.488041925305302,0.5376780072585452,62.5,True
ege,phi,uncoupled,rugged,rugged,1,9.26642737385566,0.6872719556465718,25.57,False
ege,phi,uncoupled,rugged,rugged,2,8.442926632048211,0.5996105283629429,28.51333333333333,False
ege,phi,uncoupled,rugged,rugged,3,8.180562339353324,0.6577989774088323,23.96333333333333,False
ege,phi,uncoupled,rugged,rugged,4,7.337216839906656,0.5238979364043039,40.96666666666667,False
ege,phi,uncoupled,rugged,rugged,5,6.032707211240202,0.5135214793671743,20.45,False
ege,phi,uncoupled,rugged,rugged,6,9.16679180006285,0.6687713932321362,24.466666666666665,False
ege,phi,uncoupled,rugged,rugged,7,6.69246587582902,0.4992875654106363,21.25,False
ege,phi,uncoupled,rugged,rugged,8,5.868349718097037,0.5403779960205023,25.266666666666666,False
ege,phi,uncoupled,rugged,rugged,9,8.296825707693108,0.6517564668272744,20.616666666666667,False
ege,phi,uncoupled,rugged,rugged,10,4.813496448173199,0.4158192182845185,29.523333333333333,False
ege,phi,uncoupled,rugged,rugged,11,5.876552014307561,0.5092366684332011,36.92,False
ege,phi,uncoupled,rugged,rugged,12,5.648122215132844,0.5116332551479009,62.77333333333333,False
ege,phi,uncoupled,rugged,rugged,13,11.265202624519556,0.7948968319205069,53.00333333333333,False
ege,phi,uncoupled,rugged,rugged,14,4.897293096162403,0.3939758419494958,23.22,False
ege,phi,uncoupled,rugged,rugged,15,9.94959662387306,0.6813316656502831,30.07,False
ege,phi,uncoupled,rugged,rugged,16,9.688323663809369,0.8071579051898595,58.98333333333333,False
ege,phi,uncoupled,rugged,rugged,17,6.947824627076408,0.5505401727488245,19.136666666666667,False
ege,phi,uncoupled,rugged,rugged,18,7.286151226443517,0.5492084715582395,27.95,False
ege,phi,uncoupled,rugged,rugged,19,7.7252474441813,0.5736601061127463,13.193333333333332,False
ege,phi,uncoupled,rugged,rugged,20,6.702250280449444,0.5372151634566178,15.513333333333334,False
ege,phi,uncoupled,rugged,rugged,21,8.878200981239864,0.7753473821509472,58.223333333333336,False
ege,phi,uncoupled,rugged,rugged,22,6.651729901525594,0.5764660847478282,43.66,False
ege,phi,uncoupled,rugged,rugged,23,6.7875199899912015,0.7214497690914047,29.48,False
ege,phi,uncoupled,rugged,rugged,24,5.922516253002401,0.4868442807547604,24.293333333333333,False
ege,phi,uncoupled,rugged,rugged,25,5.552050300655773,0.4719902489861052,19.543333333333333,False
ege,phi,uncoupled,rugged,rugged,26,6.748659317877226,0.5392435359938876,25.626666666666665,False
ege,phi,uncoupled,rugged,rugged,27,5.616140679605355,0.4878533163357059,40.81666666666667,False
ege,phi,uncoupled,rugged,rugged,28,6.675660817604688,0.5823161250915334,10.19,False
ege,phi,uncoupled,rugged,rugged,29,10.235318462221253,0.8038024625206808,57.32333333333333,False
ege,phi,uncoupled,rugged,rugged,30,4.913597400449392,0.5065087449709684,58.88333333333333,False
gecko,base,blf,flat,flat,1,21.97902299141448,0.975017586070439,15.25,False
gecko,base,blf,flat,flat,2,24.418057041009934,0.9623688082183052,5.276666666666666,False
gecko,base,blf,flat,flat,3,13.809732390740736,0.9120404661496142,11.42,False
gecko,base,blf,flat,flat,4,13.263055321815656,0.9553082472947736,5.68,False
gecko,base,blf,flat,flat,5,19.012753463105536,0.9795162074544168,11.47,False
gecko,base,blf,flat,flat,6,21.63883218930971,0.9506143741665553,14.176666666666666,False
gecko,base,blf,flat,flat,7,14.311101744247097,0.9633872063080592,6.14,False
gecko,base,blf,flat,flat,8,14.76840076013861,0.9643117329609598,0.3933333333333333,False
gecko,base,blf,flat,flat,9,20.942747811509875,0.9758507419484036,5.32,False
gecko,base,blf,flat,flat,10,19.41964663626452,0.9671387430800146,5.826666666666667,False
gecko,base,blf,flat,flat,11,22.45020455987582,0.9586608791188912,8.47,False
gecko,base,blf,flat,flat,12,18.870963961185996,0.9714666084505204,3.12,False
gecko,base,blf,flat,flat,13,14.322796720860554,0.9611394834803298,1.5933333333333333,False
gecko,base,blf,flat,flat,14,19.41027152763498,0.977972320537827,3.9266666666666663,False
gecko,base,blf,flat,flat,15,22.022848643641588,0.9596851271202212,4.49,False
gecko,base,blf,flat,flat,16,20.721126143519847,0.9732550759941644,8.14,False
gecko,base,blf,flat,flat,17,21.53438317968744,0.973572450059886,1.11,False
gecko,base,blf,flat,flat,18,11.77225178989486,0.9202952845454584,3.683333333333333,False
gecko,base,blf,flat,flat,19,23.43269730685348,0.980113952222089,16.163333333333334,False
gecko,base,blf,flat,flat,20,19.561441515674243,0.985677570308779,6.873333333333333,False
gecko,base,blf,flat,flat,21,17.322848718569134,0.966006078798312,4.533333333333333,False
gecko,base,blf,flat,flat,22,20.198793487837463,0.9735179402138384,1.6866666666666668,False
gecko,base,blf,flat,flat,23,25.446145031357013,0.975714464302686,17.316666666666666,False
gecko,base,blf,flat,flat,24,23.75298691062404,0.9837643820333368,17.816666666666666,False
gecko,base,blf,flat,flat,25,20.235427533408256,0.9830787470718996,14.876666666666669,False
gecko,base,blf,flat,flat,26,19.269776299514344,0.9768157841699748,5.1,False
gecko,base,blf,flat,flat,27,17.37332877322575,0.9131824611042588,1.6866666666666668,False
gecko,base,blf,flat,flat,28,19.69923638932404,0.9751773494699856,3.023333333333333,False
gecko,base,blf,flat,flat,29,21.09043771439373,0.9597456898026118,11.993333333333334,False
gecko,base,blf,flat,flat,30,12.691874341509603,0.9640311482718334,1.05,False
gecko,base,blf,flat,rugged,1,16.90490558207246,0.8982416845165704,19.64333333333333,True
gecko,base,blf,flat,rugged,2,2.438966073380628,0.1189111880583866,9.136666666666668,True
gecko,base,blf,flat,rugged,3,2.858813578841512,0.2078452470686421,12.916666666666666,True
gecko,base,blf,flat,rugged,4,7.604210117605499,0.6360640455315997,9.19,True
gecko,base,blf,flat,rugged,5,14.168868513172209,0.8461458666596139,16.006666666666668,True
gecko,base,blf,flat,rugged,6,6.540051432866429,0.3412849000916863,12.57,True
gecko,base,blf,flat,rugged,7,6.975544963015124,0.5314057986580288,9.156666666666666,True
gecko,base,blf,flat,rugged,8,12.37557699514088,0.9322375613386822,1.106666666666667,True
gecko,base,blf,flat,rugged,9,16.045595811240215,0.891823985475284,3.53,True
gecko,base,blf,flat,rugged,10,14.373637533677687,0.8612168368871138,7.95,True
gecko,base,blf,flat,rugged,11,3.524121523742759,0.1871318479339391,9.293333333333331,True
gecko,base,blf,flat,rugged,12,15.18776657666231,0.9188738481001624,8.906666666666666,True
gecko,base,blf,flat,rugged,13,11.654866619560192,0.8847292856850925,6.92,True
gecko,base,blf,flat,rugged,14,3.1964250005211627,0.1882754371602021,5.886666666666667,True
gecko,base,blf,flat,rugged,15,3.929164144355048,0.2141079353181839,5.18,True
gecko,base,blf,flat,rugged,16,14.899431925252635,0.8008462216684675,8.543333333333333,True
gecko,base,blf,flat,rugged,17,7.373109036277233,0.3874158091456597,5.31,True
gecko,base,blf,flat,rugged,18,10.490646155638412,0.8881825646560059,2.3566666666666665,True
gecko,base,blf,flat,rugged,19,5.532832022364673,0.3205754698118622,23.03,True
gecko,base,blf,flat,rugged,20,12.486008826025945,0.7069978899671334,10.19,True
gecko,base,blf,flat,rugged,21,8.524626115560503,0.5359265582499948,4.553333333333334,True
gecko,base,blf,flat,rugged,22,13.91997710598934,0.8029084963396783,3.72,True
gecko,base,blf,flat,rugged,23,13.755259182276962,0.7042362039854762,21.166666666666668,True
gecko,base,blf,flat,rugged,24,1.7965198423475588,0.0934372711905595,23.16333333333333,True
gecko,base,blf,flat,rugged,25,13.177815038719263,0.7044480557592346,20.466666666666665,True
gecko,base,blf,flat,rugged,26,13.20910866206373,0.8096465077777238,7.926666666666667,True
gecko,base,blf,flat,rugged,27,6.553955975278713,0.4018161281971129,6.483333333333333,True
gecko,base,blf,flat,rugged,28,6.080547330881578,0.3806821496498647,7.086666666666667,True
gecko,base,blf,flat,rugged,29,3.3244967927819,0.1833621481335433,14.303333333333333,True
gecko,base,blf,flat,rugged,30,1.3515830175128782,0.1234724755660679,1.87,True
gecko,base,blf,rugged,flat,1,12.930638572080428,0.8751701787927184,2.8233333333333333,True
gecko,base,blf,rugged,flat,2,14.91341046125106,0.9789449951336376,3.053333333333333,True
gecko,base,blf,rugged,flat,3,20.01259784907365,0.9451364934787916,7.043333333333333,True
gecko,base,blf,rugged,flat,4,19.575416955491164,0.9366849288302084,14.4,True
gecko,base,blf,rugged,flat,5,18.687530181558127,0.940260976347004,7.583333333333333,True
gecko,base,blf,rugged,flat,6,18.443881961892824,0.9549533152512324,10.72,True
gecko,base,blf,rugged,flat,7,18.91517107096242,0.9612005487109284,14.593333333333334,True
gecko,base,blf,rugged,flat,8,3.7925852620794194,0.2414197227329523,3.03,True
gecko,base,blf,rugged,flat,9,10.605943964694433,0.8412772143819588,20.07,True
gecko,base,blf,rugged,flat,10,11.365969443111927,0.9439487846822432,17.746666666666666,True
gecko,base,blf,rugged,flat,11,16.29288940975254,0.9715157981469328,5.013333333333334,True
gecko,base,blf,rugged,flat,12,17.28003450406746,0.978450525024087,10.733333333333333,True
gecko,base,blf,rugged,flat,13,17.900674282835016,0.9779472467556156,14.86,True
gecko,base,blf,rugged,flat,14,8.615504348194753,0.4539810473833717,14.12,True
gecko,base,blf,rugged,flat,15,19.9965421292922,0.9659128878283268,18.94,True
gecko,base,blf,rugged,flat,16,19.92853559207505,0.9619811895308984,12.243333333333334,True
gecko,base,blf,rugged,flat,17,15.38049275001864,0.7986804415292577,8.146666666666667,True
gecko,base,blf,rugged,flat,18,19.241628416392462,0.9861295747442916,16.52,True
gecko,base,blf,rugged,flat,19,16.353339237668383,0.932063274423544,10.966666666666669,True
gecko,base,blf,rugged,flat,20,16.149188031449007,0.8670331375546434,5.48,True
gecko,base,blf,rugged,flat,21,18.080344074257717,0.9070912247000682,14.233333333333333,True
gecko,base,blf,rugged,flat,22,17.117532093551137,0.9748619560391144,14.156666666666666,True
gecko,base,blf,rugged,flat,23,13.773414175008869,0.9555281079002304,2.1766666666666667,True
gecko,base,blf,rugged,flat,24,17.02577725888846,0.9383454010579744,0.5833333333333334,True
gecko,base,blf,rugged,flat,25,14.416942169837812,0.7183573487979629,14.933333333333334,True
gecko,base,blf,rugged,flat,26,17.89959637772478,0.9831372138981652,0.9133333333333332,True
gecko,base,blf,rugged,flat,27,20.03788160788688,0.9804182593951276,20.50333333333333,True
gecko,base,blf,rugged,flat,28,18.94261481826433,0.93540173375148,12.046666666666669,True
gecko,base,blf,rugged,flat,29,13.329839115421173,0.7792377798883087,13.623333333333331,True
gecko,base,blf,rugged,flat,30,18.49293121986178,0.950481494323924,14.39,True
gecko,base,blf,rugged,rugged,1,13.973161637585797,0.9356268310215508,3.2666666666666666,False
gecko,base,blf,rugged,rugged,2,14.628451774623391,0.9451196066090426,2.07,False
gecko,base,blf,rugged,rugged,3,19.11101082592992,0.9304918023043732,7.526666666666666,False
gecko,base,blf,rugged,rugged,4,19.13835842113888,0.9420881792691972,13.393333333333333,False
gecko,base,blf,rugged,rugged,5,18.401909671263915,0.9370726792545984,8.353333333333333,False
gecko,base,blf,rugged,rugged,6,18.149572109268952,0.9443955375274096,13.123333333333331,False
gecko,base,blf,rugged,rugged,7,18.042128956970952,0.9486862409928144,13.71,False
gecko,base,blf,rugged,rugged,8,15.471802019090918,0.9253811293624268,3.5733333333333333,False
gecko,base,blf,rugged,rugged,9,10.524413043595862,0.868369160079406,20.576666666666668,False
gecko,base,blf,rugged,rugged,10,10.786102453987302,0.9183603601721648,16.786666666666665,False
gecko,base,blf,rugged,rugged,11,16.145695782560264,0.9488074432497896,7.003333333333333,False
gecko,base,blf,rugged,rugged,12,17.052732249174866,0.9515295144863044,10.596666666666666,False
gecko,base,blf,rugged,rugged,13,17.019370147563137,0.9636638179638564,16.1,False
gecko,base,blf,rugged,rugged,14,17.772048131067773,0.95569074271346,14.93,False
gecko,base,blf,rugged,rugged,15,18.742941210061776,0.9521286816852788,19.07,False
gecko,base,blf,rugged,rugged,16,19.14314663816129,0.9512982057025152,13.186666666666667,False
gecko,base,blf,rugged,rugged,17,18.00856562060019,0.9682913103660472,8.333333333333334,False
gecko,base,blf,rugged,rugged,18,18.46918179301383,0.9738156788854596,17.486666666666668,False
gecko,base,blf,rugged,rugged,19,16.80777370131155,0.955116779669492,12.033333333333331,False
gecko,base,blf,rugged,rugged,20,16.637128662417048,0.948388695635286,13.623333333333331,False
gecko,base,blf,rugged,rugged,21,18.799867196585417,0.9584817240657384,16.176666666666666,False
gecko,base,blf,rugged,rugged,22,17.229992178340655,0.955234292342714,15.12,False
gecko,base,blf,rugged,rugged,23,13.728712229857347,0.9591700332524716,4.543333333333333,False
gecko,base,blf,rugged,rugged,24,17.711084377163537,0.9425444849334752,1.67,False
gecko,base,blf,rugged,rugged,25,18.816221287944003,0.9644076510880868,17.14,False
gecko,base,blf,rugged,rugged,26,16.98548947598247,0.9545261774626592,1.7666666666666666,False
gecko,base,blf,rugged,rugged,27,18.535286954227114,0.9573947727523032,21.703333333333333,False
gecko,base,blf,rugged,rugged,28,18.58645743719409,0.92723255533474,13.843333333333334,False
gecko,base,blf,rugged,rugged,29,15.905482796741,0.894884049552505,14.69,False
gecko,base,blf,rugged,rugged,30,18.255005400698817,0.931136572980932,16.156666666666666,False
gecko,phi,uncoupled,flat,flat,1,21.250685451194254,0.9690537372702404,2.303333333333333,False
gecko,phi,uncoupled,flat,flat,2,8.541794765109413,0.7655786276582138,8.013333333333334,False
gecko,phi,uncoupled,flat,flat,3,6.598377553034844,0.6100459375060838,50.04666666666667,False
gecko,phi,uncoupled,flat,flat,4,4.938960635145725,0.5687946641297006,2.2666666666666666,False
gecko,phi,uncoupled,flat,flat,5,12.06850722545023,0.955790025405188,6.683333333333334,False
gecko,phi,uncoupled,flat,flat,6,8.593992906509328,0.7953404273800377,0.7766666666666666,False
gecko,phi,uncoupled,flat,flat,7,13.16516644343494,0.9545224796951076,7.223333333333334,False
gecko,phi,uncoupled,flat,flat,8,12.876271551409165,0.964188320209984,0.7633333333333333,False
gecko,phi,uncoupled,flat,flat,9,6.442345632402246,0.5994014083170217,49.083333333333336,False
gecko,phi,uncoupled,flat,flat,10,12.195066886986988,0.9406590718481946,1.23,False
gecko,phi,uncoupled,flat,flat,11,12.626618475333787,0.9740875716968114,0.1866666666666666,False
gecko,phi,uncoupled,flat,flat,12,12.029112161592106,0.912717229039296,0.17,False
gecko,phi,uncoupled,flat,flat,13,5.938836722353698,0.6242464108650095,6.98,False
gecko,phi,uncoupled,flat,flat,14,8.642072379621661,0.8090560211714565,1.8733333333333333,False
gecko,phi,uncoupled,flat,flat,15,13.70503131876722,0.9640216005911624,5.793333333333333,False
gecko,phi,uncoupled,flat,flat,16,6.50206775440251,0.5907460905872318,49.656666666666666,False
gecko,phi,uncoupled,flat,flat,17,5.51891324909616,0.540813177531044,0.9133333333333332,False
gecko,phi,uncoupled,flat,flat,18,7.98853086695752,0.8579197332453227,10.853333333333332,False
gecko,phi,uncoupled,flat,flat,19,10.20225544303096,0.8762769282178516,9.83,False
gecko,phi,uncoupled,flat,flat,20,6.326167284199982,0.5594253042226865,53.31666666666667,False
gecko,phi,uncoupled,flat,flat,21,9.231793000244608,0.878339287622235,1.143333333333333,False
gecko,phi,uncoupled,flat,flat,22,6.561521723936946,0.5979195716848789,49.946666666666665,False
gecko,phi,uncoupled,flat,flat,23,7.426591467012671,0.6173547264630193,1.07,False
gecko,phi,uncoupled,flat,flat,24,4.762233067926806,0.6045382510531758,11.953333333333331,False
gecko,phi,uncoupled,flat,flat,25,12.786929605197,0.8841343722684631,8.483333333333333,False
gecko,phi,uncoupled,flat,flat,26,11.760822590931609,0.9250560987186552,35.57333333333333,False
gecko,phi,uncoupled,flat,flat,27,13.193181809418483,0.9584069529907868,0.1733333333333333,False
gecko,phi,uncoupled,flat,flat,28,7.863062932018259,0.7805298296740709,7.176666666666667,False
gecko,phi,uncoupled,flat,flat,29,8.265495473681035,0.9141030304200564,6.523333333333333,False
gecko,phi,uncoupled,flat,flat,30,6.463426034406759,0.6053889188659607,47.333333333333336,False
gecko,phi,uncoupled,flat,rugged,1,13.355676212385584,0.6939209253718508,5.06,True
gecko,phi,uncoupled,flat,rugged,2,7.723733164461151,0.7303227530819962,7.723333333333334,True
gecko,phi,uncoupled,flat,rugged,3,0.9616807432937102,0.1064360837784514,43.943333333333335,True
gecko,phi,uncoupled,flat,rugged,4,0.0775957499087942,0.0108434796823424,3.723333333333333,True
gecko,phi,uncoupled,flat,rugged,5,10.816680082478186,0.9266035303710762,8.873333333333333,True
gecko,phi,uncoupled,flat,rugged,6,7.233793685811281,0.728718756651456,1.9633333333333332,True
gecko,phi,uncoupled,flat,rugged,7,11.331886324912912,0.8907915537243256,11.57,True
gecko,phi,uncoupled,flat,rugged,8,10.235575770769014,0.8631718192492481,3.4633333333333334,True
gecko,phi,uncoupled,flat,rugged,9,0.8447759258419899,0.0931684972018435,44.82,True
gecko,phi,uncoupled,flat,rugged,10,9.497582153984451,0.7612426032450276,2.66,True
gecko,phi,uncoupled,flat,rugged,11,9.191811011438777,0.8638128013441526,7.54,True
gecko,phi,uncoupled,flat,rugged,12,9.94348052807242,0.8725159226907043,0.6833333333333333,True
gecko,phi,uncoupled,flat,rugged,13,1.1899270390448602,0.1372443141961462,5.486666666666666,True
gecko,phi,uncoupled,flat,rugged,14,7.849524671681268,0.7795397645861364,1.83,True
gecko,phi,uncoupled,flat,rugged,15,11.69666421215799,0.9420118721689372,10.016666666666667,True
gecko,phi,uncoupled,flat,rugged,16,2.5981592558296014,0.2854774530100155,45.43333333333333,True
gecko,phi,uncoupled,flat,rugged,17,0.3262572917494191,0.0389742492351413,1.08,True
gecko,phi,uncoupled,flat,rugged,18,6.449899643031358,0.7438548655410498,10.576666666666666,True
gecko,phi,uncoupled,flat,rugged,19,4.40310160527846,0.4258669435527517,9.426666666666666,True
gecko,phi,uncoupled,flat,rugged,20,3.751404621612779,0.3895709566794651,45.48,True
gecko,phi,uncoupled,flat,rugged,21,2.6741695822466856,0.2768734649960182,2.83,True
gecko,phi,uncoupled,flat,rugged,22,1.247666545410764,0.1391346166739953,45.66666666666666,True
gecko,phi,uncoupled,flat,rugged,23,1.4042333444051396,0.190443567890867,47.10333333333333,True
gecko,phi,uncoupled,flat,rugged,24,3.428262496896997,0.4479742530454351,11.186666666666667,True
gecko,phi,uncoupled,flat,rugged,25,9.286481729359773,0.8163762558642935,10.17,True
gecko,phi,uncoupled,flat,rugged,26,10.10687616307877,0.8929959890656888,40.02,True
gecko,phi,uncoupled,flat,rugged,27,11.052987666264762,0.9215205401032426,1.4666666666666666,True
gecko,phi,uncoupled,flat,rugged,28,4.1689903261401735,0.4395810979135093,6.703333333333333,True
gecko,phi,uncoupled,flat,rugged,29,6.738108596288837,0.8193260699701009,8.37,True
gecko,phi,uncoupled,flat,rugged,30,3.663568945120936,0.3884825516181105,43.36333333333334,True
gecko,phi,uncoupled,rugged,flat,1,11.633631470385666,0.8566209194892141,1.9,True
gecko,phi,uncoupled,rugged,flat,2,6.645323086231952,0.7374057292954938,20.486666666666668,True
gecko,phi,uncoupled,rugged,flat,3,12.56507596774216,0.9552675432103128,8.323333333333334,True
gecko,phi,uncoupled,rugged,flat,4,16.335061273346547,0.9224911872971108,11.636666666666668,True
gecko,phi,uncoupled,rugged,flat,5,12.208026737351831,0.9535071870882884,8.313333333333333,True
gecko,phi,uncoupled,rugged,flat,6,6.737351354040369,0.5827587999623068,5.56,True
gecko,phi,uncoupled,rugged,flat,7,4.132608666619564,0.3405089870496019,2.48,True
gecko,phi,uncoupled,rugged,flat,8,11.786517931663065,0.8636128760152231,11.826666666666666,True
gecko,phi,uncoupled,rugged,flat,9,17.96230632092389,0.9661402705783468,4.616666666666666,True
gecko,phi,uncoupled,rugged,flat,10,8.794603740716585,0.8522778269261337,30.256666666666668,True
gecko,phi,uncoupled,rugged,flat,11,12.94333754571342,0.9404260519900604,9.43,True
gecko,phi,uncoupled,rugged,flat,12,6.581312529277312,0.8010440665455666,11.296666666666669,True
gecko,phi,uncoupled,rugged,flat,13,9.488267270236973,0.8574794174361003,11.893333333333333,True
gecko,phi,uncoupled,rugged,flat,14,6.754777770130686,0.7317515271264105,0.54,True
gecko,phi,uncoupled,rugged,flat,15,7.332328842796256,0.7264341880031988,26.276666666666667,True
gecko,phi,uncoupled,rugged,flat,16,11.171113324166214,0.9496105440999236,3.48,True
gecko,phi,uncoupled,rugged,flat,17,2.575004060057565,0.2130435429276113,12.02,True
gecko,phi,uncoupled,rugged,flat,18,15.93625969822818,0.970657429908877,12.59,True
gecko,phi,uncoupled,rugged,flat,19,9.875316660677075,0.8513611641818016,6.983333333333333,True
gecko,phi,uncoupled,rugged,flat,20,6.0598856904469365,0.7364931883521156,15.946666666666667,True
gecko,phi,uncoupled,rugged,flat,21,15.867466781809023,0.9489823775541358,0.5966666666666667,True
gecko,phi,uncoupled,rugged,flat,22,8.250496543300132,0.87549288544058,0.9533333333333334,True
gecko,phi,uncoupled,rugged,flat,23,6.448884437816208,0.7369773143585361,12.063333333333333,True
gecko,phi,uncoupled,rugged,flat,24,7.908966837386315,0.8523059328708825,0.2666666666666666,True
gecko,phi,uncoupled,rugged,flat,25,7.599165270558435,0.885829640803994,16.36,True
gecko,phi,uncoupled,rugged,flat,26,12.1323345371426,0.9610779634579064,5.846666666666667,True
gecko,phi,uncoupled,rugged,flat,27,6.128759509739745,0.726153084744099,5.766666666666667,True
gecko,phi,uncoupled,rugged,flat,28,8.39754765451453,0.6283948763917849,9.523333333333332,True
gecko,phi,uncoupled,rugged,flat,29,9.21650546375012,0.8688521984670083,0.1733333333333333,True
gecko,phi,uncoupled,rugged,flat,30,12.665695938224712,0.915328659412234,11.263333333333334,True
gecko,phi,uncoupled,rugged,rugged,1,12.622494049782372,0.9067974621247196,4.746666666666667,False
gecko,phi,uncoupled,rugged,rugged,2,7.527322076774201,0.837015892997075,20.57333333333333,False
gecko,phi,uncoupled,rugged,rugged,3,12.583793567654542,0.9557958708667108,8.17,False
gecko,phi,uncoupled,rugged,rugged,4,15.83999914382684,0.930661169744628,11.686666666666667,False
gecko,phi,uncoupled,rugged,rugged,5,12.03668440974727,0.9406518716458908,9.243333333333334,False
gecko,phi,uncoupled,rugged,rugged,6,9.113888402452291,0.7781981308487252,6.873333333333333,False
gecko,phi,uncoupled,rugged,rugged,7,9.751072492490035,0.8051536864328012,2.64,False
gecko,phi,uncoupled,rugged,rugged,8,12.009342170886685,0.8754094757447037,11.403333333333334,False
gecko,phi,uncoupled,rugged,rugged,9,17.781637265044306,0.9589176210316256,5.326666666666667,False
gecko,phi,uncoupled,rugged,rugged,10,9.614214304793292,0.9327231240140816,30.34,False
gecko,phi,uncoupled,rugged,rugged,11,12.73815508499796,0.9055472914534164,9.806666666666668,False
gecko,phi,uncoupled,rugged,rugged,12,6.835444724052966,0.7681130143743521,11.41,False
gecko,phi,uncoupled,rugged,rugged,13,9.321854336919642,0.8260615989003574,12.073333333333334,False
gecko,phi,uncoupled,rugged,rugged,14,7.831335828540211,0.8425392304850577,1.4366666666666668,False
gecko,phi,uncoupled,rugged,rugged,15,7.377604595047866,0.7460386788477824,32.63666666666666,False
gecko,phi,uncoupled,rugged,rugged,16,11.045058764515732,0.9267868852226488,3.7466666666666666,False
gecko,phi,uncoupled,rugged,rugged,17,11.122310944440516,0.95525966726238,14.67,False
gecko,phi,uncoupled,rugged,rugged,18,15.15228757872955,0.9511293832407232,13.856666666666667,False
gecko,phi,uncoupled,rugged,rugged,19,10.19132881127203,0.8518794111203618,6.83,False
gecko,phi,uncoupled,rugged,rugged,20,6.557406031060139,0.7282007474652721,18.456666666666667,False
gecko,phi,uncoupled,rugged,rugged,21,15.85838400902949,0.9534512916735332,3.843333333333333,False
gecko,phi,uncoupled,rugged,rugged,22,7.567813868369472,0.8486077354877871,3.25,False
gecko,phi,uncoupled,rugged,rugged,23,6.927202099098466,0.8048856724280022,16.143333333333334,False
gecko,phi,uncoupled,rugged,rugged,24,8.377591645222148,0.887087985401235,0.32,False
gecko,phi,uncoupled,rugged,rugged,25,7.541978808800883,0.8884843868997199,14.866666666666667,False
gecko,phi,uncoupled,rugged,rugged,26,11.9314923336706,0.941861223517541,6.763333333333334,False
gecko,phi,uncoupled,rugged,rugged,27,6.733505696953578,0.7534005376659518,4.663333333333333,False
gecko,phi,uncoupled,rugged,rugged,28,12.1559745419424,0.88539832156001,9.89,False
gecko,phi,uncoupled,rugged,rugged,29,9.361149408158816,0.869804864965622,0.68,False
gecko,phi,uncoupled,rugged,rugged,30,12.18926714815052,0.9182645892090672,12.513333333333334,False
insect,base,blf,flat,flat,1,17.68446858134246,0.9014366298354788,60.17,False
insect,base,blf,flat,flat,2,14.19325471287913,0.8999678560313216,60.14666666666667,False
insect,base,blf,flat,flat,3,16.6363769149763,0.926890632291872,60.43333333333333,False
insect,base,blf,flat,flat,4,18.530028719512373,0.8969335198183195,64.08333333333333,False
insect,base,blf,flat,flat,5,20.437884347073556,0.9499500280738776,59.21333333333333,False
insect,base,blf,flat,flat,6,17.758132979541937,0.9254833221245752,67.97666666666667,False
insect,base,blf,flat,flat,7,10.903578602269247,0.8871274401926422,86.55666666666667,False
insect,base,blf,flat,flat,8,15.68077268888337,0.9389338268827409,44.23333333333333,False
insect,base,blf,flat,flat,9,16.737825609281224,0.9370755027182642,46.37,False
insect,base,blf,flat,flat,10,14.415410071067654,0.8938867637540316,48.57333333333333,False
insect,base,blf,flat,flat,11,13.961677873103856,0.8674271624664025,59.38333333333333,False
insect,base,blf,flat,flat,12,11.7381039602246,0.8883266115787477,81.44,False
insect,base,blf,flat,flat,13,16.06701461471489,0.8944593424257906,55.64666666666667,False
insect,base,blf,flat,flat,14,13.683106428986951,0.92782157800709,52.04333333333334,False
insect,base,blf,flat,flat,15,15.951835480491177,0.9369669699543434,51.41,False
insect,base,blf,flat,flat,16,12.419072172401506,0.8965687641156889,54.153333333333336,False
insect,base,blf,flat,flat,17,18.18415745455925,0.932247793088638,57.27333333333333,False
insect,base,blf,flat,flat,18,16.441923501896778,0.9198738080037512,64.37333333333333,False
insect,base,blf,flat,flat,19,18.496388851133872,0.9303026511547275,59.056666666666665,False
insect,base,blf,flat,flat,20,10.706277068232904,0.905706374126236,71.86333333333333,False
insect,base,blf,flat,flat,21,13.314457987970863,0.9614960837270454,48.86333333333334,False
insect,base,blf,flat,flat,22,17.454854642838356,0.9123348982051194,59.92666666666667,False
insect,base,blf,flat,flat,23,13.648796653610551,0.8952792830402757,69.25,False
insect,base,blf,flat,flat,24,18.315947244515947,0.9343493086678588,59.373333333333335,False
insect,base,blf,flat,flat,25,18.93783779126773,0.8879244388225804,56.656666666666666,False
insect,base,blf,flat,flat,26,11.792964135659254,0.8845880391766631,82.75666666666666,False
insect,base,blf,flat,flat,27,21.17865232843473,0.8786374949743044,46.09333333333333,False
insect,base,blf,flat,flat,28,11.686656168636269,0.8917541416271031,83.18666666666667,False
insect,base,blf,flat,flat,29,15.90443745458935,0.9090100952591184,64.44333333333333,False
insect,base,blf,flat,flat,30,19.482255609590684,0.9204740510033212,42.41333333333333,False
insect,base,blf,flat,rugged,1,1.4347081791848273,0.0872571313249077,61.68666666666667,True
insect,base,blf,flat,rugged,2,1.2232369972690844,0.0893253686189991,60.43,True
insect,base,blf,flat,rugged,3,7.701008891317922,0.5083379345093213,63.61333333333334,True
insect,base,blf,flat,rugged,4,8.010752339457365,0.4530290160565334,64.89333333333333,True
insect,base,blf,flat,rugged,5,3.1048920287499464,0.203200147832087,65.01,True
insect,base,blf,flat,rugged,6,14.490755346352708,0.8699470989083224,68.33333333333333,True
insect,base,blf,flat,rugged,7,8.159297792841006,0.7602913051009184,87.40666666666667,True
insect,base,blf,flat,rugged,8,12.465369522746622,0.8220528759152694,48.79666666666667,True
insect,base,blf,flat,rugged,9,13.405721664644496,0.8912899025247164,53.02,True
insect,base,blf,flat,rugged,10,12.861884285869522,0.8297870025954581,49.88,True
insect,base,blf,flat,rugged,11,12.409816625016242,0.8230275537486605,62.28,True
insect,base,blf,flat,rugged,12,7.771653839349415,0.669325643973205,82.81333333333333,True
insect,base,blf,flat,rugged,13,14.006814982693456,0.86077518799347,55.15,True
insect,base,blf,flat,rugged,14,10.840342697288982,0.8663349224596316,55.77666666666666,True
insect,base,blf,flat,rugged,15,12.067875053421568,0.8106377856971501,48.74,True
insect,base,blf,flat,rugged,16,9.127505747669142,0.7211389397600751,54.49,True
insect,base,blf,flat,rugged,17,3.593269053783407,0.2179908767594944,58.73,True
insect,base,blf,flat,rugged,18,9.58452298688486,0.5901011121146185,64.12333333333333,True
insect,base,blf,flat,rugged,19,3.3012818101230432,0.2034995242279167,58.336666666666666,True
insect,base,blf,flat,rugged,20,7.431275124881891,0.681028625391964,72.08,True
insect,base,blf,flat,rugged,21,1.799268925042246,0.1600575331958107,55.556666666666665,True
insect,base,blf,flat,rugged,22,13.953167448209255,0.7948186182438425,58.49666666666667,True
insect,base,blf,flat,rugged,23,11.055945617117388,0.8169388193923062,68.02333333333333,True
insect,base,blf,flat,rugged,24,0.8357742789232385,0.0527371897689678,60.56,True
insect,base,blf,flat,rugged,25,2.0470622052197625,0.1191960334973493,55.61666666666667,True
insect,base,blf,flat,rugged,26,10.14070937247726,0.8077105350374065,79.66,True
insect,base,blf,flat,rugged,27,0.7913509001833325,0.0707149708145319,72.73,True
insect,base,blf,flat,rugged,28,7.625391597311644,0.6673887850575336,83.91333333333333,True
insect,base,blf,flat,rugged,29,10.59238661549424,0.6691376038613309,65.19666666666667,True
insect,base,blf,flat,rugged,30,1.8276523672667424,0.1681565477210532,72.27,True
insect,base,blf,rugged,flat,1,14.168308765649568,0.9210350672205104,45.583333333333336,True
insect,base,blf,rugged,flat,2,11.745987062375088,0.8182127457148662,50.833333333333336,True
insect,base,blf,rugged,flat,3,8.120709298828132,0.6857112797285361,87.51666666666667,True
insect,base,blf,rugged,flat,4,10.798888283352992,0.8776746984102959,69.57,True
insect,base,blf,rugged,flat,5,14.936316430522856,0.949015602411181,43.03,True
insect,base,blf,rugged,flat,6,13.81227398495513,0.8933753581010092,39.67,True
insect,base,blf,rugged,flat,7,8.820911692143602,0.7651745044597736,83.05666666666667,True
insect,base,blf,rugged,flat,8,8.001181007612761,0.6329616458161984,75.47,True
insect,base,blf,rugged,flat,9,16.488290199117653,0.9299518046256142,56.446666666666665,True
insect,base,blf,rugged,flat,10,16.524270575889478,0.9242370291515228,60.92,True
insect,base,blf,rugged,flat,11,13.402399693667704,0.944617562590378,48.28333333333333,True
insect,base,blf,rugged,flat,12,11.767257972678152,0.8626529888316985,59.77,True
insect,base,blf,rugged,flat,13,15.552090588055194,0.8938962577129843,62.32666666666667,True
insect,base,blf,rugged,flat,14,17.202699225782773,0.935631168989866,57.373333333333335,True
insect,base,blf,rugged,flat,15,16.21783984187771,0.8987169714614236,61.82333333333333,True
insect,base,blf,rugged,flat,16,14.4888023969894,0.8390307685462858,69.92,True
insect,base,blf,rugged,flat,17,16.445755101933898,0.9318082168167604,58.803333333333335,True
insect,base,blf,rugged,flat,18,16.50511416800408,0.9318079656699536,48.95666666666666,True
insect,base,blf,rugged,flat,19,14.299050220917326,0.9262778989535446,41.0,True
insect,base,blf,rugged,flat,20,14.338510445229884,0.8621297121606303,62.72,True
insect,base,blf,rugged,flat,21,11.30915036190495,0.9396328560014412,50.22666666666667,True
insect,base,blf,rugged,flat,22,8.978184006467112,0.6956347599135271,73.41,True
insect,base,blf,rugged,flat,23,14.678832168847444,0.896391497227895,43.34666666666666,True
insect,base,blf,rugged,flat,24,6.69402129425656,0.566066945162329,85.70333333333333,True
insect,base,blf,rugged,flat,25,14.613777463751031,0.8761681585762547,47.376666666666665,True
insect,base,blf,rugged,flat,26,14.31872173020425,0.92031567327054,51.513333333333335,True
insect,base,blf,rugged,flat,27,15.33785143857836,0.9081677078931892,62.303333333333335,True
insect,base,blf,rugged,flat,28,8.927949450215452,0.7133501716857719,70.55666666666667,True
insect,base,blf,rugged,flat,29,13.23693051123816,0.8522320541156553,55.73,True
insect,base,blf,rugged,flat,30,16.24207514147172,0.869028344072222,49.09333333333333,True
insect,base,blf,rugged,rugged,1,14.083286149479251,0.9061626649025464,49.16,False
insect,base,blf,rugged,rugged,2,12.71360876037675,0.8690729206960471,53.31,False
insect,base,blf,rugged,rugged,3,10.266968878566514,0.8713319254383427,85.33333333333333,False
insect,base,blf,rugged,rugged,4,10.457103052282706,0.7887550261262053,67.20333333333333,False
insect,base,blf,rugged,rugged,5,14.362826753994272,0.9170424025753452,48.17,False
insect,base,blf,rugged,rugged,6,13.815920378999412,0.8756905812429021,44.223333333333336,False
insect,base,blf,rugged,rugged,7,9.607661194450287,0.8144895248763812,81.35666666666667,False
insect,base,blf,rugged,rugged,8,10.213216840821948,0.8480757035824696,75.57666666666667,False
insect,base,blf,rugged,rugged,9,15.638867612573875,0.9020630083246256,58.20666666666666,False
insect,base,blf,rugged,rugged,10,15.74635771097425,0.9096004715310188,61.36,False
insect,base,blf,rugged,rugged,11,13.041272317350549,0.9280620136444816,50.35,False
insect,base,blf,rugged,rugged,12,11.321902330343288,0.835345160541568,59.583333333333336,False
insect,base,blf,rugged,rugged,13,14.387268519957583,0.8579718572614148,63.34,False
insect,base,blf,rugged,rugged,14,16.03232360659879,0.9058976870057016,58.36,False
insect,base,blf,rugged,rugged,15,15.118104410959798,0.8661525365842148,62.95666666666666,False
insect,base,blf,rugged,rugged,16,14.070103428212027,0.8354864528349674,70.82666666666667,False
insect,base,blf,rugged,rugged,17,15.320207707193372,0.9047770916813836,60.42333333333333,False
insect,base,blf,rugged,rugged,18,15.216873021837293,0.8975042844610631,50.836666666666666,False
insect,base,blf,rugged,rugged,19,14.017086993922048,0.8947434621797109,45.73333333333333,False
insect,base,blf,rugged,rugged,20,13.797327752377528,0.8521595223472862,65.93666666666667,False
insect,base,blf,rugged,rugged,21,11.16074693478213,0.9104900923878346,52.36333333333334,False
insect,base,blf,rugged,rugged,22,10.163784851345545,0.8028255792915396,72.47333333333333,False
insect,base,blf,rugged,rugged,23,15.200302155128051,0.8630548343758889,45.0,False
insect,base,blf,rugged,rugged,24,10.085267922611964,0.8397294639544387,84.9,False
insect,base,blf,rugged,rugged,25,14.743895191473191,0.8637217837553034,50.57333333333333,False
insect,base,blf,rugged,rugged,26,14.086587510559822,0.8975700162581408,53.26,False
insect,base,blf,rugged,rugged,27,14.13361246304483,0.8608943905058732,62.22666666666667,False
insect,base,blf,rugged,rugged,28,9.9421007579554,0.7873690889434524,71.45333333333333,False
insect,base,blf,rugged,rugged,29,13.13273196665642,0.8483641855515833,56.45666666666666,False
insect,base,blf,rugged,rugged,30,15.324089975445856,0.8399206762222438,48.876666666666665,False
insect,phi,uncoupled,flat,flat,1,11.127299152383744,0.8837131373968615,47.54666666666667,False
insect,phi,uncoupled,flat,flat,2,15.89497183716568,0.9058891410541616,60.79666666666667,False
insect,phi,uncoupled,flat,flat,3,11.375499564306216,0.8915799850650034,53.763333333333335,False
insect,phi,uncoupled,flat,flat,4,11.21321308843048,0.9134671978093132,54.33,False
insect,phi,uncoupled,flat,flat,5,6.576271723958127,0.6482345228615413,78.58,False
insect,phi,uncoupled,flat,flat,6,12.077441190926304,0.924826435049514,62.57333333333333,False
insect,phi,uncoupled,flat,flat,7,7.18318613920621,0.7587954321957,63.26,False
insect,phi,uncoupled,flat,flat,8,7.428455696431672,0.7879739842290153,85.75333333333333,False
insect,phi,uncoupled,flat,flat,9,11.03841571743046,0.8848661329932787,49.99333333333333,False
insect,phi,uncoupled,flat,flat,10,10.51883030820142,0.8796812852840684,74.22333333333333,False
insect,phi,uncoupled,flat,flat,11,9.112162638373247,0.8202543570050466,55.57666666666667,False
insect,phi,uncoupled,flat,flat,12,7.924942876868813,0.8415408583641112,64.08,False
insect,phi,uncoupled,flat,flat,13,11.863163723603554,0.9056633649486892,62.97666666666667,False
insect,phi,uncoupled,flat,flat,14,9.7256519060165,0.8387362532447373,52.86,False
insect,phi,uncoupled,flat,flat,15,10.598211101385113,0.901926863605126,56.45,False
insect,phi,uncoupled,flat,flat,16,10.537425943197936,0.8965092713687642,80.21,False
insect,phi,uncoupled,flat,flat,17,10.544666510012988,0.8686229111944738,48.29,False
insect,phi,uncoupled,flat,flat,18,10.492546505250187,0.8539877413762242,46.00666666666667,False
insect,phi,uncoupled,flat,flat,19,11.72854233399617,0.901111184223878,54.406666666666666,False
insect,phi,uncoupled,flat,flat,20,15.2047192581912,0.9479185687226516,43.806666666666665,False
insect,phi,uncoupled,flat,flat,21,15.470044683879308,0.8584167182814598,68.16333333333333,False
insect,phi,uncoupled,flat,flat,22,12.217911686818509,0.8674995827841033,49.79333333333334,False
insect,phi,uncoupled,flat,flat,23,11.024956594248184,0.9029006601394608,49.06666666666667,False
insect,phi,uncoupled,flat,flat,24,10.964064169340563,0.9049412739254648,49.04666666666667,False
insect,phi,uncoupled,flat,flat,25,11.388678151776976,0.923094755405206,63.49333333333333,False
insect,phi,uncoupled,flat,flat,26,10.182334476118347,0.8589257179779217,52.77666666666666,False
insect,phi,uncoupled,flat,flat,27,9.227260016050131,0.8035213596448417,65.11666666666666,False
insect,phi,uncoupled,flat,flat,28,8.313430641216248,0.787432939915192,58.68333333333333,False
insect,phi,uncoupled,flat,flat,29,4.915650985656882,0.6550962788874045,65.26666666666667,False
insect,phi,uncoupled,flat,flat,30,10.352810186312672,0.829015937318198,73.32333333333334,False
insect,phi,uncoupled,flat,rugged,1,8.890808377502943,0.7677090415198401,53.59333333333333,True
insect,phi,uncoupled,flat,rugged,2,12.185375110930543,0.776844761715755,63.29333333333334,True
insect,phi,uncoupled,flat,rugged,3,7.06572313210046,0.6219849498434861,59.65,True
insect,phi,uncoupled,flat,rugged,4,9.494526663996494,0.8630820398273475,60.07666666666667,True
insect,phi,uncoupled,flat,rugged,5,4.996541001307147,0.5180387642473236,77.6,True
insect,phi,uncoupled,flat,rugged,6,7.905313077800231,0.7073418340412098,68.90333333333334,True
insect,phi,uncoupled,flat,rugged,7,4.84179930537462,0.6232379787492799,66.28,True
insect,phi,uncoupled,flat,rugged,8,7.114775573486593,0.7654123107737867,85.38333333333334,True
insect,phi,uncoupled,flat,rugged,9,9.226832434627386,0.7943299490316192,53.95666666666666,True
insect,phi,uncoupled,flat,rugged,10,7.104580095468418,0.6262054079208597,73.99333333333334,True
insect,phi,uncoupled,flat,rugged,11,6.301539551720508,0.5901781664930161,57.11666666666667,True
insect,phi,uncoupled,flat,rugged,12,6.174145177266065,0.7064294342410824,63.263333333333335,True
insect,phi,uncoupled,flat,rugged,13,1.916109648866452,0.170912628728112,70.64666666666666,True
insect,phi,uncoupled,flat,rugged,14,7.612520254454901,0.6651694632611916,54.1,True
insect,phi,uncoupled,flat,rugged,15,1.624519481783273,0.1579100632278845,62.54666666666667,True
insect,phi,uncoupled,flat,rugged,16,9.304603807123693,0.8503561054921753,81.74,True
insect,phi,uncoupled,flat,rugged,17,8.024412348656718,0.6852286480415332,51.18666666666667,True
insect,phi,uncoupled,flat,rugged,18,6.124755845156487,0.5483471114740673,48.21333333333333,True
insect,phi,uncoupled,flat,rugged,19,1.1573359283925653,0.0974699073638733,56.86,True
insect,phi,uncoupled,flat,rugged,20,11.81316630145048,0.7954217445587087,49.74,True
insect,phi,uncoupled,flat,rugged,21,1.9443269891629,0.1223357599511689,69.67333333333333,True
insect,phi,uncoupled,flat,rugged,22,10.015298040528032,0.7615549718805626,53.17333333333333,True
insect,phi,uncoupled,flat,rugged,23,9.0515938615481,0.7733217070279673,54.03333333333333,True
insect,phi,uncoupled,flat,rugged,24,6.337368663773162,0.5676529587988243,52.3,True
insect,phi,uncoupled,flat,rugged,25,9.720427650997056,0.8283584465179534,65.36,True
insect,phi,uncoupled,flat,rugged,26,8.415503078820757,0.7623118436126158,54.42666666666667,True
insect,phi,uncoupled,flat,rugged,27,7.076619433661621,0.6507347929311271,65.69666666666667,True
insect,phi,uncoupled,flat,rugged,28,7.341492653928797,0.725024040777187,59.67666666666667,True
insect,phi,uncoupled,flat,rugged,29,2.110475401009479,0.2589590114404279,60.943333333333335,True
insect,phi,uncoupled,flat,rugged,30,8.216251423143428,0.6865830644461076,71.93666666666667,True
insect,phi,uncoupled,rugged,flat,1,9.332220011670804,0.8753190936475734,83.11,True
insect,phi,uncoupled,rugged,flat,2,6.610304931069025,0.7072345496093132,61.18666666666667,True
insect,phi,uncoupled,rugged,flat,3,9.357251975287724,0.8626114585697698,67.10666666666667,True
insect,phi,uncoupled,rugged,flat,4,9.2989086832708,0.8518109916831691,56.95,True
insect,phi,uncoupled,rugged,flat,5,9.67397601356324,0.8796022579906079,52.59333333333333,True
insect,phi,uncoupled,rugged,flat,6,10.346002718252343,0.868035953412224,46.71,True
insect,phi,uncoupled,rugged,flat,7,9.059680132236087,0.8196115686739895,50.24,True
insect,phi,uncoupled,rugged,flat,8,2.1267353981694983,0.1802974876787197,67.74333333333334,True
insect,phi,uncoupled,rugged,flat,9,8.586182430896741,0.8124300300566601,56.02333333333333,True
insect,phi,uncoupled,rugged,flat,10,10.813126021645274,0.8781606917119564,47.72,True
insect,phi,uncoupled,rugged,flat,11,6.0940103101523295,0.7223670276851312,89.89666666666666,True
insect,phi,uncoupled,rugged,flat,12,9.285559821474594,0.817401945647564,66.78666666666666,True
insect,phi,uncoupled,rugged,flat,13,12.188395313395535,0.8546209947517401,61.19,True
insect,phi,uncoupled,rugged,flat,14,6.73287943448632,0.6868986246906216,86.7,True
insect,phi,uncoupled,rugged,flat,15,9.482357913022469,0.8424884627551957,62.45333333333333,True
insect,phi,uncoupled,rugged,flat,16,4.327326717526797,0.3949368180425047,74.2,True
insect,phi,uncoupled,rugged,flat,17,5.334770197448792,0.5117014215734741,59.986666666666665,True
insect,phi,uncoupled,rugged,flat,18,6.445541995043137,0.842476420429022,81.18,True
insect,phi,uncoupled,rugged,flat,19,10.429606678162708,0.9116727354686128,56.86,True
insect,phi,uncoupled,rugged,flat,20,10.458278514632475,0.8637917729036051,51.75333333333333,True
insect,phi,uncoupled,rugged,flat,21,7.410121136429097,0.6326759958624416,64.98666666666666,True
insect,phi,uncoupled,rugged,flat,22,7.782469827046708,0.8336927707484693,60.77,True
insect,phi,uncoupled,rugged,flat,23,9.217749048135596,0.7842480678104807,45.86666666666667,True
insect,phi,uncoupled,rugged,flat,24,11.765357861691625,0.8231116041426043,54.03666666666667,True
insect,phi,uncoupled,rugged,flat,25,8.852219383029691,0.8049129958488465,54.2,True
insect,phi,uncoupled,rugged,flat,26,13.361229146367949,0.8811699345281317,65.05666666666667,True
insect,phi,uncoupled,rugged,flat,27,11.177269346682689,0.7142813402968403,78.76,True
insect,phi,uncoupled,rugged,flat,28,12.382014672229744,0.8778175024686268,75.06666666666666,True
insect,phi,uncoupled,rugged,flat,29,9.810225787809197,0.8662000902162987,50.79666666666667,True
insect,phi,uncoupled,rugged,flat,30,9.563802404387022,0.8303023625514714,64.74,True
insect,phi,uncoupled,rugged,rugged,1,9.116256877729525,0.8296214627499316,82.26333333333334,False
insect,phi,uncoupled,rugged,rugged,2,7.499256833231032,0.8173118266347363,63.4,False
insect,phi,uncoupled,rugged,rugged,3,9.932712065918489,0.8522544124719321,67.15666666666667,False
insect,phi,uncoupled,rugged,rugged,4,9.683749103964407,0.8606621693065049,59.18,False
insect,phi,uncoupled,rugged,rugged,5,10.269158996819671,0.8808281301647752,52.71333333333333,False
insect,phi,uncoupled,rugged,rugged,6,10.487040921793811,0.869780014594207,50.32,False
insect,phi,uncoupled,rugged,rugged,7,9.154088306610532,0.8125713663414469,53.32,False
insect,phi,uncoupled,rugged,rugged,8,11.896455913268458,0.8085496528936003,83.06,False
insect,phi,uncoupled,rugged,rugged,9,8.870093970522117,0.8209846456589247,60.25333333333333,False
insect,phi,uncoupled,rugged,rugged,10,9.936676477823433,0.851255245672842,48.52666666666666,False
insect,phi,uncoupled,rugged,rugged,11,6.273041019042772,0.7647419516106331,89.38333333333334,False
insect,phi,uncoupled,rugged,rugged,12,9.06054330627514,0.8087020430589216,68.86666666666666,False
insect,phi,uncoupled,rugged,rugged,13,11.865305257203062,0.8345275225949834,62.81333333333333,False
insect,phi,uncoupled,rugged,rugged,14,7.01035212404954,0.7249567639963209,85.24666666666667,False
insect,phi,uncoupled,rugged,rugged,15,9.72162610044874,0.8235162853619159,63.54,False
insect,phi,uncoupled,rugged,rugged,16,4.048110750060174,0.3928602689444682,75.23333333333333,False
insect,phi,uncoupled,rugged,rugged,17,7.775138430386946,0.7063063638518298,61.88333333333333,False
insect,phi,uncoupled,rugged,rugged,18,6.513409600036908,0.7966835404923901,79.88666666666667,False
insect,phi,uncoupled,rugged,rugged,19,10.058933244202771,0.8798613828516443,58.656666666666666,False
insect,phi,uncoupled,rugged,rugged,20,10.27204082961977,0.8654731830842097,56.34,False
insect,phi,uncoupled,rugged,rugged,21,7.541832600797551,0.6493155661870202,65.50333333333333,False
insect,phi,uncoupled,rugged,rugged,22,7.516444738151803,0.7883718694673085,61.99666666666667,False
insect,phi,uncoupled,rugged,rugged,23,9.030051581533376,0.7775777945732651,49.51,False
insect,phi,uncoupled,rugged,rugged,24,12.234051366393386,0.8532423269235647,54.96,False
insect,phi,uncoupled,rugged,rugged,25,8.860883886249942,0.8009775920730596,57.986666666666665,False
insect,phi,uncoupled,rugged,rugged,26,13.036271725538972,0.8681158165977549,62.903333333333336,False
insect,phi,uncoupled,rugged,rugged,27,12.661955429312869,0.8489578668218476,78.07,False
insect,phi,uncoupled,rugged,rugged,28,11.893560130027256,0.8487444945544507,74.15,False
insect,phi,uncoupled,rugged,rugged,29,9.69185674361585,0.8581414274375272,54.693333333333335,False
insect,phi,uncoupled,rugged,rugged,30,9.336107183537315,0.809817797623283,64.75666666666666,False
queen,base,blf,flat,flat,1,19.756700300665337,0.9378976669319934,44.55,False
queen,base,blf,flat,flat,2,18.564873051421813,0.9312555155644912,50.82666666666667,False
queen,base,blf,flat,flat,3,16.560732361662847,0.9153553896176128,61.88333333333333,False
queen,base,blf,flat,flat,4,10.77194817401329,0.6856814030504458,38.07333333333333,False
queen,base,blf,flat,flat,5,17.722572458512797,0.91205227518312,44.52333333333333,False
queen,base,blf,flat,flat,6,11.412256996325748,0.7819024972848192,32.88333333333333,False
queen,base,blf,flat,flat,7,19.484251825700117,0.954669241151496,47.75333333333333,False
queen,base,blf,flat,flat,8,20.926062404242803,0.967126124552079,48.833333333333336,False
queen,base,blf,flat,flat,9,11.99035325798395,0.8616155396783797,51.723333333333336,False
queen,base,blf,flat,flat,10,11.212215577374195,0.8710794763597318,36.46666666666667,False
queen,base,blf,flat,flat,11,20.19495661706499,0.9385852508801928,44.57333333333333,False
queen,base,blf,flat,flat,12,12.518132173755273,0.814693382705015,25.736666666666668,False
queen,base,blf,flat,flat,13,20.987867539766015,0.9642341644987282,42.91,False
queen,base,blf,flat,flat,14,7.748360895832267,0.7294594956398951,44.906666666666666,False
queen,base,blf,flat,flat,15,17.994940828588312,0.9260362735354792,54.49,False
queen,base,blf,flat,flat,16,8.499421548556818,0.8038639645123277,43.74333333333333,False
queen,base,blf,flat,flat,17,17.892557955032927,0.9329274633896668,37.553333333333335,False
queen,base,blf,flat,flat,18,19.21184401060436,0.9316179072738876,46.20666666666666,False
queen,base,blf,flat,flat,19,13.860831006100575,0.8915603245995939,50.42333333333333,False
queen,base,blf,flat,flat,20,18.01720786962336,0.93192110266784,56.31,False
queen,base,blf,flat,flat,21,20.805494652007187,0.961982112515154,46.973333333333336,False
queen,base,blf,flat,flat,22,13.41909003502758,0.8835813000738245,51.46,False
queen,base,blf,flat,flat,23,9.355895021833508,0.7868678204959129,39.72666666666667,False
queen,base,blf,flat,flat,24,16.812390116768412,0.9559863739310308,58.09,False
queen,base,blf,flat,flat,25,9.199836243386304,0.7296392104158406,39.71,False
queen,base,blf,flat,flat,26,18.291266493833955,0.9278713316778502,62.053333333333335,False
queen,base,blf,flat,flat,27,10.564977133260603,0.8181051740905115,38.13333333333333,False
queen,base,blf,flat,flat,28,17.394997429444285,0.9225777611013768,54.42333333333333,False
queen,base,blf,flat,flat,29,14.85193396334589,0.8763028905819532,58.52666666666666,False
queen,base,blf,flat,flat,30,19.74335423976537,0.9542825159787816,49.61333333333334,False
queen,base,blf,flat,rugged,1,6.311679072292757,0.358422052314148,51.07,True
queen,base,blf,flat,rugged,2,13.459250451492352,0.7926072488802123,54.99333333333333,True
queen,base,blf,flat,rugged,3,2.122934970843735,0.1351335049749591,64.90666666666667,True
queen,base,blf,flat,rugged,4,1.6384345737318464,0.1278279255604259,41.71666666666667,True
queen,base,blf,flat,rugged,5,4.86863926191766,0.2760515439144905,52.27333333333333,True
queen,base,blf,flat,rugged,6,3.563856444967792,0.2699115690733931,36.736666666666665,True
queen,base,blf,flat,rugged,7,7.218848643477174,0.3693351834315763,48.13333333333333,True
queen,base,blf,flat,rugged,8,7.011105241599359,0.3928370604817499,54.64333333333333,True
queen,base,blf,flat,rugged,9,7.186212177766757,0.5880685591052206,54.223333333333336,True
queen,base,blf,flat,rugged,10,1.4106833392591889,0.1155210701334134,39.266666666666666,True
queen,base,blf,flat,rugged,11,2.9979623413129075,0.1601857394830108,50.52,True
queen,base,blf,flat,rugged,12,8.20302828475611,0.6389723004001504,29.05333333333333,True
queen,base,blf,flat,rugged,13,1.84086536569767,0.0989056092182937,49.14,True
queen,base,blf,flat,rugged,14,1.5895966839990745,0.1470125263495965,43.75,True
queen,base,blf,flat,rugged,15,1.199172142966186,0.0688389335718721,59.58,True
queen,base,blf,flat,rugged,16,7.362999275496554,0.7727852955446266,46.18666666666667,True
queen,base,blf,flat,rugged,17,4.84278648858359,0.2803007497072931,46.16666666666666,True
queen,base,blf,flat,rugged,18,0.6472253762748185,0.0387972372297023,33.60666666666667,True
queen,base,blf,flat,rugged,19,9.53338310894198,0.7331566069057239,52.09333333333333,True
queen,base,blf,flat,rugged,20,13.414304787385335,0.8404375217824676,60.64333333333333,True
queen,base,blf,flat,rugged,21,2.580821100739872,0.1276655392508802,50.16333333333333,True
queen,base,blf,flat,rugged,22,10.642522161128351,0.8068730614544367,53.72,True
queen,base,blf,flat,rugged,23,3.796985959797219,0.3233984526448119,40.653333333333336,True
queen,base,blf,flat,rugged,24,3.3617536390589216,0.2177968979185317,67.92666666666666,True
queen,base,blf,flat,rugged,25,3.352633825363244,0.2819724030755384,41.49,True
queen,base,blf,flat,rugged,26,9.659820927963958,0.5375615083671722,64.71666666666667,True
queen,base,blf,flat,rugged,27,5.229420658494001,0.3933427502759687,39.89666666666667,True
queen,base,blf,flat,rugged,28,3.4080538805003338,0.1947410956294248,57.61,True
queen,base,blf,flat,rugged,29,1.8344960545519196,0.1132412754531386,61.25,True
queen,base,blf,flat,rugged,30,7.589158336807592,0.4826241464395474,38.73,True
queen,base,blf,rugged,flat,1,14.37469571090856,0.8729136019326111,60.35,True
queen,base,blf,rugged,flat,2,12.435156123869683,0.8292235636944923,62.29666666666667,True
queen,base,blf,rugged,flat,3,7.570788013788245,0.6327706725352612,55.64333333333333,True
queen,base,blf,rugged,flat,4,19.52106310558426,0.9306217934236788,36.79666666666667,True
queen,base,blf,rugged,flat,5,11.881423851253588,0.8290879294944806,55.3,True
queen,base,blf,rugged,flat,6,16.6901855744828,0.8925028981207843,39.72666666666667,True
queen,base,blf,rugged,flat,7,14.601238850240716,0.9084289666020364,52.67,True
queen,base,blf,rugged,flat,8,16.426054124361983,0.9097295095045064,56.14666666666667,True
queen,base,blf,rugged,flat,9,15.071698910849394,0.9054781918368018,62.196666666666665,True
queen,base,blf,rugged,flat,10,15.696597686787998,0.9206795204886664,40.50666666666667,True
queen,base,blf,rugged,flat,11,15.607758789212552,0.90831652898562,53.43333333333333,True
queen,base,blf,rugged,flat,12,11.140666500947711,0.9148992683323264,63.46,True
queen,base,blf,rugged,flat,13,12.943219682222525,0.8029435649697223,59.07666666666667,True
queen,base,blf,rugged,flat,14,8.561602498542964,0.6861237030612354,42.47666666666667,True
queen,base,blf,rugged,flat,15,10.838394633713571,0.7012237612609352,54.52,True
queen,base,blf,rugged,flat,16,11.068457099184789,0.8663270304733232,50.28,True
queen,base,blf,rugged,flat,17,9.280393525011664,0.8063344820979574,59.05,True
queen,base,blf,rugged,flat,18,10.23925890887195,0.8484733890995206,51.556666666666665,True
queen,base,blf,rugged,flat,19,13.107961618738008,0.8667903949332074,54.9,True
queen,base,blf,rugged,flat,20,5.456414030735682,0.5943115514803439,60.68666666666667,True
queen,base,blf,rugged,flat,21,15.546751860525898,0.9040409560612274,54.38666666666666,True
queen,base,blf,rugged,flat,22,13.280202353149248,0.7322141997896406,44.156666666666666,True
queen,base,blf,rugged,flat,23,17.26815015013603,0.9385898916035856,37.38,True
queen,base,blf,rugged,flat,24,12.499881855959268,0.8605720717955204,71.38666666666667,True
queen,base,blf,rugged,flat,25,9.132241407969818,0.7482088126781767,35.946666666666665,True
queen,base,blf,rugged,flat,26,9.442699975346178,0.7947076986856807,49.99333333333333,True
queen,base,blf,rugged,flat,27,17.760136571835176,0.9409968386890932,43.763333333333335,True
queen,base,blf,rugged,flat,28,11.878434576136785,0.665378578421042,46.82,True
queen,base,blf,rugged,flat,29,18.53126506039428,0.9480821125100884,43.57666666666667,True
queen,base,blf,rugged,flat,30,14.00167292654473,0.8924497272448523,49.14666666666667,True
queen,base,blf,rugged,rugged,1,13.334334234661004,0.7974263327232987,59.36333333333334,False
queen,base,blf,rugged,rugged,2,14.010499146578596,0.8662308448786482,59.61,False
queen,base,blf,rugged,rugged,3,8.74015687671927,0.7542899781750245,56.81333333333333,False
queen,base,blf,rugged,rugged,4,18.23947285753179,0.913146870849976,41.19,False
queen,base,blf,rugged,rugged,5,14.131761604375946,0.8284853956671097,54.84666666666666,False
queen,base,blf,rugged,rugged,6,17.24881193452687,0.9135876093464111,42.21,False
queen,base,blf,rugged,rugged,7,15.020231702165855,0.8798432823107301,55.92,False
queen,base,blf,rugged,rugged,8,15.839905960403804,0.8941045737060697,54.99333333333333,False
queen,base,blf,rugged,rugged,9,15.02886384521661,0.8804714252082638,61.016666666666666,False
queen,base,blf,rugged,rugged,10,15.613499495995082,0.8969064753927016,47.403333333333336,False
queen,base,blf,rugged,rugged,11,15.305277802832356,0.8772700381658851,52.44,False
queen,base,blf,rugged,rugged,12,11.70032528923099,0.909139390360846,64.64,False
queen,base,blf,rugged,rugged,13,14.539010144436528,0.8667540313735255,57.17333333333333,False
queen,base,blf,rugged,rugged,14,7.575168009497172,0.64228258790163,44.99,False
queen,base,blf,rugged,rugged,15,14.852865520689845,0.8793139459722793,52.69,False
queen,base,blf,rugged,rugged,16,10.064126945861858,0.7974785688754424,53.99333333333333,False
queen,base,blf,rugged,rugged,17,9.080366372247909,0.7838935019450948,59.67333333333333,False
queen,base,blf,rugged,rugged,18,9.555383919513144,0.7859373471713615,53.14,False
queen,base,blf,rugged,rugged,19,14.636480250743809,0.8785082820184716,57.373333333333335,False
queen,base,blf,rugged,rugged,20,7.115190242221012,0.7033617735799473,61.333333333333336,False
queen,base,blf,rugged,rugged,21,15.593228202854924,0.9033068264181552,55.81666666666667,False
queen,base,blf,rugged,rugged,22,15.732232217549814,0.9028092032689624,46.973333333333336,False
queen,base,blf,rugged,rugged,23,16.722072393304323,0.9202226848585484,46.14666666666667,False
queen,base,blf,rugged,rugged,24,13.07268445538742,0.8602991037052203,64.57666666666667,False
queen,base,blf,rugged,rugged,25,9.290532747392552,0.7670545036204444,43.05,False
queen,base,blf,rugged,rugged,26,9.168376196998512,0.7735969096995374,50.85333333333333,False
queen,base,blf,rugged,rugged,27,16.994392844760096,0.9242690474065738,45.68,False
queen,base,blf,rugged,rugged,28,15.866907145238814,0.9098881412121994,45.96666666666667,False
queen,base,blf,rugged,rugged,29,16.781630695808445,0.9220707371032492,44.53333333333333,False
queen,base,blf,rugged,rugged,30,14.485735460822283,0.8816987129805225,49.99666666666667,False
queen,phi,uncoupled,flat,flat,1,5.3541596522080805,0.4818953659870001,50.44,False
queen,phi,uncoupled,flat,flat,2,5.01547517878514,0.4621618046279605,43.61333333333334,False
queen,phi,uncoupled,flat,flat,3,18.37800835671064,0.9368444203225094,51.77666666666666,False
queen,phi,uncoupled,flat,flat,4,4.894001398355321,0.4568893782840854,53.71333333333333,False
queen,phi,uncoupled,flat,flat,5,4.999165382482074,0.4440252925928468,51.00333333333333,False
queen,phi,uncoupled,flat,flat,6,5.726780963432794,0.4562990246930671,40.42666666666667,False
queen,phi,uncoupled,flat,flat,7,10.928373880028866,0.8302849366139538,68.16,False
queen,phi,uncoupled,flat,flat,8,15.926570375522733,0.8953699466804557,43.72666666666667,False
queen,phi,uncoupled,flat,flat,9,14.972496996402889,0.883579057356348,52.94,False
queen,phi,uncoupled,flat,flat,10,12.220085233697764,0.8696399133088196,61.52333333333333,False
queen,phi,uncoupled,flat,flat,11,11.56150212523182,0.8468588906726933,51.18666666666667,False
queen,phi,uncoupled,flat,flat,12,14.849709670773292,0.9047534387088664,68.93333333333334,False
queen,phi,uncoupled,flat,flat,13,5.070148289903268,0.4932477633896831,50.22666666666667,False
queen,phi,uncoupled,flat,flat,14,4.830261825981029,0.4728582507268873,44.03666666666667,False
queen,phi,uncoupled,flat,flat,15,12.015692767818262,0.856264380307388,65.02666666666667,False
queen,phi,uncoupled,flat,flat,16,4.704039990123597,0.4370251446663425,63.36,False
queen,phi,uncoupled,flat,flat,17,19.451188892591038,0.9338129311420356,46.07666666666667,False
queen,phi,uncoupled,flat,flat,18,4.745727762576068,0.4405644756379044,32.17,False
queen,phi,uncoupled,flat,flat,19,3.5712964831410146,0.5126331643878893,76.04,False
queen,phi,uncoupled,flat,flat,20,18.011701407285315,0.9378680577415532,55.26,False
queen,phi,uncoupled,flat,flat,21,3.823972900778728,0.6364535017393093,61.67,False
queen,phi,uncoupled,flat,flat,22,8.941527688021992,0.7854459600006121,71.84333333333333,False
queen,phi,uncoupled,flat,flat,23,16.440061361508416,0.8988340175044255,63.2,False
queen,phi,uncoupled,flat,flat,24,4.573065039974242,0.4317884861103854,43.51,False
queen,phi,uncoupled,flat,flat,25,17.562476277815176,0.9267644106991532,49.91,False
queen,phi,uncoupled,flat,flat,26,5.608064956331169,0.5132891406478269,62.513333333333335,False
queen,phi,uncoupled,flat,flat,27,4.8149729178418506,0.4347874981138528,56.53,False
queen,phi,uncoupled,flat,flat,28,13.386005433242447,0.8694773725363398,63.28666666666667,False
queen,phi,uncoupled,flat,flat,29,4.883671602150485,0.4537061736840739,46.81333333333333,False
queen,phi,uncoupled,flat,flat,30,6.134337233325076,0.698961356835598,40.21666666666667,False
queen,phi,uncoupled,flat,rugged,1,4.361668774900399,0.4173949102312839,52.22666666666667,True
queen,phi,uncoupled,flat,rugged,2,0.7295658813869902,0.1101189102525289,73.23,True
queen,phi,uncoupled,flat,rugged,3,5.379894751026217,0.2964885529197253,54.56666666666667,True
queen,phi,uncoupled,flat,rugged,4,3.073627553183873,0.2976206686532494,54.96333333333333,True
queen,phi,uncoupled,flat,rugged,5,2.7750758065672576,0.2518086587843813,52.35666666666667,True
queen,phi,uncoupled,flat,rugged,6,1.8749522120398328,0.1944696528947933,54.02,True
queen,phi,uncoupled,flat,rugged,7,1.8605544977049655,0.1440708551715885,69.37,True
queen,phi,uncoupled,flat,rugged,8,6.332210180148332,0.4449330470726371,39.96666666666667,True
queen,phi,uncoupled,flat,rugged,9,8.167436839626369,0.4893528092990418,56.22666666666667,True
queen,phi,uncoupled,flat,rugged,10,6.027356980327629,0.4566084154201008,59.02666666666666,True
queen,phi,uncoupled,flat,rugged,11,7.985130541925338,0.6196674010408503,53.016666666666666,True
queen,phi,uncoupled,flat,rugged,12,5.222153220863892,0.3208851872080972,69.62,True
queen,phi,uncoupled,flat,rugged,13,3.645297632197386,0.3715765594316735,51.21333333333333,True
queen,phi,uncoupled,flat,rugged,14,2.384696632067576,0.2979916252774943,49.876666666666665,True
queen,phi,uncoupled,flat,rugged,15,0.7355560141551863,0.0536771078712479,68.70333333333333,True
queen,phi,uncoupled,flat,rugged,16,3.8277118178814167,0.3748407913183171,63.84333333333333,True
queen,phi,uncoupled,flat,rugged,17,13.226547399841213,0.7714798514205801,53.98,True
queen,phi,uncoupled,flat,rugged,18,3.894633062226966,0.3719010617862569,34.416666666666664,True
queen,phi,uncoupled,flat,rugged,19,2.693483312916712,0.4150051442248431,77.83333333333333,True
queen,phi,uncoupled,flat,rugged,20,2.9611686034520432,0.1659094443478953,54.56666666666667,True
queen,phi,uncoupled,flat,rugged,21,2.545145587854841,0.4902904151220686,65.93,True
queen,phi,uncoupled,flat,rugged,22,3.846266817014262,0.3386093919893538,72.63,True
queen,phi,uncoupled,flat,rugged,23,1.1319952879906885,0.0679855445559467,51.43333333333333,True
queen,phi,uncoupled,flat,rugged,24,3.810502081184474,0.3599269653876423,44.443333333333335,True
queen,phi,uncoupled,flat,rugged,25,1.9656130283864444,0.1160580591944566,47.50666666666667,True
queen,phi,uncoupled,flat,rugged,26,2.436135423318331,0.2387393310685977,62.473333333333336,True
queen,phi,uncoupled,flat,rugged,27,4.141001940855981,0.3792631300093427,55.77333333333333,True
queen,phi,uncoupled,flat,rugged,28,2.976161682210582,0.1826166785475852,64.66666666666667,True
queen,phi,uncoupled,flat,rugged,29,4.010197017947629,0.3934737231295093,48.36,True
queen,phi,uncoupled,flat,rugged,30,4.872751178043605,0.5922899622085891,41.60666666666667,True
queen,phi,uncoupled,rugged,flat,1,2.903383854880843,0.4953825553364899,73.90333333333334,True
queen,phi,uncoupled,rugged,flat,2,4.377454973486195,0.4124289450842422,58.513333333333335,True
queen,phi,uncoupled,rugged,flat,3,8.627604019850821,0.6975497562608705,61.32333333333333,True
queen,phi,uncoupled,rugged,flat,4,7.71047863913388,0.718493085510477,76.77,True
queen,phi,uncoupled,rugged,flat,5,6.136185673585573,0.6904022947885333,58.65,True
queen,phi,uncoupled,rugged,flat,6,8.863746246457572,0.8012962470973681,63.10666666666667,True
queen,phi,uncoupled,rugged,flat,7,11.27414532120474,0.8593163470299945,72.1,True
queen,phi,uncoupled,rugged,flat,8,10.609783684267637,0.8469253504071724,70.17333333333333,True
queen,phi,uncoupled,rugged,flat,9,9.285411665379728,0.8208058960153429,59.25666666666667,True
queen,phi,uncoupled,rugged,flat,10,3.9191646058516048,0.3027482210951588,46.943333333333335,True
queen,phi,uncoupled,rugged,flat,11,5.188586424455527,0.465504024427774,47.82,True
queen,phi,uncoupled,rugged,flat,12,4.475937204592167,0.4175319692680767,52.41666666666666,True
queen,phi,uncoupled,rugged,flat,13,10.675561605000334,0.7447231434168152,66.54666666666667,True
queen,phi,uncoupled,rugged,flat,14,3.270038956710412,0.377650910598213,51.57333333333333,True
queen,phi,uncoupled,rugged,flat,15,0.3103857445765752,0.0277885995499659,34.03333333333333,True
queen,phi,uncoupled,rugged,flat,16,4.329406944810812,0.4232928631167449,56.78333333333333,True
queen,phi,uncoupled,rugged,flat,17,13.556605923649066,0.8413458900489824,60.35333333333333,True
queen,phi,uncoupled,rugged,flat,18,4.06443171117519,0.3966482205812346,43.14333333333333,True
queen,phi,uncoupled,rugged,flat,19,10.642275763375032,0.7656433162193276,61.18,True
queen,phi,uncoupled,rugged,flat,20,4.479044135859047,0.4399760479862472,44.196666666666665,True
queen,phi,uncoupled,rugged,flat,21,9.49616804473895,0.7673890986222907,62.52,True
queen,phi,uncoupled,rugged,flat,22,2.570939654750471,0.1549913638590957,59.60666666666667,True
queen,phi,uncoupled,rugged,flat,23,3.6748188271208,0.3498539576844706,50.24333333333333,True
queen,phi,uncoupled,rugged,flat,24,1.369589912053477,0.2033346889982936,64.07333333333334,True
queen,phi,uncoupled,rugged,flat,25,2.992674872650985,0.3343720480199242,44.92,True
queen,phi,uncoupled,rugged,flat,26,9.987343667759156,0.7973720352074843,66.63,True
queen,phi,uncoupled,rugged,flat,27,2.936728456371056,0.2599175955334961,45.513333333333335,True
queen,phi,uncoupled,rugged,flat,28,9.819984956993991,0.832595231005306,60.836666666666666,True
queen,phi,uncoupled,rugged,flat,29,7.5313711386025215,0.7555040233972872,46.36,True
queen,phi,uncoupled,rugged,flat,30,7.706847368657771,0.6105109778166539,68.57666666666667,True
queen,phi,uncoupled,rugged,rugged,1,2.4897898572133905,0.4542889243439429,73.00666666666666,False
queen,phi,uncoupled,rugged,rugged,2,4.648819674831048,0.4324557087808133,58.763333333333335,False
queen,phi,uncoupled,rugged,rugged,3,9.920934975946032,0.7774545660738366,60.78,False
queen,phi,uncoupled,rugged,rugged,4,7.925953596288105,0.7248882914736796,74.37666666666667,False
queen,phi,uncoupled,rugged,rugged,5,6.357935402645434,0.6912796832551812,57.03333333333333,False
queen,phi,uncoupled,rugged,rugged,6,9.029845719610805,0.7772965555016466,64.35,False
queen,phi,uncoupled,rugged,rugged,7,9.515078783355673,0.7462055885876244,73.63333333333334,False
queen,phi,uncoupled,rugged,rugged,8,10.327514319082644,0.8125710171452691,69.87,False
queen,phi,uncoupled,rugged,rugged,9,9.707452858039328,0.8774080080905547,63.05,False
queen,phi,uncoupled,rugged,rugged,10,4.260916371186705,0.3395529434355697,50.07666666666667,False
queen,phi,uncoupled,rugged,rugged,11,5.292589377568814,0.4696789793903289,47.43666666666667,False
queen,phi,uncoupled,rugged,rugged,12,4.736529670170431,0.425539276380648,53.68666666666667,False
queen,phi,uncoupled,rugged,rugged,13,11.990206243659124,0.824686461716943,67.22666666666667,False
queen,phi,uncoupled,rugged,rugged,14,3.7518662740260407,0.4200340872909921,50.60666666666667,False
queen,phi,uncoupled,rugged,rugged,15,4.39171678158902,0.3897352260533882,32.906666666666666,False
queen,phi,uncoupled,rugged,rugged,16,4.963941514254735,0.4678309703437859,56.41333333333333,False
queen,phi,uncoupled,rugged,rugged,17,12.530717060517558,0.7845533981606915,61.65,False
queen,phi,uncoupled,rugged,rugged,18,4.436438234236656,0.4175136244130916,43.96333333333333,False
queen,phi,uncoupled,rugged,rugged,19,11.162322072300585,0.8230293898747664,60.11333333333334,False
queen,phi,uncoupled,rugged,rugged,20,4.559086932921855,0.4437644606420295,42.99666666666667,False
queen,phi,uncoupled,rugged,rugged,21,9.777496050072616,0.7696955292301403,62.34333333333333,False
queen,phi,uncoupled,rugged,rugged,22,15.193162163676394,0.8518373561187667,60.91666666666666,False
queen,phi,uncoupled,rugged,rugged,23,4.859353064215879,0.4684877247297651,51.97666666666667,False
queen,phi,uncoupled,rugged,rugged,24,3.819018239517809,0.3682285291667682,27.973333333333333,False
queen,phi,uncoupled,rugged,rugged,25,3.399284834053245,0.3789149081966644,46.443333333333335,False
queen,phi,uncoupled,rugged,rugged,26,10.64206100485756,0.8111497131628114,65.62333333333333,False
queen,phi,uncoupled,rugged,rugged,27,4.791325782657029,0.4245960092532804,46.8,False
queen,phi,uncoupled,rugged,rugged,28,9.47861899684837,0.8133614840250751,60.7,False
queen,phi,uncoupled,rugged,rugged,29,8.606325747319472,0.7797879036488773,46.13666666666666,False
queen,phi,uncoupled,rugged,rugged,30,10.774479751175203,0.7454005485772035,64.47,False
spider,base,blf,flat,flat,1,15.922882026165349,0.9151585793534408,40.06,False
spider,base,blf,flat,flat,2,16.846397131522483,0.9491493610131704,40.85333333333333,False
spider,base,blf,flat,flat,3,15.842771425314035,0.798704974387667,36.82333333333333,False
spider,base,blf,flat,flat,4,19.1263823564162,0.8065245214539396,6.713333333333333,False
spider,base,blf,flat,flat,5,17.100913997630276,0.8341076261250132,5.23,False
spider,base,blf,flat,flat,6,16.948139806767035,0.8640272195007463,12.623333333333331,False
spider,base,blf,flat,flat,7,13.643756967382904,0.924654603837572,21.736666666666668,False
spider,base,blf,flat,flat,8,17.620881249310393,0.93849235403951,36.016666666666666,False
spider,base,blf,flat,flat,9,12.841347710460347,0.9145975547335216,33.31,False
spider,base,blf,flat,flat,10,17.304839270456952,0.9280049033284798,37.77666666666666,False
spider,base,blf,flat,flat,11,12.532181219369624,0.8713489871101492,2.26,False
spider,base,blf,flat,flat,12,12.20799754392484,0.8993568700958127,45.46333333333333,False
spider,base,blf,flat,flat,13,20.854867751810445,0.8462417441416112,12.453333333333331,False
spider,base,blf,flat,flat,14,16.90047897706376,0.7369441402697559,29.933333333333334,False
spider,base,blf,flat,flat,15,16.33545744120836,0.9197103699597428,38.21,False
spider,base,blf,flat,flat,16,16.22798620688001,0.7825371038667669,25.0,False
spider,base,blf,flat,flat,17,15.511645692552124,0.9090465626507463,42.59333333333333,False
spider,base,blf,flat,flat,18,19.94020021614062,0.845988742499478,1.9633333333333332,False
spider,base,blf,flat,flat,19,17.971657682277673,0.8752262705170107,8.956666666666667,False
spider,base,blf,flat,flat,20,19.351569735905134,0.8687224105281589,19.13,False
spider,base,blf,flat,flat,21,12.657358942051523,0.8845483217142603,14.493333333333334,False
spider,base,blf,flat,flat,22,14.054541036659394,0.9016390846120446,53.306666666666665,False
spider,base,blf,flat,flat,23,17.533806181853475,0.8021595309272405,0.5466666666666666,False
spider,base,blf,flat,flat,24,15.372910667512592,0.9209113047557792,40.92666666666667,False
spider,base,blf,flat,flat,25,12.21083581673509,0.8264689899875488,1.06,False
spider,base,blf,flat,flat,26,17.137984344074606,0.8324702631034155,16.406666666666666,False
spider,base,blf,flat,flat,27,20.590277568715894,0.8684963184437545,5.066666666666666,False
spider,base,blf,flat,flat,28,13.989849446264566,0.9257259537189612,46.46666666666667,False
spider,base,blf,flat,flat,29,15.945005047307042,0.7659083772290523,1.106666666666667,False
spider,base,blf,flat,flat,30,10.495821432382249,0.861125764537643,54.61666666666667,False
spider,base,blf,flat,rugged,1,8.563137639569014,0.5761234282589047,43.31666666666667,True
spider,base,blf,flat,rugged,2,3.095943162161868,0.2286386777531164,45.74,True
spider,base,blf,flat,rugged,3,13.228035617708656,0.740754407667198,38.03333333333333,True
spider,base,blf,flat,rugged,4,9.442716408684676,0.4870416899538721,13.536666666666669,True
spider,base,blf,flat,rugged,5,14.662134194041112,0.7880138651638751,6.466666666666667,True
spider,base,blf,flat,rugged,6,3.0863010975520027,0.2148446333772045,23.66,True
spider,base,blf,flat,rugged,7,12.22214870797353,0.9208452620581214,29.093333333333334,True
spider,base,blf,flat,rugged,8,12.484005254206988,0.871471551924686,40.41666666666666,True
spider,base,blf,flat,rugged,9,9.619579826967971,0.7271353175361717,38.3,True
spider,base,blf,flat,rugged,10,11.788231740780514,0.8015388119596454,43.76,True
spider,base,blf,flat,rugged,11,11.05686915801756,0.8335987432303301,4.44,True
spider,base,blf,flat,rugged,12,10.614047043933844,0.845549867571778,46.376666666666665,True
spider,base,blf,flat,rugged,13,12.801731023019672,0.6341632795329794,18.79,True
spider,base,blf,flat,rugged,14,1.4017333392386215,0.0779065161729758,38.38666666666666,True
spider,base,blf,flat,rugged,15,6.857592387410329,0.4719798359114441,45.85333333333333,True
spider,base,blf,flat,rugged,16,13.446334418622303,0.7320430983607572,26.89,True
spider,base,blf,flat,rugged,17,9.058278384388164,0.6435698775745353,48.72666666666667,True
spider,base,blf,flat,rugged,18,15.661480418166226,0.7515184817880796,6.33,True
spider,base,blf,flat,rugged,19,14.248459172155451,0.7966357410052995,13.163333333333334,True
spider,base,blf,flat,rugged,20,6.255096207507748,0.3394408336775129,26.7,True
spider,base,blf,flat,rugged,21,10.524781411421811,0.8168934208692152,16.413333333333334,True
spider,base,blf,flat,rugged,22,8.275859064945147,0.5984321255424804,53.34666666666666,True
spider,base,blf,flat,rugged,23,15.218924562991743,0.7653696022054932,2.32,True
spider,base,blf,flat,rugged,24,9.522742190504315,0.7144123151202538,45.65,True
spider,base,blf,flat,rugged,25,10.576533759789758,0.7999275141790209,1.1733333333333331,True
spider,base,blf,flat,rugged,26,14.51488550470306,0.7912379165074851,23.1,True
spider,base,blf,flat,rugged,27,13.72810355113437,0.7556445061586636,16.536666666666665,True
spider,base,blf,flat,rugged,28,7.276788169030164,0.5697879476170786,51.946666666666665,True
spider,base,blf,flat,rugged,29,12.30602870384291,0.6846944211076668,4.543333333333333,True
spider,base,blf,flat,rugged,30,4.867466818129523,0.444426182237624,60.02333333333333,True
spider,base,blf,rugged,flat,1,14.261820432496066,0.8417985125909447,43.45,True
spider,base,blf,rugged,flat,2,13.69005615512757,0.8322929281641707,39.27666666666666,True
spider,base,blf,rugged,flat,3,14.240825015180617,0.8785321334970129,4.036666666666667,True
spider,base,blf,rugged,flat,4,16.63121696526312,0.8007109468983064,0.8166666666666667,True
spider,base,blf,rugged,flat,5,15.05143520765709,0.7823930534712188,2.84,True
spider,base,blf,rugged,flat,6,11.926283482382354,0.6771133146809122,37.76,True
spider,base,blf,rugged,flat,7,10.801634414581374,0.7770085096315756,6.806666666666667,True
spider,base,blf,rugged,flat,8,11.471505478667128,0.835994302915243,51.34333333333333,True
spider,base,blf,rugged,flat,9,11.626606476444712,0.927749555612029,55.67666666666667,True
spider,base,blf,rugged,flat,10,11.87688369871375,0.9029196236608962,39.25,True
spider,base,blf,rugged,flat,11,10.886686855055697,0.7747618604900934,41.06,True
spider,base,blf,rugged,flat,12,12.410908061590344,0.7669759458571942,45.943333333333335,True
spider,base,blf,rugged,flat,13,12.88376544562995,0.9612916133191134,54.24,True
spider,base,blf,rugged,flat,14,14.835688817056198,0.7539565207031077,22.12,True
spider,base,blf,rugged,flat,15,14.331288701039457,0.8985798148956936,38.43,True
spider,base,blf,rugged,flat,16,16.664242278255493,0.8966162168712172,7.256666666666667,True
spider,base,blf,rugged,flat,17,15.680809043622162,0.7461191704325559,3.01,True
spider,base,blf,rugged,flat,18,16.823421481593815,0.7725036050177985,0.6333333333333333,True
spider,base,blf,rugged,flat,19,13.0087883328479,0.9148518006692145,28.33,True
spider,base,blf,rugged,flat,20,11.707529436604352,0.8422972358196626,5.68,True
spider,base,blf,rugged,flat,21,14.61086827888498,0.8139786183009791,0.7466666666666667,True
spider,base,blf,rugged,flat,22,14.856354716860436,0.9160015176139208,39.723333333333336,True
spider,base,blf,rugged,flat,23,15.956906084456753,0.8225347077826323,5.243333333333333,True
spider,base,blf,rugged,flat,24,12.780362086089989,0.9424901598729724,56.556666666666665,True
spider,base,blf,rugged,flat,25,12.647910001127888,0.8828471317386569,47.39,True
spider,base,blf,rugged,flat,26,12.50118351393773,0.934436806377917,54.54,True
spider,base,blf,rugged,flat,27,14.16344194743228,0.9119830195428807,40.47,True
spider,base,blf,rugged,flat,28,11.137555443304649,0.7075761567702574,49.54,True
spider,base,blf,rugged,flat,29,9.272283909635732,0.7769596324620003,11.813333333333333,True
spider,base,blf,rugged,flat,30,14.31614910161714,0.8487814442496396,36.19,True
spider,base,blf,rugged,rugged,1,13.226044584064445,0.8285712643381979,42.00666666666667,False
spider,base,blf,rugged,rugged,2,13.179870915174527,0.8155297107962011,43.48,False
spider,base,blf,rugged,rugged,3,14.186961445485748,0.8945092548549457,7.506666666666667,False
spider,base,blf,rugged,rugged,4,16.571240504118887,0.8118487624007603,1.11,False
spider,base,blf,rugged,rugged,5,15.114316723489054,0.7976316282478977,3.0033333333333334,False
spider,base,blf,rugged,rugged,6,14.475562023668113,0.8412732782317534,39.34666666666666,False
spider,base,blf,rugged,rugged,7,10.769767869373345,0.7898652457617236,6.63,False
spider,base,blf,rugged,rugged,8,11.012233816303198,0.8511407715363817,54.9,False
spider,base,blf,rugged,rugged,9,11.341244484554316,0.899744264201478,55.60333333333333,False
spider,base,blf,rugged,rugged,10,11.482787530871702,0.873581971086278,41.306666666666665,False
spider,base,blf,rugged,rugged,11,11.062222300344494,0.7990632007356694,44.193333333333335,False
spider,base,blf,rugged,rugged,12,11.368276004234046,0.7646194404912187,46.0,False
spider,base,blf,rugged,rugged,13,12.460087580253004,0.9241110577363888,53.49666666666667,False
spider,base,blf,rugged,rugged,14,14.237324220790272,0.7660517480960212,23.84,False
spider,base,blf,rugged,rugged,15,14.60823285923517,0.8966160904210605,37.26,False
spider,base,blf,rugged,rugged,16,15.5219456774869,0.8870875237446652,10.713333333333331,False
spider,base,blf,rugged,rugged,17,15.598238892861245,0.7507467483224292,3.273333333333333,False
spider,base,blf,rugged,rugged,18,16.186220667574442,0.7737317830762755,1.0333333333333334,False
spider,base,blf,rugged,rugged,19,12.25666432368652,0.892469123206308,29.84,False
spider,base,blf,rugged,rugged,20,11.436785877903086,0.8560958591122575,7.3,False
spider,base,blf,rugged,rugged,21,15.644811870230097,0.8807277436302242,1.0533333333333332,False
spider,base,blf,rugged,rugged,22,13.705754218376594,0.8948950818701729,40.303333333333335,False
spider,base,blf,rugged,rugged,23,15.57098194542662,0.802231145674134,6.303333333333334,False
spider,base,blf,rugged,rugged,24,12.198823407638065,0.9237177728726214,57.266666666666666,False
spider,base,blf,rugged,rugged,25,12.017948206243627,0.8897131826495884,48.17,False
spider,base,blf,rugged,rugged,26,12.08621010724506,0.9092143872324472,52.14,False
spider,base,blf,rugged,rugged,27,13.401319181883958,0.900222785715614,41.486666666666665,False
spider,base,blf,rugged,rugged,28,12.747921388437836,0.8429303300536383,51.53,False
spider,base,blf,rugged,rugged,29,10.439399873403357,0.7663725501119989,16.483333333333334,False
spider,base,blf,rugged,rugged,30,13.829097607197037,0.869977247445664,40.67333333333333,False
spider,phi,uncoupled,flat,flat,1,13.89746654651691,0.8881886788578254,42.41666666666666,False
spider,phi,uncoupled,flat,flat,2,11.18860713115616,0.6776836743624419,20.12,False
spider,phi,uncoupled,flat,flat,3,6.15434523243899,0.6172694568814602,34.86333333333334,False
spider,phi,uncoupled,flat,flat,4,7.633647094185551,0.5271434125328419,16.676666666666666,False
spider,phi,uncoupled,flat,flat,5,8.587053290752353,0.4882571175217006,7.156666666666666,False
spider,phi,uncoupled,flat,flat,6,10.933795162911071,0.8868449820829359,22.13,False
spider,phi,uncoupled,flat,flat,7,5.7007396085782895,0.4846401316232001,49.36666666666667,False
spider,phi,uncoupled,flat,flat,8,9.334987847872824,0.8270262808937459,59.93333333333333,False
spider,phi,uncoupled,flat,flat,9,14.106761743991417,0.7601145110627584,28.76333333333333,False
spider,phi,uncoupled,flat,flat,10,5.525010050574815,0.4900360385995509,25.48,False
spider,phi,uncoupled,flat,flat,11,7.93472896178564,0.8353483893990988,35.56666666666667,False
spider,phi,uncoupled,flat,flat,12,9.65604050121394,0.775318178200656,49.83,False
spider,phi,uncoupled,flat,flat,13,9.2662799619604,0.7444077552711713,16.606666666666666,False
spider,phi,uncoupled,flat,flat,14,8.421448492273433,0.5162188861059394,4.826666666666667,False
spider,phi,uncoupled,flat,flat,15,13.02405503362174,0.9211148286798222,36.16666666666666,False
spider,phi,uncoupled,flat,flat,16,8.907993802050349,0.5563700716984228,1.5233333333333334,False
spider,phi,uncoupled,flat,flat,17,6.905765046211548,0.436893921196357,8.57,False
spider,phi,uncoupled,flat,flat,18,10.582975972239796,0.8501597011488143,49.25666666666667,False
spider,phi,uncoupled,flat,flat,19,10.720860655858788,0.8336537471167336,19.82333333333333,False
spider,phi,uncoupled,flat,flat,20,9.639245961353335,0.7613984916776468,32.083333333333336,False
spider,phi,uncoupled,flat,flat,21,5.402083628204554,0.4288139645710979,18.13,False
spider,phi,uncoupled,flat,flat,22,4.160703048673321,0.3122408773488835,4.133333333333334,False
spider,phi,uncoupled,flat,flat,23,9.063728628048905,0.606413356547924,22.21,False
spider,phi,uncoupled,flat,flat,24,12.810777398133652,0.8706550459187585,37.906666666666666,False
spider,phi,uncoupled,flat,flat,25,9.957108288764248,0.7273770229283689,25.14666666666667,False
spider,phi,uncoupled,flat,flat,26,11.376344951410722,0.8203717698293738,0.2133333333333333,False
spider,phi,uncoupled,flat,flat,27,4.496124654682398,0.4221793307221628,25.98333333333333,False
spider,phi,uncoupled,flat,flat,28,6.636455268210342,0.5090917760032985,2.64,False
spider,phi,uncoupled,flat,flat,29,10.782478446969426,0.8472000615670682,43.64,False
spider,phi,uncoupled,flat,flat,30,11.22339975025877,0.828777269202103,18.26,False
spider,phi,uncoupled,flat,rugged,1,8.784982904171436,0.6742369862627966,42.88,True
spider,phi,uncoupled,flat,rugged,2,2.6226958618844494,0.189317310739795,20.48333333333333,True
spider,phi,uncoupled,flat,rugged,3,1.879417645047872,0.2005347459743667,35.88333333333333,True
spider,phi,uncoupled,flat,rugged,4,5.11473015188834,0.3861145460124084,18.586666666666662,True
spider,phi,uncoupled,flat,rugged,5,4.895446732310882,0.3152139359290262,12.15,True
spider,phi,uncoupled,flat,rugged,6,10.367200241597212,0.8522642527881473,25.78,True
spider,phi,uncoupled,flat,rugged,7,4.067379069890953,0.3678478953738861,50.21,True
spider,phi,uncoupled,flat,rugged,8,6.130888865809278,0.5800119009695787,63.41,True
spider,phi,uncoupled,flat,rugged,9,12.947088391384556,0.706264954732672,27.686666666666667,True
spider,phi,uncoupled,flat,rugged,10,2.862187929588988,0.2657996878449022,25.886666666666667,True
spider,phi,uncoupled,flat,rugged,11,2.187900483269378,0.2941861290194304,34.99666666666667,True
spider,phi,uncoupled,flat,rugged,12,9.0065898586887,0.7035060586330374,47.06666666666667,True
spider,phi,uncoupled,flat,rugged,13,8.568496850758057,0.6951933443149853,15.756666666666666,True
spider,phi,uncoupled,flat,rugged,14,1.4174008684750876,0.1369840929910138,35.53666666666667,True
spider,phi,uncoupled,flat,rugged,15,11.677713216791703,0.8739568195892264,39.19,True
spider,phi,uncoupled,flat,rugged,16,3.9761201439181897,0.2704415563282035,2.8,True
spider,phi,uncoupled,flat,rugged,17,6.914904298344136,0.4522864814722251,11.533333333333331,True
spider,phi,uncoupled,flat,rugged,18,8.086551832876735,0.6829843150287244,46.10666666666667,True
spider,phi,uncoupled,flat,rugged,19,9.406885482805553,0.761881216280759,18.53333333333333,True
spider,phi,uncoupled,flat,rugged,20,7.835057150186596,0.6420706655464575,33.843333333333334,True
spider,phi,uncoupled,flat,rugged,21,3.943284728576175,0.3219289900241239,20.05333333333333,True
spider,phi,uncoupled,flat,rugged,22,2.739323258490413,0.2128493978172828,5.173333333333333,True
spider,phi,uncoupled,flat,rugged,23,4.546701851327727,0.3690262893711964,25.273333333333333,True
spider,phi,uncoupled,flat,rugged,24,10.135370113982324,0.7150901370398313,37.82,True
spider,phi,uncoupled,flat,rugged,25,4.464239669685271,0.3494924041906,26.136666666666667,True
spider,phi,uncoupled,flat,rugged,26,9.314122955291753,0.7850171465556696,5.883333333333334,True
spider,phi,uncoupled,flat,rugged,27,4.27846364573338,0.4174442918617951,25.633333333333333,True
spider,phi,uncoupled,flat,rugged,28,3.542874797319529,0.2960951272071312,2.22,True
spider,phi,uncoupled,flat,rugged,29,4.906397955304854,0.4024928556322576,50.70666666666666,True
spider,phi,uncoupled,flat,rugged,30,7.886367645962461,0.6236166367620499,24.226666666666667,True
spider,phi,uncoupled,rugged,flat,1,10.005820814134523,0.7409201795881993,1.8433333333333333,True
spider,phi,uncoupled,rugged,flat,2,8.373587708405061,0.5517714968192268,29.956666666666667,True
spider,phi,uncoupled,rugged,flat,3,8.296734822781424,0.5993826916116455,1.63,True
spider,phi,uncoupled,rugged,flat,4,8.342161080832,0.6716713583521807,4.573333333333333,True
spider,phi,uncoupled,rugged,flat,5,11.34103526386943,0.8516253053806753,49.156666666666666,True
spider,phi,uncoupled,rugged,flat,6,9.44196995803665,0.7216598443694969,34.776666666666664,True
spider,phi,uncoupled,rugged,flat,7,10.957982350443077,0.8215735881045059,33.67333333333333,True
spider,phi,uncoupled,rugged,flat,8,10.962679935157876,0.7602441541987754,42.28333333333333,True
spider,phi,uncoupled,rugged,flat,9,8.786543078518323,0.7301384942610639,32.76,True
spider,phi,uncoupled,rugged,flat,10,11.372748056177173,0.8210765199054169,24.89333333333333,True
spider,phi,uncoupled,rugged,flat,11,9.872008884484387,0.7033923180781453,28.466666666666665,True
spider,phi,uncoupled,rugged,flat,12,10.793036787482324,0.8335373332947031,43.013333333333335,True
spider,phi,uncoupled,rugged,flat,13,9.06126283200484,0.574131976658423,15.32,True
spider,phi,uncoupled,rugged,flat,14,4.2770179937542405,0.4338401305927736,48.6,True
spider,phi,uncoupled,rugged,flat,15,5.306369501594628,0.3489351288297835,15.933333333333334,True
spider,phi,uncoupled,rugged,flat,16,2.803185397987904,0.1894913401843026,49.63,True
spider,phi,uncoupled,rugged,flat,17,10.470555660292517,0.5570644933527632,12.706666666666669,True
spider,phi,uncoupled,rugged,flat,18,9.59377103642011,0.8157367624592682,29.92,True
spider,phi,uncoupled,rugged,flat,19,10.592565904794332,0.8267593137148618,40.60666666666667,True
spider,phi,uncoupled,rugged,flat,20,8.254148626599331,0.6656911259543905,27.96333333333333,True
spider,phi,uncoupled,rugged,flat,21,8.817440865568766,0.7615965958263141,30.71,True
spider,phi,uncoupled,rugged,flat,22,8.267488744871391,0.5785414726599194,38.20666666666666,True
spider,phi,uncoupled,rugged,flat,23,12.652073386467649,0.8249691618549151,40.43666666666667,True
spider,phi,uncoupled,rugged,flat,24,10.067096457622949,0.7573056008845901,2.793333333333333,True
spider,phi,uncoupled,rugged,flat,25,8.319932674979224,0.7304703612039977,41.48333333333333,True
spider,phi,uncoupled,rugged,flat,26,6.573464745046292,0.5431897573043856,18.07333333333333,True
spider,phi,uncoupled,rugged,flat,27,14.672944186644974,0.7970417766992338,15.033333333333331,True
spider,phi,uncoupled,rugged,flat,28,9.928744289999129,0.7557058318610287,32.266666666666666,True
spider,phi,uncoupled,rugged,flat,29,10.379250544581696,0.8831738715022218,10.033333333333331,True
spider,phi,uncoupled,rugged,flat,30,4.4072377056337215,0.313278840312126,6.6066666666666665,True
spider,phi,uncoupled,rugged,rugged,1,10.152745745419088,0.7775138109159975,5.593333333333334,False
spider,phi,uncoupled,rugged,rugged,2,9.053232063688997,0.647698248566735,32.693333333333335,False
spider,phi,uncoupled,rugged,rugged,3,7.476620310184139,0.5393196517629124,2.286666666666666,False
spider,phi,uncoupled,rugged,rugged,4,9.222267409541985,0.7481615132315214,5.616666666666666,False
spider,phi,uncoupled,rugged,rugged,5,10.900533894442496,0.8235123833795152,48.03,False
spider,phi,uncoupled,rugged,rugged,6,9.282282372348812,0.7165410449760067,39.20333333333333,False
spider,phi,uncoupled,rugged,rugged,7,10.62581387435982,0.7797690140997459,34.50666666666667,False
spider,phi,uncoupled,rugged,rugged,8,11.591701089319384,0.7869248553352944,42.61333333333334,False
spider,phi,uncoupled,rugged,rugged,9,8.948848755161816,0.7467097967384335,33.123333333333335,False
spider,phi,uncoupled,rugged,rugged,10,11.336140841786529,0.8147885721232162,26.456666666666667,False
spider,phi,uncoupled,rugged,rugged,11,10.383922749260911,0.7782593978019439,30.43,False
spider,phi,uncoupled,rugged,rugged,12,11.125468100987971,0.8308967160158125,42.22,False
spider,phi,uncoupled,rugged,rugged,13,7.607372210026729,0.4943028792339503,15.606666666666667,False
spider,phi,uncoupled,rugged,rugged,14,4.901329138999803,0.5163255980083695,51.053333333333335,False
spider,phi,uncoupled,rugged,rugged,15,6.604783346430138,0.4505947714526246,20.34,False
spider,phi,uncoupled,rugged,rugged,16,9.344671442745382,0.6457703794376859,52.24333333333333,False
spider,phi,uncoupled,rugged,rugged,17,11.299751374192928,0.6144379477141422,13.353333333333332,False
spider,phi,uncoupled,rugged,rugged,18,9.408151978747023,0.7792537647312548,28.383333333333333,False
spider,phi,uncoupled,rugged,rugged,19,10.343167372662206,0.7964531634117961,42.29666666666667,False
spider,phi,uncoupled,rugged,rugged,20,7.784537521926009,0.6815580307928931,30.92,False
spider,phi,uncoupled,rugged,rugged,21,9.566147449648923,0.7991083201574174,26.453333333333333,False
spider,phi,uncoupled,rugged,rugged,22,8.443223057963687,0.6188485617965563,39.833333333333336,False
spider,phi,uncoupled,rugged,rugged,23,12.051175055538176,0.8136322166973909,41.08,False
spider,phi,uncoupled,rugged,rugged,24,9.897872793157168,0.7767316764901395,3.373333333333333,False
spider,phi,uncoupled,rugged,rugged,25,8.119839052849594,0.7230472941979771,45.55,False
spider,phi,uncoupled,rugged,rugged,26,6.5026513112192,0.5578866929551836,19.83,False
spider,phi,uncoupled,rugged,rugged,27,14.008485142864345,0.7858417628006719,16.766666666666666,False
spider,phi,uncoupled,rugged,rugged,28,9.896810212625496,0.7636652887615629,34.276666666666664,False
spider,phi,uncoupled,rugged,rugged,29,9.83409991504016,0.855574712016318,10.526666666666667,False
spider,phi,uncoupled,rugged,rugged,30,5.489765359553168,0.4089532458693835,6.906666666666666,False
