robot,variant,coupling,generation,median,q25,q75,mean,std,n
babya,base,blf,1,1.5199,1.3436,2.0611,1.7266,0.6026,35
babya,base,blf,2,2.0694,1.7705,2.4947,2.2539,0.7657,35
babya,base,blf,3,2.4765,2.1586,3.3954,2.7840,0.8487,35
babya,base,blf,4,2.6625,2.3898,3.5570,2.9886,0.8213,35
babya,base,blf,5,2.9855,2.5484,3.5781,3.1337,0.7491,35
babya,base,blf,6,3.2421,2.7000,3.6584,3.2560,0.7003,35
babya,base,blf,7,3.2834,2.8542,3.7191,3.3574,0.6534,35
babya,base,blf,8,3.5761,2.9549,4.0675,3.5715,0.7291,35
babya,base,blf,9,3.7467,3.1333,4.1473,3.7620,0.8314,35
babya,base,blf,10,3.9454,3.3307,4.2216,3.9023,0.8589,35
babya,base,blf,11,3.9859,3.4252,4.6186,3.9647,0.8844,35
babya,base,blf,12,4.0043,3.4252,4.7070,4.0573,0.9292,35
babya,base,blf,13,4.1937,3.5881,4.8651,4.2296,0.9575,35
babya,base,blf,14,4.2048,3.8236,4.8651,4.3086,0.9105,35
babya,base,blf,15,4.3043,3.9951,5.0641,4.4571,0.9317,35
babya,base,blf,16,4.3043,3.9951,5.0641,4.5142,0.9745,35
babya,base,blf,17,4.3043,3.9951,5.1384,4.6157,1.1268,35
babya,base,blf,18,4.4496,4.0568,5.3612,4.7076,1.1568,35
babya,base,blf,19,4.6238,4.0585,5.5903,4.7594,1.1701,35
babya,base,blf,20,4.6238,4.0585,5.5903,4.7645,1.1633,35
babya,base,blf,21,4.6238,4.1201,5.5903,4.8162,1.1135,35
babya,base,blf,22,4.6238,4.1201,5.5903,4.8473,1.0804,35
babya,base,blf,23,4.7199,4.1659,5.6341,4.9646,1.1272,35
babya,base,blf,24,4.8324,4.1834,5.7866,5.0218,1.1459,35
babya,base,blf,25,4.8831,4.1834,5.7866,5.0462,1.1323,35
babya,base,blf,26,4.8831,4.2055,5.7866,5.0907,1.1373,35
babya,base,blf,27,4.8850,4.2055,6.0101,5.1891,1.1312,35
babya,base,blf,28,5.2204,4.2671,6.0101,5.3164,1.0752,35
babya,base,blf,29,5.2204,4.2671,6.0101,5.3164,1.0752,35
babya,base,blf,30,5.3726,4.3688,6.0101,5.3674,1.0775,35
babya,base,blf,31,5.4233,4.3846,6.1715,5.4235,1.0736,35
babya,base,blf,32,5.5599,4.4390,6.1715,5.4323,1.0688,35
babya,base,blf,33,5.6786,4.5203,6.1715,5.4716,1.0600,35
babya,base,blf,34,5.6786,4.5203,6.1818,5.4945,1.0858,35
babya,base,blf,35,5.6813,4.6074,6.2797,5.5842,1.1531,35
babya,base,blf,36,5.7225,4.7952,6.2797,5.6343,1.1157,35
babya,base,blf,37,5.7265,4.8578,6.2797,5.6970,1.1439,35
babya,base,blf,38,5.7265,4.8840,6.2856,5.7536,1.1421,35
babya,base,blf,39,5.7265,4.9768,6.2856,5.7687,1.1296,35
babya,base,blf,40,5.7644,5.0569,6.3879,5.9258,1.1583,35
babya,base,blf,41,6.0272,5.1789,6.5235,6.0070,1.1720,35
babya,base,blf,42,6.0272,5.1789,6.5235,6.0160,1.1869,35
babya,base,blf,43,6.0914,5.3962,6.6269,6.0770,1.1777,35
babya,base,blf,44,6.0939,5.5185,6.6269,6.1604,1.1311,35
babya,base,blf,45,6.2560,5.5185,6.9137,6.2635,1.1930,35
babya,base,blf,46,6.2721,5.5185,6.9913,6.3154,1.1703,35
babya,base,blf,47,6.2721,5.5185,7.1488,6.3496,1.1974,35
babya,base,blf,48,6.2721,5.6344,7.1488,6.4118,1.2055,35
babya,base,blf,49,6.2721,5.7545,7.1983,6.4720,1.1919,35
babya,base,blf,50,6.2991,5.8266,7.1983,6.5147,1.2245,35
babya,base,blf,51,6.4282,5.8501,7.2439,6.5358,1.2341,35
babya,base,blf,52,6.4900,5.8501,7.2439,6.5626,1.2327,35
babya,base,blf,53,6.4900,5.8501,7.4000,6.6003,1.2552,35
babya,base,blf,54,6.5955,5.8958,7.5627,6.7308,1.2587,35
babya,base,blf,55,6.5955,5.8958,7.5966,6.7359,1.2617,35
babya,base,blf,56,6.5955,5.8958,7.5966,6.7512,1.2758,35
babya,base,blf,57,6.5955,5.9135,7.9034,6.8078,1.2920,35
babya,base,blf,58,6.5955,6.0535,7.9034,6.8527,1.3119,35
babya,base,blf,59,6.6135,6.0535,7.9343,6.8760,1.3151,35
babya,base,blf,60,6.9267,6.0535,7.9343,6.8956,1.3129,35
babya,base,blf,61,7.0129,6.1073,7.9343,6.9508,1.2977,35
babya,base,blf,62,7.0129,6.1073,7.9990,6.9983,1.3034,35
babya,base,blf,63,7.0258,6.1073,7.9990,7.0066,1.3044,35
babya,base,blf,64,7.1336,6.2217,8.1862,7.0628,1.3214,35
babya,base,blf,65,7.1336,6.2217,8.1862,7.1094,1.3367,35
babya,base,blf,66,7.1336,6.2618,8.1862,7.1717,1.3863,35
babya,base,blf,67,7.1336,6.2618,8.1862,7.1850,1.3830,35
babya,base,blf,68,7.1840,6.2618,8.1862,7.2568,1.4653,35
babya,base,blf,69,7.2907,6.2685,8.2167,7.3138,1.4616,35
babya,base,blf,70,7.2907,6.2685,8.2167,7.3190,1.4671,35
babya,base,blf,71,7.2907,6.2834,8.4404,7.3697,1.4924,35
babya,base,blf,72,7.2907,6.2834,8.4404,7.3997,1.5002,35
babya,base,blf,73,7.2907,6.3552,8.4473,7.4402,1.4782,35
babya,base,blf,74,7.2907,6.3552,8.5113,7.4693,1.4903,35
babya,base,blf,75,7.6586,6.3959,8.7542,7.5265,1.5115,35
babya,base,blf,76,7.7168,6.6601,8.7542,7.5809,1.4987,35
babya,base,blf,77,7.7168,6.6847,8.7542,7.6514,1.4725,35
babya,base,blf,78,7.7813,6.6847,8.7920,7.7274,1.5095,35
babya,base,blf,79,7.7813,6.7630,8.7920,7.7348,1.5053,35
babya,base,blf,80,7.7813,6.9096,8.8974,7.8034,1.4800,35
babya,base,blf,81,7.7813,6.9096,8.9503,7.8477,1.5086,35
babya,base,blf,82,7.7813,6.9096,8.9503,7.8491,1.5075,35
babya,base,blf,83,7.9170,6.9578,9.0061,7.9067,1.5000,35
babya,base,blf,84,8.0698,7.1087,9.0261,7.9710,1.4612,35
babya,base,blf,85,8.0698,7.1727,9.0877,7.9991,1.4442,35
babya,base,blf,86,8.0850,7.1727,9.1284,8.0371,1.4582,35
babya,base,blf,87,8.2809,7.3537,9.1284,8.1110,1.4787,35
babya,base,blf,88,8.2914,7.3537,9.1284,8.1408,1.4903,35
babya,base,blf,89,8.2932,7.3952,9.2053,8.1622,1.4978,35
babya,base,blf,90,8.2981,7.3952,9.3070,8.2158,1.4621,35
babya,base,blf,91,8.4176,7.3952,9.3492,8.3011,1.4828,35
babya,base,blf,92,8.4176,7.3952,9.3910,8.3249,1.4725,35
babya,base,blf,93,8.4176,7.5089,9.3910,8.3779,1.4322,35
babya,base,blf,94,8.4176,7.8640,9.4759,8.4477,1.4177,35
babya,base,blf,95,8.4176,7.8640,9.5114,8.4852,1.4228,35
babya,base,blf,96,8.4176,7.8640,9.6909,8.5290,1.4623,35
babya,base,blf,97,8.5063,7.8640,9.6909,8.5547,1.4557,35
babya,base,blf,98,8.5063,7.8640,9.7190,8.5837,1.4289,35
babya,base,blf,99,8.5451,7.8640,9.7190,8.6106,1.4298,35
babya,base,blf,100,8.5451,7.8640,9.7190,8.6386,1.4442,35
babya,base,blf,101,8.5451,7.8640,9.7190,8.6570,1.4287,35
babya,base,blf,102,8.5718,7.9206,9.7266,8.7120,1.4260,35
babya,base,blf,103,8.7404,7.9206,9.8506,8.8006,1.4097,35
babya,base,blf,104,8.7460,7.9666,9.8506,8.8257,1.3949,35
babya,base,blf,105,8.8755,7.9666,9.9030,8.8693,1.4355,35
babya,base,blf,106,8.9194,8.0252,9.9030,8.9184,1.4372,35
babya,base,blf,107,8.9194,8.1351,9.9030,8.9923,1.4209,35
babya,base,blf,108,8.9194,8.1800,9.9030,9.0216,1.4166,35
babya,base,blf,109,8.9194,8.2622,9.9030,9.0512,1.3776,35
babya,base,blf,110,8.9655,8.3276,9.9030,9.0930,1.3651,35
babya,base,blf,111,9.1954,8.3276,9.9030,9.1145,1.3721,35
babya,base,blf,112,9.3013,8.3276,9.9030,9.1636,1.4245,35
babya,base,blf,113,9.3013,8.3276,9.9030,9.1703,1.4229,35
babya,base,blf,114,9.3840,8.3276,9.9030,9.1937,1.4053,35
babya,base,blf,115,9.3840,8.5065,9.9030,9.2099,1.4007,35
babya,base,blf,116,9.3840,8.5065,9.9030,9.2324,1.3906,35
babya,base,blf,117,9.3840,8.5333,9.9030,9.2420,1.3874,35
babya,base,blf,118,9.3840,8.5840,9.9580,9.2727,1.3766,35
babya,base,blf,119,9.3840,8.5840,9.9746,9.2952,1.3832,35
babya,base,blf,120,9.3840,8.6511,9.9746,9.3415,1.3533,35
babya,base,blf,121,9.5858,8.6511,9.9746,9.3597,1.3547,35
babya,base,blf,122,9.5858,8.6511,10.0520,9.3720,1.3503,35
babya,base,blf,123,9.6648,8.6582,10.1129,9.4387,1.3513,35
babya,base,blf,124,9.6648,8.7436,10.1256,9.4670,1.3404,35
babya,base,blf,125,9.6648,8.7436,10.1256,9.4897,1.3485,35
babya,base,blf,126,9.6648,8.8094,10.2562,9.5283,1.3602,35
babya,base,blf,127,9.6648,8.8094,10.2562,9.5508,1.3379,35
babya,base,blf,128,9.8745,8.8094,10.2562,9.5960,1.4136,35
babya,base,blf,129,9.8745,8.8094,10.2562,9.6213,1.3827,35
babya,base,blf,130,9.8745,8.9216,10.2562,9.6462,1.3760,35
babya,base,blf,131,9.8745,8.9254,10.3911,9.6976,1.3693,35
babya,base,blf,132,9.9183,8.9254,10.3911,9.7282,1.3726,35
babya,base,blf,133,9.9188,8.9254,10.3951,9.7759,1.3475,35
babya,base,blf,134,9.9545,9.0995,10.3968,9.7961,1.3374,35
babya,base,blf,135,10.0730,9.2009,10.4191,9.8224,1.3563,35
babya,base,blf,136,10.0730,9.2035,10.4799,9.8657,1.3769,35
babya,base,blf,137,10.0730,9.2035,10.5012,9.8815,1.3707,35
babya,base,blf,138,10.0789,9.2035,10.5446,9.9050,1.3694,35
babya,base,blf,139,10.0789,9.2531,10.5449,9.9129,1.3668,35
babya,base,blf,140,10.0789,9.2531,10.5449,9.9259,1.3738,35
babya,base,blf,141,10.0789,9.2531,10.5449,9.9509,1.3797,35
babya,base,blf,142,10.0882,9.4256,10.5449,10.0197,1.3828,35
babya,base,blf,143,10.0882,9.4568,10.6018,10.0451,1.3805,35
babya,base,blf,144,10.1282,9.4568,10.6210,10.0564,1.3831,35
babya,base,blf,145,10.1288,9.4568,10.6210,10.0640,1.3802,35
babya,base,blf,146,10.1672,9.4568,10.6210,10.0786,1.3730,35
babya,base,blf,147,10.1672,9.4568,10.6210,10.1053,1.3860,35
babya,base,blf,148,10.1672,9.4568,10.6400,10.1402,1.4150,35
babya,base,blf,149,10.2806,9.4568,10.6400,10.1612,1.4093,35
babya,base,blf,150,10.2806,9.4568,10.6679,10.1804,1.4100,35
babya,base,blf,151,10.2806,9.4568,10.6861,10.2077,1.4371,35
babya,base,blf,152,10.2831,9.4568,10.7084,10.2266,1.4508,35
babya,base,blf,153,10.2831,9.4568,10.7096,10.2407,1.4712,35
babya,base,blf,154,10.3109,9.5747,10.8112,10.2687,1.4623,35
babya,base,blf,155,10.3109,9.5747,10.8138,10.3086,1.4696,35
babya,base,blf,156,10.3299,9.5747,10.8138,10.3333,1.4932,35
babya,base,blf,157,10.3451,9.5747,10.8493,10.3442,1.4869,35
babya,base,blf,158,10.3451,9.6888,10.8536,10.3676,1.4792,35
babya,base,blf,159,10.3451,9.6888,10.8675,10.3828,1.4806,35
babya,base,blf,160,10.3451,9.7897,10.8732,10.3907,1.4784,35
babya,base,blf,161,10.4537,9.8011,10.8732,10.4062,1.4633,35
babya,base,blf,162,10.4537,9.8011,10.8732,10.4180,1.4580,35
babya,base,blf,163,10.5279,9.8011,10.9259,10.4455,1.4862,35
babya,base,blf,164,10.5279,9.8011,10.9259,10.4588,1.4919,35
babya,base,blf,165,10.5279,9.8011,10.9780,10.5031,1.5286,35
babya,base,blf,166,10.5454,9.8011,10.9830,10.5126,1.5256,35
babya,base,blf,167,10.5454,9.8011,11.0407,10.5440,1.5540,35
babya,base,blf,168,10.5465,9.8011,11.0407,10.5692,1.5527,35
babya,base,blf,169,10.5465,9.8011,11.0988,10.5807,1.5477,35
babya,base,blf,170,10.5465,9.9561,11.1078,10.6080,1.5373,35
babya,base,blf,171,10.5465,9.9561,11.1584,10.6214,1.5483,35
babya,base,blf,172,10.5684,9.9886,11.1722,10.6348,1.5405,35
babya,base,blf,173,10.5684,9.9886,11.2076,10.6528,1.5392,35
babya,base,blf,174,10.5819,10.0144,11.2125,10.6628,1.5355,35
babya,base,blf,175,10.5819,10.0150,11.2295,10.6795,1.5253,35
babya,base,blf,176,10.5908,10.0358,11.2295,10.7003,1.5300,35
babya,base,blf,177,10.6053,10.0407,11.2295,10.7148,1.5246,35
babya,base,blf,178,10.6053,10.0407,11.2295,10.7223,1.5270,35
babya,base,blf,179,10.6165,10.0676,11.2340,10.7579,1.5316,35
babya,base,blf,180,10.6165,10.0969,11.2804,10.7731,1.5307,35
babya,base,blf,181,10.6389,10.1873,11.2804,10.7913,1.5159,35
babya,base,blf,182,10.6389,10.1873,11.3056,10.8097,1.5312,35
babya,base,blf,183,10.6497,10.1873,11.3056,10.8167,1.5333,35
babya,base,blf,184,10.6645,10.1873,11.3157,10.8393,1.5421,35
babya,base,blf,185,10.6703,10.1873,11.3824,10.8775,1.5913,35
babya,base,blf,186,10.6703,10.2642,11.4040,10.9014,1.5892,35
babya,base,blf,187,10.6703,10.3271,11.4468,10.9229,1.5892,35
babya,base,blf,188,10.6703,10.3271,11.4468,10.9317,1.5898,35
babya,base,blf,189,10.7088,10.3271,11.4690,10.9460,1.5875,35
babya,base,blf,190,10.7093,10.3404,11.4690,10.9643,1.5866,35
babya,base,blf,191,10.7093,10.3934,11.4690,10.9900,1.6049,35
babya,base,blf,192,10.7655,10.4126,11.4690,11.0185,1.5948,35
babya,base,blf,193,10.8225,10.4126,11.4690,11.0355,1.5877,35
babya,base,blf,194,10.8239,10.4362,11.4829,11.0556,1.6262,35
babya,base,blf,195,10.8314,10.4362,11.4829,11.0700,1.6245,35
babya,base,blf,196,10.9885,10.4362,11.5170,11.1002,1.6319,35
babya,base,blf,197,10.9885,10.4400,11.5170,11.1312,1.6319,35
babya,base,blf,198,10.9885,10.4490,11.5561,11.1479,1.6439,35
babya,base,blf,199,10.9885,10.4490,11.5590,11.1506,1.6425,35
babya,base,blf,200,10.9885,10.4490,11.5590,11.1539,1.6422,35
babya,base,blf,201,11.0151,10.5520,11.5590,11.1906,1.6459,35
babya,base,blf,202,11.0151,10.5577,11.5590,11.2079,1.6860,35
babya,base,blf,203,11.0151,10.5577,11.5590,11.2258,1.7107,35
babya,base,blf,204,11.0151,10.5577,11.6142,11.2354,1.7182,35
babya,base,blf,205,11.0151,10.5577,11.6611,11.2476,1.7276,35
babya,base,blf,206,11.0819,10.5577,11.6611,11.2559,1.7304,35
babya,base,blf,207,11.0819,10.5577,11.6611,11.2591,1.7349,35
babya,base,blf,208,11.0819,10.5695,11.6611,11.2672,1.7393,35
babya,base,blf,209,11.0819,10.5695,11.6635,11.2792,1.7418,35
babya,base,blf,210,11.0819,10.5695,11.6676,11.3018,1.7686,35
babya,base,blf,211,11.1221,10.6055,11.6676,11.3237,1.7719,35
babya,base,blf,212,11.1221,10.6055,11.7274,11.3483,1.7796,35
babya,base,blf,213,11.1286,10.6251,11.7274,11.3594,1.7756,35
babya,base,blf,214,11.1286,10.6439,11.7403,11.3663,1.7715,35
babya,base,blf,215,11.1373,10.6439,11.7403,11.3724,1.7698,35
babya,base,blf,216,11.1470,10.6495,11.7403,11.3770,1.7693,35
babya,base,blf,217,11.1470,10.6521,11.7476,11.3804,1.7691,35
babya,base,blf,218,11.1885,10.6521,11.7476,11.4034,1.7878,35
babya,base,blf,219,11.1885,10.6521,11.7674,11.4181,1.8021,35
babya,base,blf,220,11.1885,10.6521,11.7674,11.4333,1.8353,35
babya,base,blf,221,11.1885,10.6626,11.7674,11.4498,1.8500,35
babya,base,blf,222,11.1885,10.6626,11.7674,11.4544,1.8487,35
babya,base,blf,223,11.1885,10.6640,11.7751,11.4651,1.8506,35
babya,base,blf,224,11.2326,10.6640,11.7780,11.4788,1.8498,35
babya,base,blf,225,11.2326,10.6819,11.7780,11.4973,1.8582,35
babya,base,blf,226,11.2326,10.7318,11.7789,11.5071,1.8555,35
babya,base,blf,227,11.2326,10.7401,11.7789,11.5128,1.8571,35
babya,base,blf,228,11.2326,10.7401,11.7863,11.5226,1.8668,35
babya,base,blf,229,11.2921,10.7401,11.8096,11.5288,1.8660,35
babya,base,blf,230,11.2921,10.7404,11.8096,11.5398,1.8782,35
babya,base,blf,231,11.2921,10.7406,11.8096,11.5440,1.8778,35
babya,base,blf,232,11.2921,10.7475,11.8135,11.5461,1.8797,35
babya,base,blf,233,11.2921,10.7524,11.8135,11.5571,1.8778,35
babya,base,blf,234,11.2921,10.7527,11.8166,11.5648,1.8774,35
babya,base,blf,235,11.3148,10.7527,11.8304,11.5688,1.8769,35
babya,base,blf,236,11.3148,10.7544,11.8304,11.5968,1.9031,35
babya,base,blf,237,11.3195,10.7544,11.8304,11.5983,1.9016,35
babya,base,blf,238,11.3411,10.7564,11.8304,11.6024,1.8995,35
babya,base,blf,239,11.3411,10.7647,11.8779,11.6095,1.8989,35
babya,base,blf,240,11.3506,10.7755,11.8779,11.6170,1.8984,35
babya,base,blf,241,11.3506,10.7755,11.8779,11.6222,1.8977,35
babya,base,blf,242,11.3520,10.8638,11.8779,11.6317,1.9037,35
babya,base,blf,243,11.3520,10.8638,11.8779,11.6384,1.9095,35
babya,base,blf,244,11.3520,10.8638,11.8779,11.6446,1.9155,35
babya,base,blf,245,11.3520,10.8827,11.8779,11.6543,1.9173,35
babya,base,blf,246,11.3929,10.8907,11.8779,11.6606,1.9171,35
babya,base,blf,247,11.3929,10.8907,11.8779,11.6651,1.9170,35
babya,base,blf,248,11.3929,10.8960,11.8779,11.6756,1.9216,35
babya,base,blf,249,11.3929,10.8992,11.9058,11.6874,1.9308,35
babya,base,blf,250,11.3929,10.9021,11.9284,11.6911,1.9354,35
babya,base,blf,251,11.3929,10.9031,11.9368,11.6964,1.9420,35
babya,base,blf,252,11.3929,10.9031,11.9853,11.7081,1.9429,35
babya,base,blf,253,11.3929,10.9136,11.9853,11.7193,1.9527,35
babya,base,blf,254,11.3929,10.9190,11.9853,11.7229,1.9516,35
babya,base,blf,255,11.3929,10.9190,11.9853,11.7251,1.9511,35
babya,base,blf,256,11.3929,10.9192,12.0733,11.7355,1.9602,35
babya,base,blf,257,11.3929,10.9192,12.0733,11.7385,1.9578,35
babya,base,blf,258,11.3929,10.9192,12.0733,11.7410,1.9558,35
babya,base,blf,259,11.4047,10.9344,12.0733,11.7459,1.9597,35
babya,base,blf,260,11.4047,10.9483,12.0733,11.7495,1.9600,35
babya,base,blf,261,11.4047,10.9483,12.0733,11.7526,1.9633,35
babya,base,blf,262,11.4653,10.9483,12.0733,11.7639,1.9670,35
babya,base,blf,263,11.4653,10.9483,12.0733,11.7666,1.9661,35
babya,base,blf,264,11.4653,10.9483,12.0736,11.7715,1.9702,35
babya,base,blf,265,11.4653,10.9483,12.1012,11.7791,1.9673,35
babya,base,blf,266,11.4653,10.9483,12.1129,11.7878,1.9726,35
babya,base,blf,267,11.4653,10.9483,12.1129,11.7907,1.9729,35
babya,base,blf,268,11.4653,10.9483,12.1252,11.8022,1.9848,35
babya,base,blf,269,11.4653,10.9494,12.1252,11.8084,1.9818,35
babya,base,blf,270,11.4653,10.9494,12.1259,11.8122,1.9818,35
babya,base,blf,271,11.4861,10.9531,12.1259,11.8146,1.9808,35
babya,base,blf,272,11.4861,10.9571,12.1273,11.8217,1.9850,35
babya,base,blf,273,11.4861,10.9571,12.1273,11.8285,1.9907,35
babya,base,blf,274,11.4921,10.9571,12.1273,11.8377,1.9994,35
babya,base,blf,275,11.4921,10.9615,12.1273,11.8393,1.9976,35
babya,base,blf,276,11.4921,10.9615,12.1273,11.8576,2.0049,35
babya,base,blf,277,11.5232,10.9615,12.1473,11.8622,2.0052,35
babya,base,blf,278,11.5232,10.9649,12.1476,11.8696,2.0099,35
babya,base,blf,279,11.5232,10.9649,12.1507,11.8728,2.0138,35
babya,base,blf,280,11.5232,10.9698,12.1507,11.8741,2.0137,35
babya,base,blf,281,11.5232,10.9698,12.1547,11.8765,2.0132,35
babya,base,blf,282,11.5346,10.9908,12.1547,11.8829,2.0146,35
babya,base,blf,283,11.5346,10.9937,12.1554,11.8918,2.0163,35
babya,base,blf,284,11.5346,10.9937,12.1554,11.8939,2.0158,35
babya,base,blf,285,11.5746,10.9973,12.1675,11.8982,2.0175,35
babya,base,blf,286,11.5746,10.9973,12.1680,11.9009,2.0178,35
babya,base,blf,287,11.5746,10.9973,12.1680,11.9041,2.0205,35
babya,base,blf,288,11.5746,11.0136,12.1698,11.9078,2.0203,35
babya,base,blf,289,11.5746,11.0470,12.1698,11.9166,2.0291,35
babya,base,blf,290,11.5746,11.0470,12.1698,11.9191,2.0272,35
babya,base,blf,291,11.5746,11.0470,12.1698,11.9269,2.0312,35
babya,base,blf,292,11.5746,11.0470,12.1698,11.9284,2.0319,35
babya,base,blf,293,11.5746,11.0944,12.1704,11.9355,2.0278,35
babya,base,blf,294,11.5746,11.1026,12.1704,11.9374,2.0289,35
babya,base,blf,295,11.6169,11.1026,12.1704,11.9387,2.0287,35
babya,base,blf,296,11.6202,11.1026,12.1704,11.9422,2.0283,35
babya,base,blf,297,11.6202,11.1026,12.1740,11.9465,2.0313,35
babya,base,blf,298,11.6303,11.1026,12.1796,11.9506,2.0370,35
babya,base,blf,299,11.6303,11.1062,12.1829,11.9557,2.0417,35
babya,base,blf,300,11.6389,11.1336,12.1829,11.9612,2.0420,35
babya,phi,uncoupled,1,1.9363,1.5159,2.2772,1.9253,0.6165,35
babya,phi,uncoupled,2,2.2047,1.8979,2.6155,2.2654,0.6621,35
babya,phi,uncoupled,3,2.6862,2.2420,3.0430,2.6683,0.6539,35
babya,phi,uncoupled,4,2.8821,2.5872,3.2832,2.9947,0.6656,35
babya,phi,uncoupled,5,3.1194,2.8101,3.7870,3.2446,0.7306,35
babya,phi,uncoupled,6,3.2220,2.8771,3.8975,3.3992,0.7088,35
babya,phi,uncoupled,7,3.3274,2.9598,3.8975,3.4756,0.7365,35
babya,phi,uncoupled,8,3.4821,3.0439,4.0361,3.5652,0.7726,35
babya,phi,uncoupled,9,3.5319,3.1942,4.0361,3.6774,0.7618,35
babya,phi,uncoupled,10,3.7026,3.3113,4.2995,3.7830,0.7423,35
babya,phi,uncoupled,11,3.8098,3.3275,4.4963,4.0246,0.9153,35
babya,phi,uncoupled,12,4.0803,3.4150,4.6177,4.1748,0.8901,35
babya,phi,uncoupled,13,4.0803,3.6560,4.7413,4.2715,0.9030,35
babya,phi,uncoupled,14,4.1381,3.6560,4.7538,4.2910,0.9013,35
babya,phi,uncoupled,15,4.1381,3.6560,4.7538,4.2910,0.9013,35
babya,phi,uncoupled,16,4.1381,3.7607,5.0033,4.3982,0.8742,35
babya,phi,uncoupled,17,4.3602,3.8575,5.1147,4.5140,0.9206,35
babya,phi,uncoupled,18,4.4391,3.8575,5.2036,4.6146,1.0413,35
babya,phi,uncoupled,19,4.5118,4.0185,5.2587,4.6926,1.0158,35
babya,phi,uncoupled,20,4.5118,4.0551,5.3068,4.7350,1.0230,35
babya,phi,uncoupled,21,4.6261,4.0654,5.3068,4.7574,1.0147,35
babya,phi,uncoupled,22,4.8228,4.0747,5.6716,4.8678,1.0316,35
babya,phi,uncoupled,23,4.9436,4.1480,5.7955,4.9588,1.0610,35
babya,phi,uncoupled,24,5.0746,4.2469,5.8291,5.0901,1.1173,35
babya,phi,uncoupled,25,5.0746,4.3486,5.9969,5.1361,1.1276,35
babya,phi,uncoupled,26,5.0898,4.3894,5.9969,5.1758,1.1040,35
babya,phi,uncoupled,27,5.0898,4.3894,5.9969,5.1758,1.1040,35
babya,phi,uncoupled,28,5.1089,4.3894,6.0707,5.2070,1.1131,35
babya,phi,uncoupled,29,5.1089,4.3894,6.1404,5.2551,1.1129,35
babya,phi,uncoupled,30,5.2319,4.3894,6.1694,5.3049,1.1321,35
babya,phi,uncoupled,31,5.2319,4.3894,6.1694,5.3302,1.1339,35
babya,phi,uncoupled,32,5.2319,4.4222,6.1694,5.3717,1.1317,35
babya,phi,uncoupled,33,5.6259,4.4980,6.2988,5.4922,1.0523,35
babya,phi,uncoupled,34,5.6641,4.5686,6.2988,5.5770,1.0596,35
babya,phi,uncoupled,35,5.6641,5.0865,6.2988,5.6344,1.0187,35
babya,phi,uncoupled,36,5.6641,5.0993,6.2988,5.6984,1.0191,35
babya,phi,uncoupled,37,5.9372,5.0993,6.4604,5.7714,1.0446,35
babya,phi,uncoupled,38,5.9494,5.0993,6.5702,5.8140,1.0677,35
babya,phi,uncoupled,39,5.9968,5.0993,6.5702,5.8251,1.0679,35
babya,phi,uncoupled,40,5.9968,5.0993,6.6400,5.8509,1.0731,35
babya,phi,uncoupled,41,5.9968,5.0993,6.6400,5.8522,1.0743,35
babya,phi,uncoupled,42,5.9968,5.0993,6.7506,5.9013,1.1122,35
babya,phi,uncoupled,43,5.9970,5.1619,6.7652,5.9873,1.1311,35
babya,phi,uncoupled,44,5.9970,5.1619,6.7652,6.0097,1.0915,35
babya,phi,uncoupled,45,6.0284,5.1619,7.0060,6.0701,1.1043,35
babya,phi,uncoupled,46,6.1669,5.3645,7.1727,6.1513,1.1225,35
babya,phi,uncoupled,47,6.1720,5.4431,7.1727,6.1962,1.1223,35
babya,phi,uncoupled,48,6.1720,5.4431,7.2348,6.2182,1.1341,35
babya,phi,uncoupled,49,6.4257,5.4431,7.2348,6.2314,1.1367,35
babya,phi,uncoupled,50,6.4257,5.4431,7.2348,6.2489,1.1204,35
babya,phi,uncoupled,51,6.5177,5.5243,7.2799,6.3342,1.1283,35
babya,phi,uncoupled,52,6.7391,5.5315,7.2799,6.3957,1.1184,35
babya,phi,uncoupled,53,6.7391,5.5315,7.2799,6.4061,1.1179,35
babya,phi,uncoupled,54,6.8035,5.6950,7.2849,6.4924,1.1290,35
babya,phi,uncoupled,55,6.8035,5.6950,7.3237,6.5455,1.1883,35
babya,phi,uncoupled,56,6.8491,5.6950,7.5584,6.6266,1.2556,35
babya,phi,uncoupled,57,6.9368,5.6950,7.6261,6.6933,1.2681,35
babya,phi,uncoupled,58,7.0022,5.7245,7.6760,6.7864,1.3043,35
babya,phi,uncoupled,59,7.0022,5.7245,7.7888,6.8321,1.3171,35
babya,phi,uncoupled,60,7.0022,5.7245,7.7888,6.8748,1.2572,35
babya,phi,uncoupled,61,7.0094,5.7330,7.7888,6.8992,1.2456,35
babya,phi,uncoupled,62,7.2734,5.7330,7.7984,6.9607,1.2667,35
babya,phi,uncoupled,63,7.3388,5.7330,7.8429,7.0039,1.2820,35
babya,phi,uncoupled,64,7.5640,5.7330,7.9770,7.0629,1.3259,35
babya,phi,uncoupled,65,7.6043,5.8723,8.0954,7.1909,1.3848,35
babya,phi,uncoupled,66,7.6467,5.8723,8.1717,7.2899,1.4101,35
babya,phi,uncoupled,67,7.6479,5.9497,8.1860,7.3359,1.4312,35
babya,phi,uncoupled,68,7.8736,6.1220,8.3543,7.4235,1.4060,35
babya,phi,uncoupled,69,7.8736,6.3972,8.4176,7.4893,1.4159,35
babya,phi,uncoupled,70,7.9504,6.3972,8.4177,7.5722,1.4654,35
babya,phi,uncoupled,71,7.9504,6.3972,8.5118,7.6198,1.4288,35
babya,phi,uncoupled,72,7.9504,6.4243,8.5118,7.6460,1.4214,35
babya,phi,uncoupled,73,7.9504,6.4243,8.5118,7.6666,1.4316,35
babya,phi,uncoupled,74,8.0872,6.4449,8.5118,7.7177,1.4320,35
babya,phi,uncoupled,75,8.0872,6.4449,8.6194,7.7591,1.4520,35
babya,phi,uncoupled,76,8.0872,6.5618,8.6613,7.7996,1.4855,35
babya,phi,uncoupled,77,8.0872,6.5618,8.7846,7.8588,1.5465,35
babya,phi,uncoupled,78,8.0872,6.5618,8.7979,7.8817,1.5675,35
babya,phi,uncoupled,79,8.0872,6.5815,9.0125,7.9668,1.5950,35
babya,phi,uncoupled,80,8.0872,6.5937,9.0125,8.0424,1.7069,35
babya,phi,uncoupled,81,8.0872,6.5937,9.1913,8.0855,1.7362,35
babya,phi,uncoupled,82,8.0872,6.5946,9.2321,8.1218,1.7454,35
babya,phi,uncoupled,83,8.1201,6.7442,9.2327,8.1609,1.7381,35
babya,phi,uncoupled,84,8.1201,6.7442,9.3978,8.1984,1.7429,35
babya,phi,uncoupled,85,8.2002,6.7610,9.4245,8.2468,1.7424,35
babya,phi,uncoupled,86,8.2002,7.2055,9.5213,8.3193,1.7522,35
babya,phi,uncoupled,87,8.2447,7.2768,9.5213,8.3477,1.7444,35
babya,phi,uncoupled,88,8.2447,7.2785,9.5213,8.3642,1.7620,35
babya,phi,uncoupled,89,8.2447,7.2785,9.6918,8.3977,1.7868,35
babya,phi,uncoupled,90,8.2447,7.2785,9.6918,8.4073,1.7762,35
babya,phi,uncoupled,91,8.3314,7.2785,9.7222,8.4569,1.7757,35
babya,phi,uncoupled,92,8.3314,7.7406,9.7222,8.5072,1.7511,35
babya,phi,uncoupled,93,8.5079,7.7855,9.7222,8.5517,1.7508,35
babya,phi,uncoupled,94,8.5079,7.7855,9.7222,8.5550,1.7513,35
babya,phi,uncoupled,95,8.5172,7.7855,9.8280,8.6441,1.7792,35
babya,phi,uncoupled,96,8.5489,7.7855,9.8280,8.6758,1.7876,35
babya,phi,uncoupled,97,8.5489,7.7855,9.9347,8.7390,1.7357,35
babya,phi,uncoupled,98,8.9221,7.7855,9.9607,8.8521,1.7967,35
babya,phi,uncoupled,99,8.9221,7.7855,9.9897,8.8990,1.7967,35
babya,phi,uncoupled,100,9.0402,7.8117,9.9897,8.9382,1.7875,35
babya,phi,uncoupled,101,9.0402,7.8117,10.1296,8.9879,1.8298,35
babya,phi,uncoupled,102,9.0402,7.8117,10.1983,9.0135,1.8368,35
babya,phi,uncoupled,103,9.1974,7.8117,10.2329,9.1027,1.8464,35
babya,phi,uncoupled,104,9.1974,7.9314,10.2513,9.1286,1.8509,35
babya,phi,uncoupled,105,9.2358,7.9314,10.2513,9.1838,1.9210,35
babya,phi,uncoupled,106,9.2446,7.9314,10.2513,9.2169,1.9259,35
babya,phi,uncoupled,107,9.2446,7.9314,10.3356,9.2656,1.9338,35
babya,phi,uncoupled,108,9.2446,7.9579,10.3356,9.2915,1.9192,35
babya,phi,uncoupled,109,9.2446,8.0301,10.3356,9.3649,1.9196,35
babya,phi,uncoupled,110,9.4320,8.0301,10.3684,9.4041,1.9165,35
babya,phi,uncoupled,111,9.5480,8.0301,10.3684,9.4407,1.9195,35
babya,phi,uncoupled,112,9.5480,8.0301,10.4808,9.4934,1.9552,35
babya,phi,uncoupled,113,9.5480,8.0301,10.4808,9.5482,2.0451,35
babya,phi,uncoupled,114,9.5480,8.0301,10.4808,9.5942,2.0651,35
babya,phi,uncoupled,115,9.5480,8.1809,10.4808,9.6333,2.0629,35
babya,phi,uncoupled,116,9.5480,8.2108,10.7423,9.6727,2.0613,35
babya,phi,uncoupled,117,9.5480,8.3399,10.7568,9.7567,2.0849,35
babya,phi,uncoupled,118,9.5480,8.4289,10.7568,9.8107,2.0969,35
babya,phi,uncoupled,119,9.5480,8.4524,10.8098,9.8589,2.1472,35
babya,phi,uncoupled,120,9.5480,8.4524,10.8443,9.8748,2.1479,35
babya,phi,uncoupled,121,9.9193,8.4524,10.9003,9.9264,2.1757,35
babya,phi,uncoupled,122,9.9193,8.5985,10.9003,9.9429,2.1669,35
babya,phi,uncoupled,123,9.9193,8.5985,10.9179,9.9850,2.1502,35
babya,phi,uncoupled,124,9.9193,8.5996,10.9179,10.0069,2.1604,35
babya,phi,uncoupled,125,9.9193,8.6721,10.9179,10.0432,2.1598,35
babya,phi,uncoupled,126,9.9193,8.6721,11.0540,10.0969,2.2151,35
babya,phi,uncoupled,127,10.0704,8.6721,11.0540,10.1259,2.2008,35
babya,phi,uncoupled,128,10.1080,8.8524,11.0540,10.1826,2.2006,35
babya,phi,uncoupled,129,10.1080,8.9303,11.0540,10.2169,2.1871,35
babya,phi,uncoupled,130,10.1080,8.9303,11.0540,10.2400,2.1972,35
babya,phi,uncoupled,131,10.1080,8.9303,11.0562,10.2520,2.2064,35
babya,phi,uncoupled,132,10.1080,8.9303,11.2597,10.3011,2.2376,35
babya,phi,uncoupled,133,10.2046,8.9303,11.2597,10.3548,2.2264,35
babya,phi,uncoupled,134,10.2046,8.9303,11.2597,10.3870,2.2470,35
babya,phi,uncoupled,135,10.2046,8.9303,11.5405,10.4518,2.2781,35
babya,phi,uncoupled,136,10.2317,8.9303,11.5405,10.4811,2.2698,35
babya,phi,uncoupled,137,10.2924,8.9443,11.5405,10.4998,2.2754,35
babya,phi,uncoupled,138,10.2924,9.0809,11.5556,10.5430,2.2922,35
babya,phi,uncoupled,139,10.2924,9.0913,11.5847,10.5638,2.3076,35
babya,phi,uncoupled,140,10.3160,9.0913,11.5847,10.5901,2.2997,35
babya,phi,uncoupled,141,10.3606,9.2332,11.6006,10.6431,2.2780,35
babya,phi,uncoupled,142,10.3606,9.2845,11.7600,10.7017,2.3118,35
babya,phi,uncoupled,143,10.4075,9.3312,11.7970,10.7251,2.3139,35
babya,phi,uncoupled,144,10.4184,9.3835,11.7970,10.7437,2.3115,35
babya,phi,uncoupled,145,10.4184,9.3835,11.7970,10.7730,2.2764,35
babya,phi,uncoupled,146,10.4184,9.4098,11.8213,10.7826,2.2707,35
babya,phi,uncoupled,147,10.5858,9.4105,11.8213,10.8137,2.2692,35
babya,phi,uncoupled,148,10.5858,9.4105,12.0754,10.8634,2.2757,35
babya,phi,uncoupled,149,10.6384,9.4151,12.1161,10.8735,2.2746,35
babya,phi,uncoupled,150,10.6675,9.4151,12.1791,10.8995,2.2719,35
babya,phi,uncoupled,151,10.6675,9.4151,12.1791,10.9179,2.2862,35
babya,phi,uncoupled,152,10.6814,9.4921,12.2533,10.9431,2.2825,35
babya,phi,uncoupled,153,10.7194,9.4921,12.2652,10.9540,2.2934,35
babya,phi,uncoupled,154,10.7695,9.4921,12.3299,10.9735,2.2958,35
babya,phi,uncoupled,155,10.7695,9.4921,12.3972,11.0061,2.3112,35
babya,phi,uncoupled,156,10.7695,9.4921,12.3972,11.0288,2.3116,35
babya,phi,uncoupled,157,10.7695,9.5159,12.5043,11.0653,2.3085,35
babya,phi,uncoupled,158,10.7968,9.5853,12.5925,11.1080,2.3089,35
babya,phi,uncoupled,159,10.7968,9.5853,12.7693,11.1294,2.3189,35
babya,phi,uncoupled,160,10.7968,9.5853,12.8730,11.1574,2.3184,35
babya,phi,uncoupled,161,10.7968,9.6155,12.8730,11.1940,2.3199,35
babya,phi,uncoupled,162,10.7968,9.6321,12.8730,11.2059,2.3104,35
babya,phi,uncoupled,163,10.8758,9.6454,12.8730,11.2233,2.3092,35
babya,phi,uncoupled,164,10.8758,9.6454,12.9165,11.2508,2.3268,35
babya,phi,uncoupled,165,10.8758,9.9005,12.9165,11.2945,2.3316,35
babya,phi,uncoupled,166,10.8758,9.9005,12.9165,11.3237,2.3440,35
babya,phi,uncoupled,167,10.8758,9.9039,13.0001,11.3398,2.3550,35
babya,phi,uncoupled,168,10.8758,10.1180,13.0520,11.3782,2.3461,35
babya,phi,uncoupled,169,10.9210,10.1180,13.1825,11.4113,2.3800,35
babya,phi,uncoupled,170,10.9210,10.1767,13.1835,11.4412,2.3920,35
babya,phi,uncoupled,171,10.9786,10.1767,13.1839,11.4578,2.3893,35
babya,phi,uncoupled,172,11.0370,10.1772,13.2017,11.4938,2.4172,35
babya,phi,uncoupled,173,11.0557,10.2244,13.2017,11.5231,2.4213,35
babya,phi,uncoupled,174,11.1057,10.2244,13.2614,11.5419,2.4243,35
babya,phi,uncoupled,175,11.1057,10.4158,13.2614,11.6031,2.4196,35
babya,phi,uncoupled,176,11.1057,10.4158,13.3637,11.6364,2.4190,35
babya,phi,uncoupled,177,11.1057,10.4158,13.3685,11.6453,2.4208,35
babya,phi,uncoupled,178,11.1184,10.4158,13.3685,11.6670,2.4145,35
babya,phi,uncoupled,179,11.1184,10.4158,13.3685,11.7104,2.4379,35
babya,phi,uncoupled,180,11.1209,10.4158,13.3685,11.7306,2.4381,35
babya,phi,uncoupled,181,11.1994,10.4158,13.3685,11.7516,2.4493,35
babya,phi,uncoupled,182,11.1994,10.4188,13.3713,11.8090,2.4615,35
babya,phi,uncoupled,183,11.3395,10.4188,13.3713,11.8462,2.4699,35
babya,phi,uncoupled,184,11.4274,10.4618,13.3713,11.8605,2.4699,35
babya,phi,uncoupled,185,11.4274,10.4618,13.3713,11.8857,2.4844,35
babya,phi,uncoupled,186,11.4274,10.4618,13.3713,11.9261,2.4753,35
babya,phi,uncoupled,187,11.4274,10.5119,13.3834,11.9619,2.4705,35
babya,phi,uncoupled,188,11.4535,10.5119,13.4809,12.0057,2.4783,35
babya,phi,uncoupled,189,11.4535,10.5432,13.4809,12.0127,2.4820,35
babya,phi,uncoupled,190,11.6617,10.5432,13.4809,12.0278,2.4824,35
babya,phi,uncoupled,191,11.6772,10.5432,13.4809,12.0354,2.4887,35
babya,phi,uncoupled,192,11.6772,10.5432,13.4809,12.0643,2.5107,35
babya,phi,uncoupled,193,11.6772,10.5681,13.4809,12.0973,2.5320,35
babya,phi,uncoupled,194,11.6772,10.5779,13.4809,12.1142,2.5546,35
babya,phi,uncoupled,195,11.6772,10.5779,13.4809,12.1278,2.5480,35
babya,phi,uncoupled,196,11.6772,10.5779,13.4809,12.1366,2.5450,35
babya,phi,uncoupled,197,11.6772,10.6300,13.4809,12.1570,2.5431,35
babya,phi,uncoupled,198,11.6772,10.6730,13.4909,12.1795,2.5616,35
babya,phi,uncoupled,199,11.6772,10.6730,13.5104,12.2035,2.5814,35
babya,phi,uncoupled,200,11.6772,10.6730,13.5104,12.2100,2.5851,35
babya,phi,uncoupled,201,11.6772,10.6730,13.5104,12.2249,2.5851,35
babya,phi,uncoupled,202,11.6772,10.7366,13.5966,12.2369,2.5836,35
babya,phi,uncoupled,203,11.6772,10.8053,13.5966,12.2516,2.5790,35
babya,phi,uncoupled,204,11.6772,10.8262,13.5970,12.2679,2.5842,35
babya,phi,uncoupled,205,11.6772,10.8262,13.6452,12.2812,2.5917,35
babya,phi,uncoupled,206,11.6772,10.8552,13.9923,12.3153,2.6035,35
babya,phi,uncoupled,207,11.6772,10.8593,13.9923,12.3326,2.6129,35
babya,phi,uncoupled,208,11.6772,10.8606,14.2463,12.3902,2.6747,35
babya,phi,uncoupled,209,11.6772,10.8606,14.2686,12.3994,2.6732,35
babya,phi,uncoupled,210,11.8379,10.8606,14.2704,12.4143,2.6732,35
babya,phi,uncoupled,211,11.8379,10.8978,14.2704,12.4193,2.6702,35
babya,phi,uncoupled,212,11.9368,10.8978,14.2731,12.4348,2.6647,35
babya,phi,uncoupled,213,11.9383,10.8978,14.2731,12.4454,2.6703,35
babya,phi,uncoupled,214,11.9383,10.8978,14.2731,12.4466,2.6703,35
babya,phi,uncoupled,215,11.9644,10.9210,14.2731,12.4644,2.6893,35
babya,phi,uncoupled,216,12.0417,10.9210,14.2731,12.4846,2.7001,35
babya,phi,uncoupled,217,12.0417,11.0384,14.2806,12.5123,2.7008,35
babya,phi,uncoupled,218,12.0417,11.0533,14.2926,12.5234,2.7004,35
babya,phi,uncoupled,219,12.0417,11.0533,14.3531,12.5326,2.7090,35
babya,phi,uncoupled,220,12.0568,11.0533,14.4328,12.5449,2.7230,35
babya,phi,uncoupled,221,12.0568,11.0533,14.4328,12.5623,2.7277,35
babya,phi,uncoupled,222,12.0568,11.0533,14.4328,12.5694,2.7228,35
babya,phi,uncoupled,223,12.0568,11.0946,14.4336,12.5930,2.7348,35
babya,phi,uncoupled,224,12.0982,11.0946,14.4718,12.6051,2.7390,35
babya,phi,uncoupled,225,12.0982,11.0946,14.5213,12.6195,2.7393,35
babya,phi,uncoupled,226,12.0982,11.1162,14.5213,12.6307,2.7464,35
babya,phi,uncoupled,227,12.0982,11.1249,14.5987,12.6493,2.7581,35
babya,phi,uncoupled,228,12.0982,11.1249,14.6422,12.6554,2.7588,35
babya,phi,uncoupled,229,12.1125,11.1256,14.6530,12.6612,2.7589,35
babya,phi,uncoupled,230,12.1452,11.1390,14.7292,12.6800,2.7779,35
babya,phi,uncoupled,231,12.1452,11.1390,14.7292,12.6883,2.7802,35
babya,phi,uncoupled,232,12.1452,11.1511,14.7301,12.6979,2.7879,35
babya,phi,uncoupled,233,12.1452,11.1511,14.7301,12.7158,2.8065,35
babya,phi,uncoupled,234,12.2036,11.1618,14.7301,12.7208,2.8098,35
babya,phi,uncoupled,235,12.2036,11.1618,14.7301,12.7371,2.8327,35
babya,phi,uncoupled,236,12.2036,11.1618,14.8057,12.7447,2.8357,35
babya,phi,uncoupled,237,12.2036,11.1680,14.8057,12.7492,2.8365,35
babya,phi,uncoupled,238,12.2036,11.1835,14.8057,12.7581,2.8383,35
babya,phi,uncoupled,239,12.2036,11.2020,14.8057,12.7701,2.8507,35
babya,phi,uncoupled,240,12.2036,11.2020,14.8057,12.7865,2.8581,35
babya,phi,uncoupled,241,12.2036,11.2020,14.8057,12.7912,2.8567,35
babya,phi,uncoupled,242,12.2036,11.2389,14.8104,12.8037,2.8643,35
babya,phi,uncoupled,243,12.2036,11.3200,14.8104,12.8228,2.8720,35
babya,phi,uncoupled,244,12.2036,11.3200,14.9131,12.8440,2.8956,35
babya,phi,uncoupled,245,12.2036,11.3235,14.9131,12.8548,2.8919,35
babya,phi,uncoupled,246,12.2036,11.3235,14.9131,12.8564,2.8903,35
babya,phi,uncoupled,247,12.2036,11.3235,14.9131,12.8620,2.8880,35
babya,phi,uncoupled,248,12.2628,11.3235,14.9131,12.8728,2.8907,35
babya,phi,uncoupled,249,12.2628,11.3235,14.9131,12.8802,2.8896,35
babya,phi,uncoupled,250,12.2628,11.3270,14.9216,12.8878,2.8974,35
babya,phi,uncoupled,251,12.2628,11.3270,14.9216,12.8952,2.9055,35
babya,phi,uncoupled,252,12.2628,11.3343,14.9216,12.9013,2.9011,35
babya,phi,uncoupled,253,12.2628,11.3486,14.9267,12.9169,2.9043,35
babya,phi,uncoupled,254,12.2628,11.3599,14.9267,12.9335,2.9295,35
babya,phi,uncoupled,255,12.2628,11.3599,14.9267,12.9455,2.9422,35
babya,phi,uncoupled,256,12.2628,11.3599,14.9378,12.9513,2.9426,35
babya,phi,uncoupled,257,12.2628,11.3692,14.9550,12.9554,2.9447,35
babya,phi,uncoupled,258,12.2628,11.3692,14.9550,12.9673,2.9597,35
babya,phi,uncoupled,259,12.2628,11.3692,14.9550,12.9734,2.9607,35
babya,phi,uncoupled,260,12.2628,11.3873,14.9550,12.9844,2.9656,35
babya,phi,uncoupled,261,12.2628,11.3873,14.9550,12.9944,2.9750,35
babya,phi,uncoupled,262,12.2628,11.3896,14.9550,13.0001,2.9769,35
babya,phi,uncoupled,263,12.2628,11.4226,14.9550,13.0044,2.9763,35
babya,phi,uncoupled,264,12.2628,11.4226,14.9550,13.0192,2.9907,35
babya,phi,uncoupled,265,12.2732,11.4226,14.9550,13.0267,2.9964,35
babya,phi,uncoupled,266,12.2732,11.4251,14.9613,13.0305,2.9945,35
babya,phi,uncoupled,267,12.2732,11.4251,14.9994,13.0380,2.9966,35
babya,phi,uncoupled,268,12.3037,11.4251,14.9994,13.0451,2.9964,35
babya,phi,uncoupled,269,12.3037,11.4262,14.9994,13.0548,2.9982,35
babya,phi,uncoupled,270,12.3037,11.4270,14.9994,13.0573,2.9970,35
babya,phi,uncoupled,271,12.3393,11.4490,15.0013,13.0688,3.0033,35
babya,phi,uncoupled,272,12.3393,11.4491,15.0013,13.0742,3.0066,35
babya,phi,uncoupled,273,12.3489,11.4674,15.0020,13.0810,3.0087,35
babya,phi,uncoupled,274,12.3489,11.4747,15.0023,13.0846,3.0083,35
babya,phi,uncoupled,275,12.3529,11.4747,15.0023,13.0873,3.0072,35
babya,phi,uncoupled,276,12.3529,11.4747,15.0046,13.0899,3.0062,35
babya,phi,uncoupled,277,12.3529,11.4747,15.0046,13.0923,3.0069,35
babya,phi,uncoupled,278,12.3529,11.4747,15.0164,13.0993,3.0125,35
babya,phi,uncoupled,279,12.3529,11.4747,15.0192,13.1056,3.0117,35
babya,phi,uncoupled,280,12.3529,11.4747,15.0192,13.1093,3.0109,35
babya,phi,uncoupled,281,12.3576,11.4747,15.0239,13.1182,3.0156,35
babya,phi,uncoupled,282,12.3576,11.4792,15.0239,13.1222,3.0176,35
babya,phi,uncoupled,283,12.3647,11.4792,15.0239,13.1285,3.0153,35
babya,phi,uncoupled,284,12.3895,11.4792,15.0239,13.1321,3.0167,35
babya,phi,uncoupled,285,12.3895,11.4864,15.0239,13.1340,3.0159,35
babya,phi,uncoupled,286,12.3895,11.4864,15.0239,13.1359,3.0148,35
babya,phi,uncoupled,287,12.3895,11.4976,15.0255,13.1409,3.0172,35
babya,phi,uncoupled,288,12.3895,11.5022,15.0255,13.1473,3.0188,35
babya,phi,uncoupled,289,12.3895,11.5238,15.0255,13.1531,3.0217,35
babya,phi,uncoupled,290,12.3895,11.5243,15.0255,13.1618,3.0365,35
babya,phi,uncoupled,291,12.3895,11.5243,15.0255,13.1630,3.0368,35
babya,phi,uncoupled,292,12.3895,11.5248,15.0332,13.1682,3.0365,35
babya,phi,uncoupled,293,12.3895,11.5308,15.0379,13.1714,3.0357,35
babya,phi,uncoupled,294,12.3895,11.5308,15.0486,13.1731,3.0354,35
babya,phi,uncoupled,295,12.3895,11.5596,15.0498,13.1831,3.0366,35
babya,phi,uncoupled,296,12.3895,11.5629,15.0650,13.1890,3.0339,35
babya,phi,uncoupled,297,12.3895,11.5666,15.0730,13.1944,3.0385,35
babya,phi,uncoupled,298,12.3895,11.5666,15.0730,13.1996,3.0369,35
babya,phi,uncoupled,299,12.3895,11.5666,15.0730,13.2125,3.0495,35
babya,phi,uncoupled,300,12.3895,11.5666,15.0730,13.2158,3.0516,35
ege,base,blf,1,1.4717,1.1342,1.6527,1.4281,0.3709,35
ege,base,blf,2,1.8493,1.4779,2.0939,1.8556,0.4305,35
ege,base,blf,3,2.0565,1.8410,2.2877,2.1007,0.4555,35
ege,base,blf,4,2.1424,1.9353,2.5364,2.2246,0.4454,35
ege,base,blf,5,2.3066,2.0809,2.5620,2.4040,0.5367,35
ege,base,blf,6,2.5296,2.1332,2.8855,2.5610,0.5799,35
ege,base,blf,7,2.5571,2.2693,3.0469,2.7159,0.6009,35
ege,base,blf,8,2.6438,2.4090,3.0469,2.7593,0.5778,35
ege,base,blf,9,2.7651,2.4696,3.1426,2.8356,0.5433,35
ege,base,blf,10,2.7916,2.4696,3.2236,2.8824,0.5551,35
ege,base,blf,11,2.8172,2.5348,3.2548,2.9512,0.5518,35
ege,base,blf,12,2.8172,2.5348,3.2548,2.9512,0.5518,35
ege,base,blf,13,3.0144,2.6594,3.3614,3.0558,0.5170,35
ege,base,blf,14,3.1672,2.8557,3.3941,3.1432,0.4760,35
ege,base,blf,15,3.1997,2.9149,3.5118,3.2094,0.5227,35
ege,base,blf,16,3.2073,2.9412,3.5506,3.2520,0.5343,35
ege,base,blf,17,3.2073,2.9857,3.6728,3.3165,0.5625,35
ege,base,blf,18,3.2073,3.0156,3.6728,3.3383,0.5758,35
ege,base,blf,19,3.2342,3.0156,3.6728,3.3491,0.5748,35
ege,base,blf,20,3.3538,3.0457,3.7405,3.4127,0.6276,35
ege,base,blf,21,3.3754,3.1012,3.7405,3.4501,0.6070,35
ege,base,blf,22,3.3754,3.2035,3.7405,3.4802,0.5855,35
ege,base,blf,23,3.4006,3.2035,3.7677,3.4896,0.5852,35
ege,base,blf,24,3.4128,3.2035,4.0415,3.5632,0.6022,35
ege,base,blf,25,3.4458,3.2102,4.0415,3.5914,0.6357,35
ege,base,blf,26,3.4743,3.2102,4.0415,3.6284,0.6538,35
ege,base,blf,27,3.4886,3.2200,4.1663,3.6785,0.6657,35
ege,base,blf,28,3.5864,3.2298,4.1663,3.7016,0.6567,35
ege,base,blf,29,3.6854,3.2298,4.1663,3.7344,0.6547,35
ege,base,blf,30,3.7066,3.2435,4.1663,3.7799,0.6392,35
ege,base,blf,31,3.7066,3.2686,4.2647,3.8045,0.6486,35
ege,base,blf,32,3.7745,3.3599,4.2647,3.8507,0.6134,35
ege,base,blf,33,3.7745,3.3864,4.3364,3.8837,0.6266,35
ege,base,blf,34,3.7745,3.3864,4.3364,3.8837,0.6266,35
ege,base,blf,35,3.7745,3.3864,4.3981,3.8973,0.6401,35
ege,base,blf,36,3.8255,3.4359,4.4205,3.9468,0.6457,35
ege,base,blf,37,3.8255,3.4935,4.4205,3.9587,0.6518,35
ege,base,blf,38,3.8703,3.4935,4.4205,3.9618,0.6514,35
ege,base,blf,39,3.8703,3.4935,4.5500,3.9969,0.6803,35
ege,base,blf,40,4.0498,3.5221,4.6170,4.0508,0.6804,35
ege,base,blf,41,4.0932,3.5911,4.6170,4.0934,0.6761,35
ege,base,blf,42,4.1871,3.7485,4.6170,4.1680,0.6621,35
ege,base,blf,43,4.2377,3.7485,4.6687,4.2194,0.6997,35
ege,base,blf,44,4.2780,3.7851,4.8248,4.2706,0.7207,35
ege,base,blf,45,4.2780,3.7851,4.9546,4.3036,0.7294,35
ege,base,blf,46,4.2873,3.7851,4.9546,4.3162,0.7435,35
ege,base,blf,47,4.2873,3.7851,4.9721,4.3445,0.7879,35
ege,base,blf,48,4.2949,3.7851,4.9750,4.3649,0.8058,35
ege,base,blf,49,4.2949,3.8331,5.0326,4.4215,0.7695,35
ege,base,blf,50,4.3742,3.8815,5.0326,4.4606,0.7814,35
ege,base,blf,51,4.3742,3.8815,5.0326,4.4641,0.7844,35
ege,base,blf,52,4.3787,3.8815,5.0993,4.4926,0.7999,35
ege,base,blf,53,4.4326,3.8815,5.0993,4.5319,0.7929,35
ege,base,blf,54,4.4326,3.8815,5.0993,4.5367,0.7997,35
ege,base,blf,55,4.4808,3.8815,5.1323,4.5578,0.8154,35
ege,base,blf,56,4.4808,3.9788,5.1323,4.5744,0.8157,35
ege,base,blf,57,4.4808,3.9788,5.1426,4.5846,0.8236,35
ege,base,blf,58,4.4808,3.9788,5.1426,4.5870,0.8216,35
ege,base,blf,59,4.5886,3.9837,5.3340,4.6374,0.8306,35
ege,base,blf,60,4.5886,4.0542,5.3588,4.6734,0.8260,35
ege,base,blf,61,4.5921,4.0542,5.4361,4.7124,0.8586,35
ege,base,blf,62,4.6192,4.2042,5.4361,4.7981,0.8772,35
ege,base,blf,63,4.6192,4.2042,5.4767,4.8155,0.8825,35
ege,base,blf,64,4.7913,4.2459,5.4767,4.8397,0.8761,35
ege,base,blf,65,4.9422,4.3076,5.4767,4.8968,0.8624,35
ege,base,blf,66,4.9745,4.3464,5.5961,4.9610,0.8745,35
ege,base,blf,67,5.0172,4.3464,5.6370,4.9838,0.8835,35
ege,base,blf,68,5.0186,4.3464,5.6406,4.9859,0.8838,35
ege,base,blf,69,5.0186,4.4247,5.6406,5.0057,0.8805,35
ege,base,blf,70,5.0186,4.4592,5.8529,5.0581,0.8605,35
ege,base,blf,71,5.0837,4.4592,5.8529,5.0728,0.8611,35
ege,base,blf,72,5.0837,4.4592,5.8564,5.0850,0.8687,35
ege,base,blf,73,5.1139,4.4592,5.8716,5.1244,0.8639,35
ege,base,blf,74,5.1928,4.4592,5.9788,5.1866,0.8734,35
ege,base,blf,75,5.3357,4.4592,5.9788,5.2088,0.8771,35
ege,base,blf,76,5.3808,4.4592,6.0010,5.2163,0.8836,35
ege,base,blf,77,5.3808,4.7116,6.0330,5.2817,0.8638,35
ege,base,blf,78,5.3832,4.7116,6.1376,5.3236,0.8652,35
ege,base,blf,79,5.4026,4.7965,6.1593,5.3591,0.8692,35
ege,base,blf,80,5.4026,4.8828,6.1593,5.4015,0.8772,35
ege,base,blf,81,5.4026,4.9016,6.1593,5.4206,0.8787,35
ege,base,blf,82,5.5654,4.9016,6.1593,5.4391,0.8750,35
ege,base,blf,83,5.5654,4.9233,6.1593,5.4652,0.8670,35
ege,base,blf,84,5.6014,4.9233,6.2052,5.4822,0.8683,35
ege,base,blf,85,5.8435,5.0948,6.2204,5.5646,0.8907,35
ege,base,blf,86,5.8435,5.0948,6.3573,5.5859,0.8959,35
ege,base,blf,87,5.8435,5.0948,6.3573,5.6061,0.9029,35
ege,base,blf,88,5.9036,5.0948,6.3573,5.6194,0.9066,35
ege,base,blf,89,5.9036,5.1082,6.3573,5.6420,0.8998,35
ege,base,blf,90,5.9042,5.1818,6.3588,5.6764,0.8903,35
ege,base,blf,91,5.9042,5.1828,6.3605,5.6918,0.8947,35
ege,base,blf,92,5.9330,5.1828,6.3861,5.7121,0.9084,35
ege,base,blf,93,5.9330,5.2539,6.4139,5.7342,0.9123,35
ege,base,blf,94,5.9330,5.4277,6.4139,5.7698,0.9015,35
ege,base,blf,95,5.9450,5.4277,6.4272,5.7901,0.9224,35
ege,base,blf,96,6.0782,5.4277,6.4835,5.8097,0.9226,35
ege,base,blf,97,6.0782,5.4675,6.5561,5.8407,0.9210,35
ege,base,blf,98,6.0782,5.4675,6.5561,5.8572,0.9294,35
ege,base,blf,99,6.0782,5.6624,6.5887,5.8890,0.9159,35
ege,base,blf,100,6.0782,5.6639,6.6064,5.9178,0.9072,35
ege,base,blf,101,6.0804,5.6639,6.6187,5.9357,0.9190,35
ege,base,blf,102,6.1689,5.7006,6.6706,5.9727,0.9223,35
ege,base,blf,103,6.2459,5.7006,6.7147,5.9900,0.9284,35
ege,base,blf,104,6.2459,5.7006,6.7147,5.9994,0.9311,35
ege,base,blf,105,6.2459,5.7006,6.7228,6.0280,0.9124,35
ege,base,blf,106,6.2459,5.7006,6.7228,6.0337,0.9138,35
ege,base,blf,107,6.2583,5.7408,6.7228,6.0647,0.9303,35
ege,base,blf,108,6.4052,5.8030,6.7525,6.1335,0.9077,35
ege,base,blf,109,6.4052,5.8239,6.7525,6.1487,0.9114,35
ege,base,blf,110,6.4052,5.8239,6.7607,6.1562,0.9116,35
ege,base,blf,111,6.4052,5.8804,6.7607,6.1768,0.9125,35
ege,base,blf,112,6.4052,5.8804,6.7867,6.1879,0.9163,35
ege,base,blf,113,6.4807,5.8804,6.8439,6.2283,0.9231,35
ege,base,blf,114,6.4807,5.8804,6.8439,6.2475,0.9155,35
ege,base,blf,115,6.4807,5.8804,6.8439,6.2549,0.9164,35
ege,base,blf,116,6.5230,5.9802,6.8514,6.2677,0.9135,35
ege,base,blf,117,6.5277,5.9802,6.8785,6.3045,0.8560,35
ege,base,blf,118,6.5426,5.9996,6.8785,6.3246,0.8468,35
ege,base,blf,119,6.5426,6.0494,6.8797,6.3673,0.7941,35
ege,base,blf,120,6.6086,6.0549,6.9499,6.3914,0.8090,35
ege,base,blf,121,6.6184,6.0549,6.9652,6.4212,0.8275,35
ege,base,blf,122,6.6184,6.0676,6.9673,6.4288,0.8308,35
ege,base,blf,123,6.6184,6.0676,6.9673,6.4427,0.8244,35
ege,base,blf,124,6.7048,6.1010,6.9673,6.4579,0.8312,35
ege,base,blf,125,6.7048,6.1289,7.0230,6.4705,0.8297,35
ege,base,blf,126,6.7048,6.1841,7.0230,6.4925,0.8304,35
ege,base,blf,127,6.7048,6.1876,7.0518,6.5082,0.8379,35
ege,base,blf,128,6.7359,6.1876,7.0518,6.5197,0.8445,35
ege,base,blf,129,6.7359,6.1876,7.0635,6.5288,0.8433,35
ege,base,blf,130,6.7410,6.1876,7.1510,6.5409,0.8509,35
ege,base,blf,131,6.7649,6.2933,7.1510,6.5586,0.8456,35
ege,base,blf,132,6.7649,6.2933,7.1741,6.5664,0.8483,35
ege,base,blf,133,6.7649,6.2933,7.1748,6.5915,0.8273,35
ege,base,blf,134,6.7773,6.2933,7.1748,6.6033,0.8343,35
ege,base,blf,135,6.7784,6.3106,7.2069,6.6210,0.8405,35
ege,base,blf,136,6.7784,6.3426,7.2069,6.6391,0.8120,35
ege,base,blf,137,6.8603,6.3567,7.2069,6.6524,0.8074,35
ege,base,blf,138,6.8603,6.4208,7.2069,6.6742,0.8160,35
ege,base,blf,139,6.8603,6.4208,7.2336,6.6898,0.8227,35
ege,base,blf,140,6.8718,6.4208,7.2434,6.7085,0.8012,35
ege,base,blf,141,6.8718,6.4697,7.2434,6.7202,0.8027,35
ege,base,blf,142,6.8718,6.5159,7.2792,6.7493,0.7953,35
ege,base,blf,143,6.8718,6.5728,7.2814,6.7572,0.7914,35
ege,base,blf,144,6.8718,6.5728,7.2814,6.7718,0.7881,35
ege,base,blf,145,6.8718,6.5728,7.2814,6.7795,0.7842,35
ege,base,blf,146,6.8758,6.5728,7.2832,6.7821,0.7868,35
ege,base,blf,147,6.9342,6.5735,7.2893,6.7933,0.7919,35
ege,base,blf,148,6.9687,6.5741,7.2893,6.8045,0.7949,35
ege,base,blf,149,6.9746,6.6041,7.2893,6.8229,0.8043,35
ege,base,blf,150,7.0329,6.6041,7.3341,6.8481,0.7855,35
ege,base,blf,151,7.0601,6.6041,7.3660,6.8608,0.7921,35
ege,base,blf,152,7.0601,6.6041,7.4135,6.8774,0.7966,35
ege,base,blf,153,7.0601,6.6041,7.4135,6.8831,0.7981,35
ege,base,blf,154,7.0601,6.6041,7.4135,6.8950,0.7993,35
ege,base,blf,155,7.1338,6.6041,7.4135,6.9181,0.7949,35
ege,base,blf,156,7.1338,6.6041,7.4135,6.9277,0.7747,35
ege,base,blf,157,7.1338,6.6041,7.4332,6.9331,0.7765,35
ege,base,blf,158,7.1338,6.6041,7.5851,6.9648,0.7813,35
ege,base,blf,159,7.1338,6.6041,7.5851,6.9862,0.7466,35
ege,base,blf,160,7.1338,6.6041,7.5851,7.0036,0.7248,35
ege,base,blf,161,7.1338,6.6041,7.5878,7.0118,0.7248,35
ege,base,blf,162,7.1338,6.6041,7.5878,7.0126,0.7242,35
ege,base,blf,163,7.1377,6.6088,7.5878,7.0185,0.7206,35
ege,base,blf,164,7.1377,6.6131,7.5940,7.0217,0.7189,35
ege,base,blf,165,7.1377,6.6444,7.6058,7.0340,0.7303,35
ege,base,blf,166,7.1456,6.6444,7.6058,7.0376,0.7318,35
ege,base,blf,167,7.1456,6.6444,7.6167,7.0440,0.7401,35
ege,base,blf,168,7.1456,6.6444,7.6360,7.0520,0.7306,35
ege,base,blf,169,7.1456,6.6444,7.6360,7.0547,0.7329,35
ege,base,blf,170,7.1456,6.6482,7.6612,7.0663,0.7354,35
ege,base,blf,171,7.1456,6.6482,7.6612,7.0789,0.7372,35
ege,base,blf,172,7.1456,6.6482,7.6612,7.0861,0.7273,35
ege,base,blf,173,7.1456,6.6482,7.6699,7.0913,0.7259,35
ege,base,blf,174,7.1871,6.6482,7.6754,7.1021,0.7287,35
ege,base,blf,175,7.1871,6.6816,7.6754,7.1122,0.7157,35
ege,base,blf,176,7.1871,6.6816,7.6754,7.1193,0.7190,35
ege,base,blf,177,7.1871,6.6816,7.6754,7.1206,0.7187,35
ege,base,blf,178,7.1888,6.7154,7.6816,7.1342,0.7184,35
ege,base,blf,179,7.1888,6.7300,7.6854,7.1567,0.7049,35
ege,base,blf,180,7.1926,6.7300,7.6854,7.1689,0.6857,35
ege,base,blf,181,7.1967,6.7313,7.6926,7.1788,0.6853,35
ege,base,blf,182,7.2072,6.7327,7.6926,7.1869,0.6825,35
ege,base,blf,183,7.2072,6.7538,7.6926,7.1925,0.6855,35
ege,base,blf,184,7.2072,6.7538,7.7185,7.2035,0.6852,35
ege,base,blf,185,7.2072,6.7538,7.7294,7.2088,0.6851,35
ege,base,blf,186,7.2072,6.7643,7.7294,7.2121,0.6837,35
ege,base,blf,187,7.2110,6.8102,7.7641,7.2250,0.6768,35
ege,base,blf,188,7.2110,6.8158,7.7817,7.2328,0.6754,35
ege,base,blf,189,7.2110,6.8300,7.7817,7.2445,0.6696,35
ege,base,blf,190,7.2110,6.8312,7.7817,7.2539,0.6621,35
ege,base,blf,191,7.2110,6.8312,7.7817,7.2610,0.6696,35
ege,base,blf,192,7.2282,6.8428,7.7883,7.2653,0.6697,35
ege,base,blf,193,7.2291,6.8428,7.7883,7.2670,0.6680,35
ege,base,blf,194,7.2291,6.8447,7.7883,7.2704,0.6653,35
ege,base,blf,195,7.2325,6.8532,7.7883,7.2749,0.6619,35
ege,base,blf,196,7.2325,6.8708,7.7883,7.2821,0.6588,35
ege,base,blf,197,7.2325,6.8741,7.8231,7.2912,0.6634,35
ege,base,blf,198,7.2397,6.8741,7.8254,7.2933,0.6632,35
ege,base,blf,199,7.2397,6.8924,7.8339,7.3089,0.6543,35
ege,base,blf,200,7.2397,6.8945,7.8339,7.3145,0.6475,35
ege,base,blf,201,7.2397,6.8945,7.8339,7.3166,0.6461,35
ege,base,blf,202,7.2397,6.8945,7.8383,7.3215,0.6469,35
ege,base,blf,203,7.2397,6.9081,7.8383,7.3295,0.6481,35
ege,base,blf,204,7.2397,6.9146,7.8443,7.3390,0.6435,35
ege,base,blf,205,7.2397,6.9171,7.8500,7.3483,0.6480,35
ege,base,blf,206,7.2397,6.9171,7.8641,7.3513,0.6441,35
ege,base,blf,207,7.2397,6.9186,7.8641,7.3583,0.6394,35
ege,base,blf,208,7.2397,6.9186,7.8670,7.3612,0.6378,35
ege,base,blf,209,7.2397,6.9186,7.8980,7.3692,0.6395,35
ege,base,blf,210,7.2685,6.9186,7.8980,7.3759,0.6441,35
ege,base,blf,211,7.2685,6.9186,7.9065,7.3790,0.6424,35
ege,base,blf,212,7.2685,6.9186,7.9065,7.3864,0.6466,35
ege,base,blf,213,7.2685,6.9894,7.9150,7.3921,0.6451,35
ege,base,blf,214,7.3035,6.9894,7.9150,7.3972,0.6441,35
ege,base,blf,215,7.3035,6.9894,7.9233,7.4041,0.6429,35
ege,base,blf,216,7.3035,6.9911,7.9233,7.4063,0.6414,35
ege,base,blf,217,7.3035,7.0495,7.9233,7.4172,0.6441,35
ege,base,blf,218,7.3036,7.0537,7.9233,7.4200,0.6430,35
ege,base,blf,219,7.3036,7.0537,7.9341,7.4262,0.6420,35
ege,base,blf,220,7.3072,7.0559,7.9341,7.4329,0.6403,35
ege,base,blf,221,7.4003,7.0623,7.9425,7.4395,0.6393,35
ege,base,blf,222,7.4003,7.0652,7.9484,7.4483,0.6408,35
ege,base,blf,223,7.4003,7.0652,7.9714,7.4522,0.6407,35
ege,base,blf,224,7.4003,7.0652,7.9930,7.4591,0.6370,35
ege,base,blf,225,7.4003,7.0652,7.9930,7.4618,0.6379,35
ege,base,blf,226,7.4003,7.0652,8.0287,7.4659,0.6444,35
ege,base,blf,227,7.4347,7.0652,8.0287,7.4742,0.6448,35
ege,base,blf,228,7.4347,7.0652,8.0353,7.4867,0.6355,35
ege,base,blf,229,7.4347,7.0652,8.0601,7.4891,0.6360,35
ege,base,blf,230,7.4711,7.0652,8.0791,7.4952,0.6367,35
ege,base,blf,231,7.4711,7.0652,8.0791,7.4979,0.6342,35
ege,base,blf,232,7.4776,7.0652,8.0847,7.5002,0.6360,35
ege,base,blf,233,7.5096,7.0652,8.0847,7.5035,0.6331,35
ege,base,blf,234,7.5096,7.0652,8.0847,7.5075,0.6310,35
ege,base,blf,235,7.5096,7.0652,8.0972,7.5127,0.6382,35
ege,base,blf,236,7.5096,7.0652,8.1039,7.5134,0.6383,35
ege,base,blf,237,7.5292,7.0652,8.1259,7.5171,0.6396,35
ege,base,blf,238,7.5292,7.0652,8.1291,7.5211,0.6403,35
ege,base,blf,239,7.5993,7.0662,8.1309,7.5274,0.6395,35
ege,base,blf,240,7.5993,7.0700,8.1325,7.5292,0.6392,35
ege,base,blf,241,7.5993,7.0711,8.1437,7.5329,0.6405,35
ege,base,blf,242,7.6078,7.0714,8.1437,7.5350,0.6397,35
ege,base,blf,243,7.6078,7.0714,8.1437,7.5379,0.6407,35
ege,base,blf,244,7.6078,7.0714,8.1437,7.5382,0.6406,35
ege,base,blf,245,7.6141,7.0714,8.1451,7.5438,0.6423,35
ege,base,blf,246,7.6141,7.0720,8.1451,7.5449,0.6422,35
ege,base,blf,247,7.6330,7.0720,8.1451,7.5504,0.6431,35
ege,base,blf,248,7.6445,7.0728,8.1451,7.5522,0.6430,35
ege,base,blf,249,7.6445,7.0755,8.1451,7.5542,0.6435,35
ege,base,blf,250,7.6468,7.0766,8.1451,7.5546,0.6433,35
ege,base,blf,251,7.6486,7.0783,8.1626,7.5615,0.6483,35
ege,base,blf,252,7.6486,7.0783,8.1626,7.5659,0.6520,35
ege,base,blf,253,7.6561,7.0783,8.1626,7.5717,0.6513,35
ege,base,blf,254,7.6610,7.0783,8.1710,7.5773,0.6488,35
ege,base,blf,255,7.6610,7.0797,8.1710,7.5813,0.6486,35
ege,base,blf,256,7.6610,7.0797,8.1710,7.5820,0.6480,35
ege,base,blf,257,7.6610,7.0886,8.1736,7.5897,0.6508,35
ege,base,blf,258,7.6610,7.0886,8.1736,7.5907,0.6515,35
ege,base,blf,259,7.6610,7.0886,8.1795,7.5948,0.6531,35
ege,base,blf,260,7.6626,7.0886,8.1910,7.5976,0.6539,35
ege,base,blf,261,7.6626,7.0886,8.1910,7.6000,0.6556,35
ege,base,blf,262,7.6664,7.0886,8.1961,7.6013,0.6565,35
ege,base,blf,263,7.6666,7.0886,8.1961,7.6066,0.6597,35
ege,base,blf,264,7.6666,7.0886,8.1961,7.6079,0.6593,35
ege,base,blf,265,7.6666,7.0886,8.1994,7.6104,0.6606,35
ege,base,blf,266,7.6741,7.0886,8.1999,7.6123,0.6623,35
ege,base,blf,267,7.6751,7.0886,8.2035,7.6170,0.6630,35
ege,base,blf,268,7.6751,7.1080,8.2092,7.6211,0.6641,35
ege,base,blf,269,7.6751,7.1080,8.2159,7.6239,0.6620,35
ege,base,blf,270,7.6751,7.1080,8.2159,7.6250,0.6627,35
ege,base,blf,271,7.6751,7.1080,8.2162,7.6280,0.6653,35
ege,base,blf,272,7.6751,7.1080,8.2162,7.6298,0.6661,35
ege,base,blf,273,7.6751,7.1080,8.2175,7.6315,0.6678,35
ege,base,blf,274,7.6751,7.1080,8.2176,7.6323,0.6681,35
ege,base,blf,275,7.6751,7.1080,8.2176,7.6334,0.6669,35
ege,base,blf,276,7.6751,7.1167,8.2182,7.6357,0.6673,35
ege,base,blf,277,7.6833,7.1167,8.2185,7.6372,0.6668,35
ege,base,blf,278,7.6877,7.1167,8.2221,7.6416,0.6704,35
ege,base,blf,279,7.6877,7.1167,8.2228,7.6445,0.6739,35
ege,base,blf,280,7.6890,7.1167,8.2228,7.6465,0.6748,35
ege,base,blf,281,7.7018,7.1167,8.2248,7.6489,0.6726,35
ege,base,blf,282,7.7018,7.1167,8.2297,7.6503,0.6729,35
ege,base,blf,283,7.7018,7.1213,8.2297,7.6520,0.6738,35
ege,base,blf,284,7.7018,7.1213,8.2297,7.6525,0.6732,35
ege,base,blf,285,7.7018,7.1213,8.2297,7.6529,0.6736,35
ege,base,blf,286,7.7018,7.1213,8.2297,7.6549,0.6753,35
ege,base,blf,287,7.7018,7.1213,8.2297,7.6559,0.6750,35
ege,base,blf,288,7.7018,7.1213,8.2297,7.6568,0.6751,35
ege,base,blf,289,7.7018,7.1271,8.2297,7.6591,0.6739,35
ege,base,blf,290,7.7055,7.1271,8.2356,7.6598,0.6743,35
ege,base,blf,291,7.7055,7.1271,8.2356,7.6623,0.6761,35
ege,base,blf,292,7.7055,7.1271,8.2356,7.6641,0.6785,35
ege,base,blf,293,7.7055,7.1271,8.2356,7.6671,0.6818,35
ege,base,blf,294,7.7055,7.1271,8.2584,7.6690,0.6828,35
ege,base,blf,295,7.7148,7.1271,8.2584,7.6698,0.6829,35
ege,base,blf,296,7.7169,7.1271,8.2584,7.6713,0.6832,35
ege,base,blf,297,7.7190,7.1271,8.2606,7.6727,0.6839,35
ege,base,blf,298,7.7190,7.1321,8.2606,7.6738,0.6836,35
ege,base,blf,299,7.7190,7.1379,8.2627,7.6745,0.6834,35
ege,base,blf,300,7.7190,7.1379,8.2699,7.6772,0.6834,35
ege,phi,uncoupled,1,1.7071,1.3168,2.0469,1.7636,0.5638,35
ege,phi,uncoupled,2,2.1154,1.8280,2.4476,2.1836,0.4870,35
ege,phi,uncoupled,3,2.6230,2.0176,2.8522,2.4812,0.5307,35
ege,phi,uncoupled,4,2.8467,2.4245,3.0039,2.7738,0.5675,35
ege,phi,uncoupled,5,2.8552,2.6558,3.1519,2.8665,0.5514,35
ege,phi,uncoupled,6,2.8851,2.7001,3.3002,2.9541,0.5524,35
ege,phi,uncoupled,7,2.9570,2.7544,3.3826,3.0578,0.5547,35
ege,phi,uncoupled,8,3.1113,2.8319,3.4058,3.1295,0.5187,35
ege,phi,uncoupled,9,3.1544,2.8745,3.5309,3.2400,0.5514,35
ege,phi,uncoupled,10,3.2806,2.8918,3.5950,3.2899,0.5476,35
ege,phi,uncoupled,11,3.3105,2.9090,3.6597,3.3347,0.5524,35
ege,phi,uncoupled,12,3.5258,2.9487,3.7224,3.4237,0.5586,35
ege,phi,uncoupled,13,3.5258,3.0765,3.7352,3.4667,0.5839,35
ege,phi,uncoupled,14,3.5268,3.0993,3.7759,3.4968,0.5734,35
ege,phi,uncoupled,15,3.6116,3.1212,3.8415,3.5715,0.5579,35
ege,phi,uncoupled,16,3.6331,3.2164,3.8687,3.6232,0.5827,35
ege,phi,uncoupled,17,3.6863,3.3064,3.8943,3.6638,0.5796,35
ege,phi,uncoupled,18,3.6863,3.3354,3.8943,3.7161,0.5678,35
ege,phi,uncoupled,19,3.6863,3.3432,3.8943,3.7214,0.5613,35
ege,phi,uncoupled,20,3.7041,3.4371,3.9359,3.7571,0.5561,35
ege,phi,uncoupled,21,3.8041,3.5654,4.0237,3.8537,0.5819,35
ege,phi,uncoupled,22,3.8041,3.5654,4.0237,3.8640,0.5722,35
ege,phi,uncoupled,23,3.8041,3.5654,4.0946,3.8884,0.6012,35
ege,phi,uncoupled,24,3.8251,3.6002,4.2901,3.9157,0.6049,35
ege,phi,uncoupled,25,3.8251,3.6002,4.2901,3.9297,0.6178,35
ege,phi,uncoupled,26,3.8779,3.6002,4.2901,3.9444,0.6330,35
ege,phi,uncoupled,27,3.8779,3.6002,4.2901,3.9661,0.6471,35
ege,phi,uncoupled,28,3.8795,3.6002,4.2901,3.9918,0.6687,35
ege,phi,uncoupled,29,3.8795,3.6002,4.4498,4.0211,0.6556,35
ege,phi,uncoupled,30,3.9128,3.6438,4.5340,4.1030,0.6393,35
ege,phi,uncoupled,31,3.9128,3.6438,4.5340,4.1030,0.6393,35
ege,phi,uncoupled,32,3.9628,3.6438,4.5340,4.1201,0.6359,35
ege,phi,uncoupled,33,3.9650,3.6438,4.7361,4.1950,0.6980,35
ege,phi,uncoupled,34,3.9650,3.7011,4.7542,4.2108,0.7025,35
ege,phi,uncoupled,35,3.9650,3.7011,4.7542,4.2323,0.7370,35
ege,phi,uncoupled,36,4.0478,3.7759,4.7952,4.2535,0.7334,35
ege,phi,uncoupled,37,4.0678,3.8261,4.7952,4.2884,0.7280,35
ege,phi,uncoupled,38,4.1475,3.8261,4.7952,4.3322,0.7684,35
ege,phi,uncoupled,39,4.1609,3.8565,4.9579,4.3973,0.7757,35
ege,phi,uncoupled,40,4.2335,3.8565,4.9882,4.4339,0.8037,35
ege,phi,uncoupled,41,4.2335,3.8565,4.9956,4.4576,0.8237,35
ege,phi,uncoupled,42,4.2335,3.8565,4.9990,4.4640,0.8295,35
ege,phi,uncoupled,43,4.2481,3.8687,4.9990,4.4904,0.8405,35
ege,phi,uncoupled,44,4.2481,3.8687,4.9990,4.5084,0.8634,35
ege,phi,uncoupled,45,4.2481,3.8687,5.0241,4.5217,0.8765,35
ege,phi,uncoupled,46,4.2481,3.8805,5.0241,4.5437,0.8701,35
ege,phi,uncoupled,47,4.2481,3.8805,5.0241,4.5511,0.8702,35
ege,phi,uncoupled,48,4.3594,3.9378,5.1469,4.6185,0.8769,35
ege,phi,uncoupled,49,4.3594,3.9386,5.3137,4.6370,0.8887,35
ege,phi,uncoupled,50,4.3594,3.9386,5.3945,4.6630,0.9088,35
ege,phi,uncoupled,51,4.3594,3.9386,5.4360,4.6925,0.9268,35
ege,phi,uncoupled,52,4.6079,3.9971,5.4562,4.7444,0.9258,35
ege,phi,uncoupled,53,4.6079,3.9971,5.4677,4.7596,0.9480,35
ege,phi,uncoupled,54,4.7358,4.0332,5.6372,4.8433,0.9853,35
ege,phi,uncoupled,55,4.7358,4.0332,5.6372,4.8447,0.9862,35
ege,phi,uncoupled,56,4.8256,4.0524,5.6372,4.9149,1.0215,35
ege,phi,uncoupled,57,4.8256,4.0613,5.6372,4.9196,1.0170,35
ege,phi,uncoupled,58,4.8256,4.0613,5.7765,4.9473,1.0282,35
ege,phi,uncoupled,59,4.8256,4.1143,5.7765,4.9717,1.0253,35
ege,phi,uncoupled,60,4.8256,4.1143,5.7765,4.9903,1.0357,35
ege,phi,uncoupled,61,4.8256,4.1143,5.8265,5.0146,1.0536,35
ege,phi,uncoupled,62,4.8256,4.1143,5.9793,5.0290,1.0683,35
ege,phi,uncoupled,63,4.8256,4.1143,5.9793,5.0315,1.0698,35
ege,phi,uncoupled,64,4.8256,4.1143,5.9793,5.0424,1.0723,35
ege,phi,uncoupled,65,4.8256,4.1743,5.9793,5.0538,1.0693,35
ege,phi,uncoupled,66,4.8256,4.1743,5.9793,5.0539,1.0693,35
ege,phi,uncoupled,67,4.8256,4.1743,6.0533,5.0652,1.0822,35
ege,phi,uncoupled,68,4.8256,4.1743,6.0909,5.0962,1.1048,35
ege,phi,uncoupled,69,4.8256,4.1743,6.1174,5.1151,1.1302,35
ege,phi,uncoupled,70,4.8256,4.1743,6.1174,5.1296,1.1184,35
ege,phi,uncoupled,71,4.9161,4.1743,6.2063,5.1614,1.1509,35
ege,phi,uncoupled,72,4.9161,4.2029,6.2346,5.1813,1.1557,35
ege,phi,uncoupled,73,5.0458,4.2029,6.2722,5.2210,1.1455,35
ege,phi,uncoupled,74,5.0458,4.2029,6.2722,5.2231,1.1479,35
ege,phi,uncoupled,75,5.0458,4.2597,6.2722,5.2343,1.1432,35
ege,phi,uncoupled,76,5.0458,4.2597,6.2722,5.2636,1.1771,35
ege,phi,uncoupled,77,5.0458,4.2597,6.4955,5.2827,1.1959,35
ege,phi,uncoupled,78,5.3109,4.2597,6.5128,5.2922,1.1960,35
ege,phi,uncoupled,79,5.3109,4.2597,6.5128,5.3199,1.2027,35
ege,phi,uncoupled,80,5.3109,4.3304,6.5128,5.3420,1.1964,35
ege,phi,uncoupled,81,5.3109,4.4528,6.5410,5.4077,1.2408,35
ege,phi,uncoupled,82,5.3109,4.4528,6.6074,5.4277,1.2486,35
ege,phi,uncoupled,83,5.3109,4.4528,6.6265,5.4690,1.2518,35
ege,phi,uncoupled,84,5.3109,4.5276,6.6265,5.5038,1.2250,35
ege,phi,uncoupled,85,5.3109,4.5276,6.6265,5.5096,1.2212,35
ege,phi,uncoupled,86,5.3109,4.5276,6.6596,5.5176,1.2248,35
ege,phi,uncoupled,87,5.3380,4.5276,6.6596,5.5392,1.2372,35
ege,phi,uncoupled,88,5.3380,4.7628,6.6596,5.5774,1.2199,35
ege,phi,uncoupled,89,5.5931,4.7628,6.7497,5.6119,1.2186,35
ege,phi,uncoupled,90,5.5931,4.7628,6.7497,5.6459,1.2366,35
ege,phi,uncoupled,91,5.5931,4.7628,6.7497,5.6686,1.2183,35
ege,phi,uncoupled,92,5.6091,4.7628,6.7497,5.7074,1.2034,35
ege,phi,uncoupled,93,5.6091,4.7628,6.7497,5.7151,1.2150,35
ege,phi,uncoupled,94,5.6131,4.7628,6.7497,5.7200,1.2150,35
ege,phi,uncoupled,95,5.7566,4.7628,6.9472,5.7547,1.2387,35
ege,phi,uncoupled,96,5.7566,4.7628,6.9643,5.7732,1.2613,35
ege,phi,uncoupled,97,5.7566,4.7628,7.1101,5.7875,1.2739,35
ege,phi,uncoupled,98,5.7566,4.8820,7.1101,5.8200,1.2592,35
ege,phi,uncoupled,99,5.7599,5.0427,7.1101,5.8624,1.2411,35
ege,phi,uncoupled,100,5.8028,5.1214,7.1101,5.9033,1.2284,35
ege,phi,uncoupled,101,6.0200,5.1214,7.1101,5.9307,1.2238,35
ege,phi,uncoupled,102,6.2737,5.1595,7.1101,5.9475,1.2246,35
ege,phi,uncoupled,103,6.2737,5.1621,7.1101,5.9548,1.2257,35
ege,phi,uncoupled,104,6.2737,5.1934,7.1743,5.9975,1.2086,35
ege,phi,uncoupled,105,6.2737,5.1934,7.1743,6.0006,1.2112,35
ege,phi,uncoupled,106,6.2737,5.3375,7.1754,6.0306,1.1999,35
ege,phi,uncoupled,107,6.2763,5.3375,7.1754,6.0443,1.2130,35
ege,phi,uncoupled,108,6.3939,5.3584,7.1754,6.0655,1.2111,35
ege,phi,uncoupled,109,6.3939,5.5613,7.1774,6.1002,1.1940,35
ege,phi,uncoupled,110,6.3939,5.5842,7.1774,6.1142,1.1888,35
ege,phi,uncoupled,111,6.4045,5.6330,7.1774,6.1778,1.1403,35
ege,phi,uncoupled,112,6.4045,5.6330,7.1774,6.1868,1.1364,35
ege,phi,uncoupled,113,6.4045,5.6330,7.2318,6.2146,1.1433,35
ege,phi,uncoupled,114,6.4169,5.6330,7.2484,6.2209,1.1464,35
ege,phi,uncoupled,115,6.4205,5.6330,7.2484,6.2268,1.1479,35
ege,phi,uncoupled,116,6.4205,5.6330,7.2484,6.2443,1.1502,35
ege,phi,uncoupled,117,6.5281,5.6330,7.2610,6.2790,1.1533,35
ege,phi,uncoupled,118,6.5409,5.7097,7.2758,6.3234,1.1244,35
ege,phi,uncoupled,119,6.5651,5.7649,7.2830,6.3600,1.1240,35
ege,phi,uncoupled,120,6.5651,5.7649,7.3119,6.3725,1.1206,35
ege,phi,uncoupled,121,6.6054,5.7649,7.3520,6.3899,1.1298,35
ege,phi,uncoupled,122,6.6103,5.7649,7.3947,6.4240,1.1455,35
ege,phi,uncoupled,123,6.6103,5.7649,7.3993,6.4299,1.1467,35
ege,phi,uncoupled,124,6.6103,5.8171,7.4553,6.4718,1.0983,35
ege,phi,uncoupled,125,6.6894,5.8171,7.4553,6.4973,1.1007,35
ege,phi,uncoupled,126,6.6894,5.8171,7.4655,6.5270,1.0924,35
ege,phi,uncoupled,127,6.6894,5.8376,7.5892,6.5639,1.0978,35
ege,phi,uncoupled,128,6.6894,5.8408,7.5897,6.5774,1.0935,35
ege,phi,uncoupled,129,6.7205,5.8408,7.5897,6.6134,1.0563,35
ege,phi,uncoupled,130,6.7205,5.8909,7.5897,6.6336,1.0559,35
ege,phi,uncoupled,131,6.7361,5.9433,7.5897,6.6528,1.0451,35
ege,phi,uncoupled,132,6.8193,5.9834,7.6033,6.6971,1.0201,35
ege,phi,uncoupled,133,6.8193,5.9834,7.6033,6.7095,1.0032,35
ege,phi,uncoupled,134,6.8193,5.9834,7.7098,6.7309,1.0077,35
ege,phi,uncoupled,135,6.8478,6.0935,7.7129,6.7489,1.0050,35
ege,phi,uncoupled,136,6.8478,6.0935,7.7161,6.7946,0.9929,35
ege,phi,uncoupled,137,6.8478,6.0935,7.7312,6.8167,1.0107,35
ege,phi,uncoupled,138,6.8707,6.0935,7.7312,6.8420,1.0246,35
ege,phi,uncoupled,139,6.8707,6.2056,7.7994,6.8613,1.0239,35
ege,phi,uncoupled,140,6.9178,6.2056,7.7994,6.8777,1.0391,35
ege,phi,uncoupled,141,6.9178,6.2056,7.8664,6.8948,1.0518,35
ege,phi,uncoupled,142,6.9277,6.2184,7.8898,6.9132,1.0586,35
ege,phi,uncoupled,143,6.9277,6.2598,7.8898,6.9289,1.0573,35
ege,phi,uncoupled,144,6.9277,6.2605,7.8898,6.9359,1.0535,35
ege,phi,uncoupled,145,6.9868,6.2605,7.8898,6.9424,1.0574,35
ege,phi,uncoupled,146,6.9868,6.2726,7.9114,6.9659,1.0459,35
ege,phi,uncoupled,147,7.0273,6.2726,7.9578,6.9891,1.0389,35
ege,phi,uncoupled,148,7.0273,6.2726,7.9788,7.0020,1.0492,35
ege,phi,uncoupled,149,7.0273,6.2726,7.9788,7.0236,1.0606,35
ege,phi,uncoupled,150,7.0273,6.2777,7.9788,7.0371,1.0707,35
ege,phi,uncoupled,151,7.0273,6.2777,7.9956,7.0544,1.0774,35
ege,phi,uncoupled,152,7.0535,6.2777,7.9956,7.0592,1.0756,35
ege,phi,uncoupled,153,7.0535,6.4124,8.0116,7.0794,1.0690,35
ege,phi,uncoupled,154,7.0591,6.4124,8.0116,7.0876,1.0698,35
ege,phi,uncoupled,155,7.0591,6.4124,8.0116,7.0934,1.0739,35
ege,phi,uncoupled,156,7.0665,6.4124,8.0237,7.1056,1.0737,35
ege,phi,uncoupled,157,7.0665,6.4124,8.0237,7.1224,1.0586,35
ege,phi,uncoupled,158,7.0681,6.4124,8.0237,7.1322,1.0586,35
ege,phi,uncoupled,159,7.0681,6.4124,8.0237,7.1339,1.0577,35
ege,phi,uncoupled,160,7.0873,6.4215,8.0237,7.1529,1.0447,35
ege,phi,uncoupled,161,7.0934,6.4215,8.0237,7.1558,1.0466,35
ege,phi,uncoupled,162,7.0934,6.4556,8.0546,7.1654,1.0486,35
ege,phi,uncoupled,163,7.0934,6.4627,8.0581,7.1731,1.0577,35
ege,phi,uncoupled,164,7.0934,6.4627,8.0604,7.1746,1.0584,35
ege,phi,uncoupled,165,7.3283,6.4627,8.0839,7.2005,1.0670,35
ege,phi,uncoupled,166,7.3611,6.4700,8.1283,7.2159,1.0598,35
ege,phi,uncoupled,167,7.3611,6.4700,8.1283,7.2221,1.0596,35
ege,phi,uncoupled,168,7.3611,6.4700,8.1283,7.2264,1.0623,35
ege,phi,uncoupled,169,7.3611,6.4880,8.1283,7.2335,1.0651,35
ege,phi,uncoupled,170,7.3611,6.5026,8.1297,7.2394,1.0700,35
ege,phi,uncoupled,171,7.3611,6.5184,8.1297,7.2488,1.0725,35
ege,phi,uncoupled,172,7.3748,6.5184,8.1297,7.2580,1.0752,35
ege,phi,uncoupled,173,7.3748,6.5184,8.1297,7.2620,1.0748,35
ege,phi,uncoupled,174,7.3756,6.5184,8.1353,7.2704,1.0675,35
ege,phi,uncoupled,175,7.3756,6.5297,8.1659,7.2746,1.0692,35
ege,phi,uncoupled,176,7.3756,6.5904,8.1768,7.3038,1.0606,35
ege,phi,uncoupled,177,7.4135,6.6007,8.1768,7.3202,1.0581,35
ege,phi,uncoupled,178,7.4135,6.6007,8.1768,7.3235,1.0555,35
ege,phi,uncoupled,179,7.4135,6.6007,8.2015,7.3324,1.0576,35
ege,phi,uncoupled,180,7.4135,6.6007,8.2015,7.3464,1.0519,35
ege,phi,uncoupled,181,7.4135,6.6154,8.2015,7.3581,1.0617,35
ege,phi,uncoupled,182,7.4383,6.6289,8.2015,7.3797,1.0550,35
ege,phi,uncoupled,183,7.4407,6.6289,8.2015,7.3882,1.0470,35
ege,phi,uncoupled,184,7.4407,6.6777,8.2015,7.3947,1.0455,35
ege,phi,uncoupled,185,7.4407,6.6777,8.2015,7.4030,1.0355,35
ege,phi,uncoupled,186,7.4548,6.6777,8.2015,7.4056,1.0340,35
ege,phi,uncoupled,187,7.4548,6.6777,8.2035,7.4112,1.0260,35
ege,phi,uncoupled,188,7.4809,6.6777,8.2043,7.4219,1.0295,35
ege,phi,uncoupled,189,7.4809,6.6777,8.2190,7.4274,1.0262,35
ege,phi,uncoupled,190,7.5208,6.6867,8.2190,7.4439,1.0317,35
ege,phi,uncoupled,191,7.5208,6.6999,8.2190,7.4473,1.0301,35
ege,phi,uncoupled,192,7.5208,6.7050,8.2190,7.4570,1.0274,35
ege,phi,uncoupled,193,7.5208,6.7275,8.2255,7.4649,1.0272,35
ege,phi,uncoupled,194,7.5368,6.7275,8.2255,7.4692,1.0258,35
ege,phi,uncoupled,195,7.5368,6.7275,8.2297,7.4822,1.0243,35
ege,phi,uncoupled,196,7.5480,6.7385,8.2360,7.4932,1.0179,35
ege,phi,uncoupled,197,7.5487,6.7385,8.2428,7.5076,1.0192,35
ege,phi,uncoupled,198,7.5544,6.7385,8.2428,7.5177,1.0163,35
ege,phi,uncoupled,199,7.5544,6.7385,8.2844,7.5253,1.0183,35
ege,phi,uncoupled,200,7.5544,6.7420,8.2844,7.5326,1.0210,35
ege,phi,uncoupled,201,7.5544,6.7536,8.2899,7.5368,1.0204,35
ege,phi,uncoupled,202,7.5544,6.7536,8.2899,7.5394,1.0215,35
ege,phi,uncoupled,203,7.5544,6.7686,8.2976,7.5439,1.0212,35
ege,phi,uncoupled,204,7.5647,6.7686,8.2976,7.5523,1.0150,35
ege,phi,uncoupled,205,7.5647,6.7686,8.2976,7.5555,1.0161,35
ege,phi,uncoupled,206,7.5755,6.7731,8.3167,7.5670,1.0211,35
ege,phi,uncoupled,207,7.5755,6.7731,8.3701,7.5838,1.0276,35
ege,phi,uncoupled,208,7.5755,6.7731,8.3701,7.5852,1.0274,35
ege,phi,uncoupled,209,7.5755,6.7769,8.3701,7.5885,1.0256,35
ege,phi,uncoupled,210,7.5755,6.8048,8.3948,7.5968,1.0222,35
ege,phi,uncoupled,211,7.5755,6.8048,8.4023,7.6039,1.0243,35
ege,phi,uncoupled,212,7.5755,6.8048,8.4138,7.6053,1.0242,35
ege,phi,uncoupled,213,7.5800,6.8048,8.4138,7.6299,1.0499,35
ege,phi,uncoupled,214,7.5800,6.8048,8.4138,7.6355,1.0495,35
ege,phi,uncoupled,215,7.5821,6.8048,8.4291,7.6417,1.0534,35
ege,phi,uncoupled,216,7.6253,6.8290,8.4291,7.6490,1.0480,35
ege,phi,uncoupled,217,7.6253,6.8290,8.4291,7.6557,1.0431,35
ege,phi,uncoupled,218,7.6253,6.8290,8.4291,7.6599,1.0416,35
ege,phi,uncoupled,219,7.6253,6.8440,8.4291,7.6621,1.0411,35
ege,phi,uncoupled,220,7.6311,6.8440,8.4291,7.6645,1.0396,35
ege,phi,uncoupled,221,7.6311,6.8440,8.4291,7.6681,1.0402,35
ege,phi,uncoupled,222,7.6344,6.8440,8.4534,7.6707,1.0413,35
ege,phi,uncoupled,223,7.6344,6.8442,8.4534,7.6734,1.0425,35
ege,phi,uncoupled,224,7.6582,6.8766,8.4903,7.6843,1.0379,35
ege,phi,uncoupled,225,7.6838,6.8882,8.4903,7.6942,1.0275,35
ege,phi,uncoupled,226,7.6838,6.8918,8.4903,7.6992,1.0290,35
ege,phi,uncoupled,227,7.6898,6.9025,8.4903,7.7058,1.0272,35
ege,phi,uncoupled,228,7.6920,6.9176,8.4903,7.7101,1.0242,35
ege,phi,uncoupled,229,7.6920,6.9195,8.4903,7.7165,1.0258,35
ege,phi,uncoupled,230,7.7215,6.9195,8.4903,7.7206,1.0238,35
ege,phi,uncoupled,231,7.7327,6.9195,8.4903,7.7290,1.0313,35
ege,phi,uncoupled,232,7.7600,6.9195,8.4903,7.7324,1.0322,35
ege,phi,uncoupled,233,7.7600,6.9195,8.5270,7.7361,1.0323,35
ege,phi,uncoupled,234,7.7600,6.9195,8.5270,7.7367,1.0320,35
ege,phi,uncoupled,235,7.7600,6.9251,8.5270,7.7499,1.0466,35
ege,phi,uncoupled,236,7.7600,6.9296,8.5270,7.7527,1.0460,35
ege,phi,uncoupled,237,7.7703,6.9328,8.5622,7.7604,1.0468,35
ege,phi,uncoupled,238,7.8013,6.9361,8.5622,7.7753,1.0183,35
ege,phi,uncoupled,239,7.8468,6.9361,8.5622,7.7780,1.0174,35
ege,phi,uncoupled,240,7.8468,6.9431,8.5622,7.7804,1.0154,35
ege,phi,uncoupled,241,7.8468,6.9431,8.5622,7.7809,1.0155,35
ege,phi,uncoupled,242,7.8468,6.9514,8.5622,7.7938,1.0289,35
ege,phi,uncoupled,243,7.8468,6.9687,8.5736,7.7961,1.0286,35
ege,phi,uncoupled,244,7.8468,6.9687,8.5736,7.8026,1.0227,35
ege,phi,uncoupled,245,7.8468,6.9744,8.5736,7.8034,1.0224,35
ege,phi,uncoupled,246,7.8469,6.9744,8.5971,7.8086,1.0250,35
ege,phi,uncoupled,247,7.8469,6.9897,8.5971,7.8105,1.0244,35
ege,phi,uncoupled,248,7.8469,6.9897,8.5971,7.8112,1.0251,35
ege,phi,uncoupled,249,7.8572,6.9897,8.5971,7.8161,1.0325,35
ege,phi,uncoupled,250,7.8572,6.9907,8.5971,7.8200,1.0346,35
ege,phi,uncoupled,251,7.8572,6.9907,8.5971,7.8213,1.0344,35
ege,phi,uncoupled,252,7.8572,6.9928,8.5971,7.8243,1.0346,35
ege,phi,uncoupled,253,7.8572,6.9975,8.5971,7.8267,1.0345,35
ege,phi,uncoupled,254,7.8777,7.0038,8.5971,7.8290,1.0344,35
ege,phi,uncoupled,255,7.8778,7.0178,8.6187,7.8339,1.0335,35
ege,phi,uncoupled,256,7.8778,7.0290,8.6187,7.8360,1.0334,35
ege,phi,uncoupled,257,7.8829,7.0290,8.6226,7.8383,1.0312,35
ege,phi,uncoupled,258,7.8829,7.0554,8.6521,7.8434,1.0308,35
ege,phi,uncoupled,259,7.8829,7.0554,8.7256,7.8515,1.0332,35
ege,phi,uncoupled,260,7.8829,7.0635,8.7293,7.8562,1.0346,35
ege,phi,uncoupled,261,7.8829,7.0695,8.7293,7.8612,1.0395,35
ege,phi,uncoupled,262,7.8852,7.0960,8.7352,7.8641,1.0379,35
ege,phi,uncoupled,263,7.8877,7.0960,8.7352,7.8673,1.0354,35
ege,phi,uncoupled,264,7.8877,7.0960,8.7352,7.8674,1.0355,35
ege,phi,uncoupled,265,7.8877,7.1244,8.7352,7.8702,1.0353,35
ege,phi,uncoupled,266,7.8877,7.1244,8.7352,7.8739,1.0355,35
ege,phi,uncoupled,267,7.8877,7.1515,8.7352,7.8857,1.0428,35
ege,phi,uncoupled,268,7.8877,7.1515,8.7352,7.8889,1.0423,35
ege,phi,uncoupled,269,7.8877,7.1529,8.7364,7.8894,1.0420,35
ege,phi,uncoupled,270,7.8877,7.1541,8.7370,7.8938,1.0447,35
ege,phi,uncoupled,271,7.8877,7.1541,8.7448,7.8946,1.0447,35
ege,phi,uncoupled,272,7.8913,7.1565,8.7448,7.8970,1.0438,35
ege,phi,uncoupled,273,7.8913,7.1577,8.7448,7.8976,1.0440,35
ege,phi,uncoupled,274,7.8913,7.1577,8.7448,7.9042,1.0496,35
ege,phi,uncoupled,275,7.8913,7.1608,8.7448,7.9077,1.0544,35
ege,phi,uncoupled,276,7.8913,7.1621,8.7476,7.9088,1.0554,35
ege,phi,uncoupled,277,7.8913,7.1621,8.7485,7.9097,1.0555,35
ege,phi,uncoupled,278,7.8913,7.1621,8.7485,7.9113,1.0556,35
ege,phi,uncoupled,279,7.8921,7.1621,8.7523,7.9120,1.0558,35
ege,phi,uncoupled,280,7.8921,7.1621,8.7523,7.9135,1.0554,35
ege,phi,uncoupled,281,7.8921,7.1621,8.7523,7.9140,1.0551,35
ege,phi,uncoupled,282,7.8947,7.1621,8.7523,7.9158,1.0549,35
ege,phi,uncoupled,283,7.8947,7.1669,8.7523,7.9165,1.0544,35
ege,phi,uncoupled,284,7.8947,7.1669,8.7536,7.9176,1.0544,35
ege,phi,uncoupled,285,7.8947,7.1669,8.7566,7.9194,1.0560,35
ege,phi,uncoupled,286,7.9002,7.1669,8.7578,7.9245,1.0581,35
ege,phi,uncoupled,287,7.9002,7.1676,8.7578,7.9264,1.0575,35
ege,phi,uncoupled,288,7.9002,7.1676,8.7578,7.9303,1.0582,35
ege,phi,uncoupled,289,7.9002,7.1692,8.7578,7.9336,1.0564,35
ege,phi,uncoupled,290,7.9023,7.1701,8.7636,7.9451,1.0383,35
ege,phi,uncoupled,291,7.9023,7.1701,8.7636,7.9460,1.0379,35
ege,phi,uncoupled,292,7.9058,7.1701,8.7644,7.9469,1.0372,35
ege,phi,uncoupled,293,7.9078,7.1701,8.7644,7.9501,1.0404,35
ege,phi,uncoupled,294,7.9078,7.1701,8.7644,7.9548,1.0418,35
ege,phi,uncoupled,295,7.9123,7.1705,8.7663,7.9563,1.0425,35
ege,phi,uncoupled,296,7.9123,7.1705,8.7663,7.9577,1.0452,35
ege,phi,uncoupled,297,7.9123,7.1705,8.7663,7.9653,1.0340,35
ege,phi,uncoupled,298,7.9123,7.1705,8.7663,7.9659,1.0334,35
ege,phi,uncoupled,299,7.9123,7.1705,8.7663,7.9684,1.0329,35
ege,phi,uncoupled,300,7.9123,7.1710,8.7691,7.9692,1.0334,35
gecko,base,blf,1,1.8046,1.4769,2.1339,1.8553,0.5701,35
gecko,base,blf,2,2.4217,1.9571,2.7157,2.3925,0.5611,35
gecko,base,blf,3,2.4652,2.1867,3.0972,2.7038,0.6524,35
gecko,base,blf,4,2.9471,2.5219,3.4749,3.0262,0.6797,35
gecko,base,blf,5,3.1042,2.6363,3.6173,3.2476,0.8078,35
gecko,base,blf,6,3.2304,2.6725,3.9172,3.3874,0.8591,35
gecko,base,blf,7,3.6142,3.1843,4.1631,3.6447,0.8338,35
gecko,base,blf,8,3.8367,3.2330,4.3860,3.8367,0.9209,35
gecko,base,blf,9,3.9691,3.2408,4.8209,4.0305,0.9263,35
gecko,base,blf,10,4.2156,3.6866,4.8209,4.1204,0.8767,35
gecko,base,blf,11,4.4237,3.8193,4.9977,4.2505,0.8797,35
gecko,base,blf,12,4.6545,3.8654,5.0909,4.4229,0.8222,35
gecko,base,blf,13,4.7039,3.9330,5.1254,4.5261,0.7294,35
gecko,base,blf,14,4.9044,4.3233,5.2878,4.7150,0.7507,35
gecko,base,blf,15,4.9838,4.4865,5.3633,4.8796,0.9575,35
gecko,base,blf,16,4.9838,4.4865,5.3999,4.9468,1.0182,35
gecko,base,blf,17,5.0817,4.5175,5.4248,4.9991,1.0144,35
gecko,base,blf,18,5.0817,4.5335,5.4545,5.0272,1.0166,35
gecko,base,blf,19,5.1002,4.6461,5.4545,5.1075,1.0219,35
gecko,base,blf,20,5.2604,4.6474,5.4996,5.2006,1.0869,35
gecko,base,blf,21,5.3152,4.7206,5.5327,5.3263,0.9944,35
gecko,base,blf,22,5.3152,4.7213,5.5327,5.3449,0.9867,35
gecko,base,blf,23,5.3152,4.7811,5.7527,5.4339,0.9077,35
gecko,base,blf,24,5.3152,4.8137,5.7536,5.4771,0.9419,35
gecko,base,blf,25,5.3698,5.1061,5.8414,5.5657,0.9102,35
gecko,base,blf,26,5.4177,5.2663,6.0481,5.7272,0.9180,35
gecko,base,blf,27,5.5241,5.2715,6.0481,5.8152,0.9673,35
gecko,base,blf,28,5.5241,5.2715,6.1766,5.8302,0.9728,35
gecko,base,blf,29,5.6997,5.2723,6.2004,5.8765,0.9959,35
gecko,base,blf,30,5.8118,5.2723,6.3337,5.9289,1.0167,35
gecko,base,blf,31,5.8387,5.3343,6.5668,6.0334,1.0574,35
gecko,base,blf,32,5.8387,5.3544,6.5772,6.0754,1.0536,35
gecko,base,blf,33,5.8387,5.3544,6.5772,6.0940,1.0572,35
gecko,base,blf,34,5.8724,5.4474,6.6032,6.1971,1.1137,35
gecko,base,blf,35,5.9057,5.4474,6.6327,6.2072,1.1177,35
gecko,base,blf,36,6.0468,5.4512,6.6327,6.2300,1.1106,35
gecko,base,blf,37,6.3638,5.5523,7.0783,6.4071,1.1809,35
gecko,base,blf,38,6.4974,5.5523,7.0783,6.4281,1.1967,35
gecko,base,blf,39,6.4974,5.5523,7.2919,6.4671,1.2107,35
gecko,base,blf,40,6.4974,5.5523,7.3950,6.5161,1.2400,35
gecko,base,blf,41,6.4974,5.5523,7.6030,6.5846,1.3370,35
gecko,base,blf,42,6.6009,5.6817,7.6030,6.6661,1.3117,35
gecko,base,blf,43,6.6009,5.7512,7.6030,6.6994,1.2889,35
gecko,base,blf,44,6.6818,5.8470,7.7418,6.7793,1.2855,35
gecko,base,blf,45,6.6818,5.9581,7.8186,6.8494,1.3433,35
gecko,base,blf,46,6.7373,6.0701,7.8498,6.9202,1.3382,35
gecko,base,blf,47,6.8926,6.1338,7.8690,6.9950,1.3496,35
gecko,base,blf,48,6.8926,6.1686,7.8690,7.0052,1.3448,35
gecko,base,blf,49,6.8926,6.1686,7.9196,7.0338,1.3416,35
gecko,base,blf,50,6.8957,6.1991,8.0137,7.0779,1.3666,35
gecko,base,blf,51,6.9273,6.2397,8.1825,7.1386,1.3368,35
gecko,base,blf,52,7.1493,6.2704,8.1825,7.1864,1.3156,35
gecko,base,blf,53,7.1493,6.2704,8.1825,7.2350,1.3459,35
gecko,base,blf,54,7.3240,6.3011,8.2625,7.2930,1.3592,35
gecko,base,blf,55,7.4143,6.3011,8.4961,7.3961,1.3863,35
gecko,base,blf,56,7.4486,6.3011,8.4961,7.4275,1.4101,35
gecko,base,blf,57,7.4674,6.3596,8.7959,7.5296,1.4975,35
gecko,base,blf,58,7.4674,6.3596,8.9608,7.6120,1.5420,35
gecko,base,blf,59,7.4674,6.3596,9.1050,7.6739,1.5850,35
gecko,base,blf,60,7.6386,6.3596,9.1050,7.7539,1.6287,35
gecko,base,blf,61,7.6860,6.3596,9.2006,7.8120,1.6464,35
gecko,base,blf,62,7.6860,6.3648,9.2006,7.8359,1.6644,35
gecko,base,blf,63,7.6860,6.5571,9.2068,7.8579,1.6555,35
gecko,base,blf,64,7.7579,7.0134,9.2068,8.0030,1.6764,35
gecko,base,blf,65,7.7579,7.0474,9.3025,8.0523,1.6903,35
gecko,base,blf,66,7.7579,7.0474,9.3025,8.1571,1.6889,35
gecko,base,blf,67,7.7579,7.1014,9.3306,8.1896,1.7166,35
gecko,base,blf,68,7.7579,7.1014,9.3306,8.2065,1.7234,35
gecko,base,blf,69,7.7579,7.1014,9.4535,8.2190,1.7291,35
gecko,base,blf,70,7.7579,7.1014,9.4535,8.2345,1.7128,35
gecko,base,blf,71,7.7579,7.1014,9.4535,8.2742,1.7088,35
gecko,base,blf,72,7.7579,7.1014,9.7384,8.3697,1.7829,35
gecko,base,blf,73,8.2839,7.1014,9.7384,8.4299,1.7745,35
gecko,base,blf,74,8.2839,7.1014,9.7667,8.4649,1.7864,35
gecko,base,blf,75,8.2839,7.1014,9.7667,8.5221,1.8288,35
gecko,base,blf,76,8.2839,7.1014,10.2418,8.5935,1.8812,35
gecko,base,blf,77,8.2839,7.1267,10.2418,8.6141,1.8736,35
gecko,base,blf,78,8.2839,7.2736,10.2418,8.6610,1.9072,35
gecko,base,blf,79,8.2839,7.4331,10.2418,8.7404,1.9142,35
gecko,base,blf,80,8.2839,7.4331,10.5407,8.8004,1.9382,35
gecko,base,blf,81,8.2839,7.4693,10.5609,8.8298,1.9316,35
gecko,base,blf,82,8.2839,7.5279,10.5609,8.8504,1.9143,35
gecko,base,blf,83,8.2839,7.5279,10.7685,8.8649,1.9246,35
gecko,base,blf,84,8.3421,7.5279,10.9308,8.9240,1.9761,35
gecko,base,blf,85,8.4854,7.5344,11.1535,8.9641,2.0018,35
gecko,base,blf,86,8.4854,7.5574,11.1837,8.9906,2.0053,35
gecko,base,blf,87,8.4854,7.6147,11.1837,9.0315,2.0143,35
gecko,base,blf,88,8.4854,7.6232,11.1837,9.0557,2.0017,35
gecko,base,blf,89,8.7394,7.6746,11.1837,9.1012,1.9795,35
gecko,base,blf,90,8.7394,7.6762,11.2317,9.1188,1.9786,35
gecko,base,blf,91,8.9243,7.6827,11.2684,9.1670,1.9795,35
gecko,base,blf,92,9.0117,7.6827,11.2684,9.1856,1.9657,35
gecko,base,blf,93,9.0117,7.7111,11.2684,9.2019,1.9614,35
gecko,base,blf,94,9.1316,7.8518,11.2885,9.2581,1.9487,35
gecko,base,blf,95,9.1638,7.8518,11.2885,9.2719,1.9559,35
gecko,base,blf,96,9.2786,7.8518,11.2885,9.3201,1.9555,35
gecko,base,blf,97,9.2786,7.8518,11.3059,9.3462,1.9562,35
gecko,base,blf,98,9.2786,7.8518,11.3065,9.4224,1.9550,35
gecko,base,blf,99,9.2786,7.8565,11.3065,9.4413,1.9560,35
gecko,base,blf,100,9.7235,7.8607,11.3190,9.4875,1.9695,35
gecko,base,blf,101,9.8216,7.8929,11.3320,9.5076,1.9771,35
gecko,base,blf,102,9.8216,7.8956,11.3918,9.5298,1.9783,35
gecko,base,blf,103,9.8459,7.9048,11.4867,9.5707,1.9867,35
gecko,base,blf,104,9.8459,8.0765,11.4867,9.6089,1.9570,35
gecko,base,blf,105,9.8459,8.1047,11.4867,9.6374,1.9628,35
gecko,base,blf,106,9.8459,8.1051,11.4867,9.6538,1.9588,35
gecko,base,blf,107,9.8459,8.1051,11.5759,9.6870,1.9779,35
gecko,base,blf,108,9.8459,8.2187,11.5759,9.7167,1.9568,35
gecko,base,blf,109,10.1024,8.2187,11.5759,9.7319,1.9567,35
gecko,base,blf,110,10.1024,8.2187,11.5886,9.7694,1.9766,35
gecko,base,blf,111,10.1024,8.2187,11.7408,9.8099,1.9967,35
gecko,base,blf,112,10.1024,8.2187,11.7408,9.8237,1.9907,35
gecko,base,blf,113,10.1543,8.2187,11.7408,9.8330,1.9938,35
gecko,base,blf,114,10.5417,8.2187,11.7408,9.8546,2.0052,35
gecko,base,blf,115,10.5417,8.2187,11.7562,9.8623,2.0125,35
gecko,base,blf,116,10.5417,8.2187,11.7866,9.8858,2.0086,35
gecko,base,blf,117,10.5417,8.2187,11.7928,9.9280,2.0359,35
gecko,base,blf,118,10.5417,8.2187,11.8100,9.9426,2.0305,35
gecko,base,blf,119,10.5417,8.2245,11.8424,9.9591,2.0282,35
gecko,base,blf,120,10.5417,8.3017,11.8952,9.9776,2.0205,35
gecko,base,blf,121,10.5417,8.3590,11.8952,9.9905,2.0221,35
gecko,base,blf,122,10.5632,8.4220,11.9228,10.0284,2.0161,35
gecko,base,blf,123,10.6279,8.4470,11.9407,10.0509,2.0202,35
gecko,base,blf,124,10.8366,8.4587,11.9571,10.0666,2.0227,35
gecko,base,blf,125,10.8366,8.4587,11.9944,10.0805,2.0272,35
gecko,base,blf,126,10.8366,8.5118,11.9944,10.1060,2.0257,35
gecko,base,blf,127,10.8964,8.5276,12.0156,10.1522,2.0484,35
gecko,base,blf,128,10.8964,8.5416,12.0156,10.1578,2.0515,35
gecko,base,blf,129,11.1116,8.5416,12.0156,10.1815,2.0679,35
gecko,base,blf,130,11.1116,8.5416,12.0156,10.1912,2.0790,35
gecko,base,blf,131,11.1116,8.5670,12.0156,10.1974,2.0756,35
gecko,base,blf,132,11.1116,8.5670,12.0156,10.2175,2.0756,35
gecko,base,blf,133,11.1116,8.5670,12.0626,10.2419,2.0909,35
gecko,base,blf,134,11.1116,8.5849,12.1765,10.2710,2.1056,35
gecko,base,blf,135,11.1116,8.5849,12.1765,10.2798,2.1084,35
gecko,base,blf,136,11.1116,8.6407,12.1765,10.2889,2.1026,35
gecko,base,blf,137,11.1116,8.6407,12.1930,10.2958,2.1012,35
gecko,base,blf,138,11.1116,8.6407,12.1930,10.3020,2.1007,35
gecko,base,blf,139,11.1116,8.6407,12.1930,10.3454,2.0964,35
gecko,base,blf,140,11.1116,8.6589,12.2432,10.3701,2.1115,35
gecko,base,blf,141,11.1116,8.7022,12.2432,10.3855,2.1162,35
gecko,base,blf,142,11.1116,8.7022,12.2459,10.3876,2.1165,35
gecko,base,blf,143,11.1116,8.7022,12.2459,10.4057,2.1296,35
gecko,base,blf,144,11.1116,8.7022,12.2459,10.4137,2.1223,35
gecko,base,blf,145,11.1116,8.7022,12.2459,10.4212,2.1204,35
gecko,base,blf,146,11.1116,8.7022,12.3107,10.4282,2.1192,35
gecko,base,blf,147,11.1116,8.7022,12.3107,10.4318,2.1184,35
gecko,base,blf,148,11.1116,8.7061,12.3442,10.4577,2.1142,35
gecko,base,blf,149,11.1633,8.7211,12.3442,10.4918,2.1004,35
gecko,base,blf,150,11.1633,8.7211,12.3442,10.4994,2.1034,35
gecko,base,blf,151,11.1633,8.7211,12.3462,10.5085,2.1099,35
gecko,base,blf,152,11.1633,8.7211,12.3462,10.5183,2.1056,35
gecko,base,blf,153,11.1645,8.7473,12.4370,10.5491,2.1122,35
gecko,base,blf,154,11.1645,8.7473,12.4370,10.5606,2.1100,35
gecko,base,blf,155,11.2157,8.7493,12.4370,10.5664,2.1096,35
gecko,base,blf,156,11.2157,8.7493,12.4601,10.5854,2.1142,35
gecko,base,blf,157,11.2157,8.7644,12.4601,10.5972,2.1124,35
gecko,base,blf,158,11.6912,8.7725,12.4944,10.6187,2.1137,35
gecko,base,blf,159,11.6912,8.7725,12.4944,10.6231,2.1161,35
gecko,base,blf,160,11.6912,8.7942,12.5281,10.6359,2.1158,35
gecko,base,blf,161,11.6955,8.8085,12.5281,10.6441,2.1139,35
gecko,base,blf,162,11.6955,8.8116,12.5281,10.6460,2.1120,35
gecko,base,blf,163,11.6955,8.8195,12.5281,10.6615,2.1069,35
gecko,base,blf,164,11.6955,8.8195,12.5281,10.6704,2.1098,35
gecko,base,blf,165,11.6955,8.8195,12.5281,10.6816,2.1073,35
gecko,base,blf,166,11.8796,8.8228,12.5384,10.7074,2.1207,35
gecko,base,blf,167,11.8796,8.8264,12.6008,10.7206,2.1274,35
gecko,base,blf,168,11.8796,8.8264,12.6129,10.7256,2.1300,35
gecko,base,blf,169,11.8796,8.8455,12.6129,10.7359,2.1312,35
gecko,base,blf,170,11.9056,8.8656,12.6224,10.7467,2.1325,35
gecko,base,blf,171,11.9056,8.8686,12.6224,10.7550,2.1353,35
gecko,base,blf,172,11.9056,8.8754,12.6320,10.7615,2.1399,35
gecko,base,blf,173,11.9056,8.8754,12.6320,10.7753,2.1450,35
gecko,base,blf,174,11.9056,8.8866,12.6320,10.7860,2.1390,35
gecko,base,blf,175,11.9056,8.8866,12.6320,10.7915,2.1407,35
gecko,base,blf,176,11.9056,8.9017,12.6320,10.7996,2.1456,35
gecko,base,blf,177,11.9056,8.9017,12.6726,10.8144,2.1373,35
gecko,base,blf,178,11.9056,8.9017,12.6726,10.8202,2.1379,35
gecko,base,blf,179,12.0223,8.9017,12.6777,10.8276,2.1424,35
gecko,base,blf,180,12.0223,8.9081,12.6777,10.8312,2.1435,35
gecko,base,blf,181,12.0223,8.9272,12.6777,10.8375,2.1426,35
gecko,base,blf,182,12.0223,8.9366,12.6777,10.8450,2.1457,35
gecko,base,blf,183,12.0223,8.9577,12.6856,10.8494,2.1464,35
gecko,base,blf,184,12.0223,8.9583,12.6856,10.8519,2.1467,35
gecko,base,blf,185,12.0223,8.9590,12.6856,10.8604,2.1508,35
gecko,base,blf,186,12.0467,8.9710,12.6856,10.8678,2.1544,35
gecko,base,blf,187,12.0485,8.9710,12.6856,10.8748,2.1594,35
gecko,base,blf,188,12.2779,8.9716,12.7381,10.8897,2.1675,35
gecko,base,blf,189,12.2779,8.9899,12.7381,10.8952,2.1628,35
gecko,base,blf,190,12.2779,8.9930,12.7381,10.9006,2.1647,35
gecko,base,blf,191,12.2779,8.9930,12.7381,10.9065,2.1675,35
gecko,base,blf,192,12.2779,8.9930,12.7381,10.9085,2.1660,35
gecko,base,blf,193,12.2779,8.9977,12.7381,10.9108,2.1666,35
gecko,base,blf,194,12.2779,8.9977,12.7447,10.9180,2.1635,35
gecko,base,blf,195,12.2779,8.9977,12.7447,10.9197,2.1651,35
gecko,base,blf,196,12.2779,8.9977,12.7447,10.9207,2.1649,35
gecko,base,blf,197,12.2779,8.9977,12.7447,10.9255,2.1646,35
gecko,base,blf,198,12.2779,9.0111,12.7447,10.9306,2.1638,35
gecko,base,blf,199,12.2779,9.0289,12.8073,10.9361,2.1656,35
gecko,base,blf,200,12.2779,9.0289,12.8073,10.9397,2.1631,35
gecko,base,blf,201,12.2779,9.0289,12.8073,10.9409,2.1620,35
gecko,base,blf,202,12.2779,9.0289,12.8085,10.9481,2.1605,35
gecko,base,blf,203,12.2779,9.0308,12.8085,10.9547,2.1558,35
gecko,base,blf,204,12.2779,9.0308,12.8550,10.9612,2.1605,35
gecko,base,blf,205,12.2779,9.0405,12.8550,10.9655,2.1602,35
gecko,base,blf,206,12.2779,9.0476,12.8550,10.9684,2.1618,35
gecko,base,blf,207,12.2815,9.0493,12.8550,10.9690,2.1614,35
gecko,base,blf,208,12.2815,9.0522,12.8550,10.9739,2.1650,35
gecko,base,blf,209,12.2815,9.0529,12.8668,10.9797,2.1664,35
gecko,base,blf,210,12.2815,9.0529,12.8668,10.9830,2.1694,35
gecko,base,blf,211,12.2815,9.0635,12.8695,10.9867,2.1661,35
gecko,base,blf,212,12.2815,9.0635,12.8695,10.9923,2.1698,35
gecko,base,blf,213,12.2815,9.0666,12.8695,10.9944,2.1679,35
gecko,base,blf,214,12.2815,9.0666,12.8695,10.9948,2.1682,35
gecko,base,blf,215,12.2815,9.0809,12.8695,10.9987,2.1700,35
gecko,base,blf,216,12.2815,9.0809,12.8695,11.0029,2.1732,35
gecko,base,blf,217,12.2815,9.0809,12.8695,11.0069,2.1759,35
gecko,base,blf,218,12.3089,9.0821,12.8737,11.0091,2.1757,35
gecko,base,blf,219,12.3089,9.0821,12.8737,11.0112,2.1756,35
gecko,base,blf,220,12.3089,9.0823,12.8772,11.0142,2.1780,35
gecko,base,blf,221,12.3089,9.0865,12.8808,11.0163,2.1770,35
gecko,base,blf,222,12.3089,9.0865,12.8808,11.0240,2.1833,35
gecko,base,blf,223,12.3089,9.0889,12.8808,11.0263,2.1838,35
gecko,base,blf,224,12.3089,9.0959,12.8843,11.0277,2.1825,35
gecko,base,blf,225,12.3089,9.0959,12.8866,11.0303,2.1837,35
gecko,base,blf,226,12.3089,9.1043,12.8958,11.0345,2.1849,35
gecko,base,blf,227,12.3229,9.1043,12.8958,11.0369,2.1851,35
gecko,base,blf,228,12.3229,9.1070,12.9127,11.0401,2.1861,35
gecko,base,blf,229,12.3229,9.1070,12.9127,11.0439,2.1855,35
gecko,base,blf,230,12.3229,9.1070,12.9298,11.0466,2.1871,35
gecko,base,blf,231,12.3229,9.1122,12.9660,11.0511,2.1885,35
gecko,base,blf,232,12.3229,9.1155,12.9660,11.0531,2.1865,35
gecko,base,blf,233,12.3229,9.1155,12.9895,11.0553,2.1864,35
gecko,base,blf,234,12.3229,9.1155,12.9895,11.0566,2.1864,35
gecko,base,blf,235,12.3229,9.1155,12.9895,11.0570,2.1860,35
gecko,base,blf,236,12.3229,9.1185,13.0254,11.0606,2.1893,35
gecko,base,blf,237,12.3229,9.1222,13.0254,11.0631,2.1887,35
gecko,base,blf,238,12.3229,9.1261,13.0385,11.0648,2.1898,35
gecko,base,blf,239,12.3229,9.1282,13.0385,11.0665,2.1907,35
gecko,base,blf,240,12.3229,9.1282,13.0385,11.0668,2.1910,35
gecko,base,blf,241,12.3229,9.1298,13.0406,11.0685,2.1921,35
gecko,base,blf,242,12.3229,9.1298,13.0438,11.0751,2.1962,35
gecko,base,blf,243,12.3229,9.1298,13.0469,11.0783,2.1967,35
gecko,base,blf,244,12.3229,9.1298,13.0469,11.0814,2.1982,35
gecko,base,blf,245,12.3229,9.1298,13.0469,11.0829,2.1980,35
gecko,base,blf,246,12.3229,9.1298,13.0570,11.0841,2.1991,35
gecko,base,blf,247,12.3229,9.1345,13.0570,11.0864,2.1995,35
gecko,base,blf,248,12.3229,9.1345,13.0629,11.0873,2.1994,35
gecko,base,blf,249,12.3229,9.1345,13.0629,11.0875,2.1996,35
gecko,base,blf,250,12.3229,9.1345,13.0780,11.0893,2.2001,35
gecko,base,blf,251,12.3229,9.1345,13.0894,11.0922,2.2028,35
gecko,base,blf,252,12.3229,9.1345,13.0894,11.0948,2.2030,35
gecko,base,blf,253,12.3229,9.1345,13.1089,11.0976,2.2046,35
gecko,base,blf,254,12.3229,9.1345,13.1089,11.1006,2.2073,35
gecko,base,blf,255,12.3229,9.1349,13.1089,11.1009,2.2070,35
gecko,base,blf,256,12.3229,9.1349,13.1089,11.1031,2.2078,35
gecko,base,blf,257,12.3229,9.1383,13.1089,11.1033,2.2077,35
gecko,base,blf,258,12.3229,9.1383,13.1089,11.1045,2.2073,35
gecko,base,blf,259,12.3229,9.1405,13.1089,11.1075,2.2090,35
gecko,base,blf,260,12.3229,9.1454,13.1089,11.1099,2.2090,35
gecko,base,blf,261,12.3229,9.1454,13.1101,11.1106,2.2086,35
gecko,base,blf,262,12.3229,9.1454,13.1101,11.1107,2.2086,35
gecko,base,blf,263,12.3229,9.1454,13.1220,11.1149,2.2087,35
gecko,base,blf,264,12.3229,9.1454,13.1220,11.1157,2.2082,35
gecko,base,blf,265,12.3229,9.1454,13.1333,11.1175,2.2088,35
gecko,base,blf,266,12.3229,9.1459,13.1333,11.1187,2.2081,35
gecko,base,blf,267,12.3229,9.1467,13.1333,11.1190,2.2079,35
gecko,base,blf,268,12.3229,9.1467,13.1333,11.1192,2.2080,35
gecko,base,blf,269,12.3229,9.1518,13.1333,11.1211,2.2073,35
gecko,base,blf,270,12.3229,9.1518,13.1347,11.1226,2.2084,35
gecko,base,blf,271,12.3229,9.1518,13.1347,11.1229,2.2080,35
gecko,base,blf,272,12.3229,9.1518,13.1347,11.1244,2.2093,35
gecko,base,blf,273,12.3229,9.1518,13.1347,11.1271,2.2107,35
gecko,base,blf,274,12.3229,9.1540,13.1347,11.1283,2.2111,35
gecko,base,blf,275,12.3229,9.1540,13.1347,11.1318,2.2145,35
gecko,base,blf,276,12.3229,9.1540,13.1347,11.1326,2.2148,35
gecko,base,blf,277,12.3229,9.1548,13.1347,11.1329,2.2147,35
gecko,base,blf,278,12.3229,9.1623,13.1347,11.1341,2.2147,35
gecko,base,blf,279,12.3229,9.1623,13.1358,11.1353,2.2151,35
gecko,base,blf,280,12.3625,9.1623,13.1358,11.1371,2.2156,35
gecko,base,blf,281,12.3625,9.1623,13.1358,11.1373,2.2154,35
gecko,base,blf,282,12.3625,9.1623,13.1358,11.1382,2.2152,35
gecko,base,blf,283,12.3625,9.1623,13.1358,11.1385,2.2150,35
gecko,base,blf,284,12.3625,9.1623,13.1358,11.1413,2.2165,35
gecko,base,blf,285,12.3625,9.1623,13.1358,11.1420,2.2159,35
gecko,base,blf,286,12.3625,9.1623,13.1358,11.1431,2.2158,35
gecko,base,blf,287,12.3625,9.1623,13.1358,11.1431,2.2158,35
gecko,base,blf,288,12.3625,9.1623,13.1358,11.1447,2.2167,35
gecko,base,blf,289,12.3625,9.1623,13.1440,11.1465,2.2180,35
gecko,base,blf,290,12.3625,9.1623,13.1440,11.1467,2.2177,35
gecko,base,blf,291,12.3625,9.1666,13.1440,11.1479,2.2185,35
gecko,base,blf,292,12.3625,9.1666,13.1440,11.1479,2.2185,35
gecko,base,blf,293,12.3788,9.1666,13.1459,11.1486,2.2188,35
gecko,base,blf,294,12.3788,9.1666,13.1459,11.1488,2.2186,35
gecko,base,blf,295,12.3788,9.1666,13.1463,11.1509,2.2207,35
gecko,base,blf,296,12.3964,9.1666,13.1463,11.1519,2.2213,35
gecko,base,blf,297,12.3964,9.1666,13.1515,11.1524,2.2214,35
gecko,base,blf,298,12.4133,9.1666,13.1515,11.1531,2.2215,35
gecko,base,blf,299,12.4133,9.1666,13.1515,11.1531,2.2215,35
gecko,base,blf,300,12.4133,9.1678,13.1515,11.1538,2.2218,35
gecko,phi,uncoupled,1,1.8715,1.5754,2.4890,2.0945,0.7504,35
gecko,phi,uncoupled,2,2.7217,2.3930,3.0377,2.6777,0.6611,35
gecko,phi,uncoupled,3,3.0289,2.6696,3.6168,3.1742,0.8067,35
gecko,phi,uncoupled,4,3.2141,2.8498,3.7136,3.3864,0.7913,35
gecko,phi,uncoupled,5,3.5481,3.0143,3.9554,3.6472,0.7921,35
gecko,phi,uncoupled,6,3.6923,3.2018,4.2568,3.8164,0.8181,35
gecko,phi,uncoupled,7,3.9535,3.3890,4.4475,3.9791,0.8035,35
gecko,phi,uncoupled,8,4.0551,3.6188,4.5663,4.0337,0.8024,35
gecko,phi,uncoupled,9,4.1633,3.7339,4.6190,4.1692,0.8019,35
gecko,phi,uncoupled,10,4.4052,3.8336,4.6935,4.3098,0.7973,35
gecko,phi,uncoupled,11,4.5567,4.0499,4.9139,4.4620,0.7434,35
gecko,phi,uncoupled,12,4.5928,4.3192,5.0666,4.6041,0.6579,35
gecko,phi,uncoupled,13,4.6220,4.3192,5.0896,4.6466,0.6963,35
gecko,phi,uncoupled,14,4.6620,4.3999,5.1122,4.6979,0.6824,35
gecko,phi,uncoupled,15,4.6620,4.3999,5.1700,4.7555,0.6151,35
gecko,phi,uncoupled,16,4.7473,4.4408,5.2324,4.8302,0.6220,35
gecko,phi,uncoupled,17,5.0508,4.5883,5.3071,4.9734,0.6210,35
gecko,phi,uncoupled,18,5.0508,4.5883,5.3071,5.0125,0.6501,35
gecko,phi,uncoupled,19,5.0508,4.6410,5.3588,5.0745,0.6625,35
gecko,phi,uncoupled,20,5.0766,4.6410,5.4146,5.1520,0.6860,35
gecko,phi,uncoupled,21,5.0766,4.6704,5.4658,5.1660,0.6853,35
gecko,phi,uncoupled,22,5.1218,4.7721,5.4658,5.2541,0.8671,35
gecko,phi,uncoupled,23,5.1218,4.8013,5.4920,5.2815,0.8575,35
gecko,phi,uncoupled,24,5.1358,4.8226,5.6865,5.3167,0.8640,35
gecko,phi,uncoupled,25,5.2181,4.9032,5.8271,5.3753,0.8529,35
gecko,phi,uncoupled,26,5.2466,5.0090,5.9801,5.4741,0.8351,35
gecko,phi,uncoupled,27,5.3996,5.0599,5.9892,5.5399,0.8198,35
gecko,phi,uncoupled,28,5.4274,5.0599,6.0355,5.5831,0.8344,35
gecko,phi,uncoupled,29,5.4274,5.0903,6.1608,5.6444,0.7966,35
gecko,phi,uncoupled,30,5.6266,5.1061,6.2817,5.7456,0.8476,35
gecko,phi,uncoupled,31,5.6266,5.1061,6.4764,5.7715,0.8719,35
gecko,phi,uncoupled,32,5.6894,5.1288,6.4817,5.8201,0.8937,35
gecko,phi,uncoupled,33,5.8549,5.2324,6.4865,5.9068,0.8918,35
gecko,phi,uncoupled,34,5.8549,5.2324,6.4865,5.9646,0.9802,35
gecko,phi,uncoupled,35,5.8549,5.3118,6.6392,6.0515,1.0274,35
gecko,phi,uncoupled,36,5.8689,5.3883,6.6719,6.1697,1.1067,35
gecko,phi,uncoupled,37,5.9794,5.4806,6.7094,6.2321,1.0982,35
gecko,phi,uncoupled,38,6.0159,5.4806,6.7094,6.2723,1.1061,35
gecko,phi,uncoupled,39,6.1070,5.4806,7.0724,6.3842,1.1659,35
gecko,phi,uncoupled,40,6.1339,5.4806,7.3771,6.4763,1.2741,35
gecko,phi,uncoupled,41,6.3810,5.4806,7.3812,6.5284,1.2816,35
gecko,phi,uncoupled,42,6.3810,5.4806,7.4012,6.5845,1.2724,35
gecko,phi,uncoupled,43,6.3810,5.7804,7.4012,6.6505,1.2344,35
gecko,phi,uncoupled,44,6.3810,5.8005,7.4012,6.7014,1.2375,35
gecko,phi,uncoupled,45,6.5277,5.9066,7.4012,6.7776,1.2590,35
gecko,phi,uncoupled,46,6.6187,5.9066,7.4241,6.8448,1.2823,35
gecko,phi,uncoupled,47,6.7342,5.9178,7.4241,6.9498,1.3697,35
gecko,phi,uncoupled,48,6.7342,5.9178,7.4241,7.0126,1.4693,35
gecko,phi,uncoupled,49,6.7619,5.9178,7.4241,7.0557,1.4817,35
gecko,phi,uncoupled,50,6.7660,6.1798,7.4241,7.0871,1.4639,35
gecko,phi,uncoupled,51,6.8353,6.2012,7.6238,7.1495,1.4904,35
gecko,phi,uncoupled,52,6.8711,6.2624,7.6267,7.1997,1.5307,35
gecko,phi,uncoupled,53,6.9397,6.2624,7.6267,7.2359,1.5183,35
gecko,phi,uncoupled,54,6.9548,6.2624,7.6267,7.3013,1.5817,35
gecko,phi,uncoupled,55,6.9548,6.2624,7.6806,7.3725,1.6268,35
gecko,phi,uncoupled,56,7.1722,6.6474,8.2434,7.5433,1.6306,35
gecko,phi,uncoupled,57,7.2659,6.6474,8.3438,7.6015,1.6318,35
gecko,phi,uncoupled,58,7.4295,6.7615,8.3478,7.6547,1.6471,35
gecko,phi,uncoupled,59,7.4489,6.7615,8.8231,7.7921,1.6721,35
gecko,phi,uncoupled,60,7.4489,6.7615,8.8781,7.8208,1.6804,35
gecko,phi,uncoupled,61,7.5065,6.7615,8.8781,7.8470,1.6977,35
gecko,phi,uncoupled,62,7.6881,6.8209,9.0773,7.9550,1.7199,35
gecko,phi,uncoupled,63,7.8851,6.8209,9.1951,8.0435,1.7070,35
gecko,phi,uncoupled,64,7.8851,6.8209,9.1951,8.0802,1.7057,35
gecko,phi,uncoupled,65,7.8851,6.8527,9.2950,8.1551,1.7359,35
gecko,phi,uncoupled,66,7.8851,7.0259,9.2950,8.2239,1.7595,35
gecko,phi,uncoupled,67,7.8851,7.1778,9.5268,8.2759,1.7592,35
gecko,phi,uncoupled,68,7.8851,7.1778,9.5691,8.3591,1.7549,35
gecko,phi,uncoupled,69,7.9588,7.1778,9.5691,8.3752,1.7613,35
gecko,phi,uncoupled,70,8.0500,7.1778,9.5691,8.4216,1.7857,35
gecko,phi,uncoupled,71,8.0500,7.1778,9.6723,8.4461,1.7846,35
gecko,phi,uncoupled,72,8.0500,7.1853,9.7850,8.4819,1.7820,35
gecko,phi,uncoupled,73,8.0500,7.1853,9.8030,8.5040,1.7924,35
gecko,phi,uncoupled,74,8.0500,7.2860,9.8030,8.5718,1.7824,35
gecko,phi,uncoupled,75,8.0646,7.2860,9.8030,8.6176,1.7981,35
gecko,phi,uncoupled,76,8.0646,7.2860,9.8030,8.6297,1.8058,35
gecko,phi,uncoupled,77,8.2250,7.2860,9.8030,8.6719,1.8435,35
gecko,phi,uncoupled,78,8.2636,7.3113,9.8030,8.7138,1.8309,35
gecko,phi,uncoupled,79,8.2636,7.3113,10.4299,8.7754,1.8688,35
gecko,phi,uncoupled,80,8.3397,7.3783,10.4299,8.8094,1.8844,35
gecko,phi,uncoupled,81,8.3397,7.3783,10.5166,8.8570,1.8848,35
gecko,phi,uncoupled,82,8.6707,7.4232,10.5803,8.9248,1.8873,35
gecko,phi,uncoupled,83,8.6761,7.4232,10.5803,9.0009,1.8881,35
gecko,phi,uncoupled,84,8.6761,7.4605,10.5803,9.0271,1.8952,35
gecko,phi,uncoupled,85,9.1841,7.4896,10.8526,9.1274,1.9403,35
gecko,phi,uncoupled,86,9.1841,7.6464,10.8526,9.1857,1.9147,35
gecko,phi,uncoupled,87,9.1841,7.6464,10.8526,9.2117,1.9264,35
gecko,phi,uncoupled,88,9.1841,7.7352,10.8619,9.3164,1.9360,35
gecko,phi,uncoupled,89,9.3112,7.7352,10.8619,9.4269,1.9439,35
gecko,phi,uncoupled,90,9.3112,7.7352,10.9272,9.4583,1.9587,35
gecko,phi,uncoupled,91,9.3112,7.7557,11.1569,9.5298,1.9830,35
gecko,phi,uncoupled,92,9.3112,7.8437,11.1569,9.5509,1.9817,35
gecko,phi,uncoupled,93,9.6975,7.8437,11.1569,9.5770,1.9862,35
gecko,phi,uncoupled,94,9.9994,7.8437,11.1569,9.6223,1.9941,35
gecko,phi,uncoupled,95,9.9994,7.8437,11.1569,9.6593,1.9784,35
gecko,phi,uncoupled,96,9.9994,7.9768,11.1569,9.7166,1.9708,35
gecko,phi,uncoupled,97,10.0374,8.0214,11.2804,9.7882,1.9528,35
gecko,phi,uncoupled,98,10.1425,8.1194,11.2804,9.8216,1.9526,35
gecko,phi,uncoupled,99,10.1641,8.1240,11.2804,9.8652,1.9697,35
gecko,phi,uncoupled,100,10.1788,8.2101,11.2804,9.8955,1.9666,35
gecko,phi,uncoupled,101,10.1788,8.3376,11.4972,9.9628,1.9685,35
gecko,phi,uncoupled,102,10.5364,8.3946,11.6264,10.0296,1.9698,35
gecko,phi,uncoupled,103,10.5364,8.3947,11.6264,10.0569,1.9601,35
gecko,phi,uncoupled,104,10.5607,8.7407,11.7308,10.1400,1.9438,35
gecko,phi,uncoupled,105,10.6330,8.7407,11.7365,10.1971,1.9491,35
gecko,phi,uncoupled,106,10.6330,8.7603,11.7511,10.2435,1.9615,35
gecko,phi,uncoupled,107,10.6330,8.8218,11.7511,10.2790,1.9475,35
gecko,phi,uncoupled,108,10.6330,8.8218,11.7786,10.2981,1.9567,35
gecko,phi,uncoupled,109,10.6330,8.8302,11.9044,10.3276,1.9570,35
gecko,phi,uncoupled,110,10.6668,8.8618,11.9044,10.3594,1.9594,35
gecko,phi,uncoupled,111,10.7318,8.8790,11.9044,10.3834,1.9489,35
gecko,phi,uncoupled,112,10.7318,8.8790,11.9044,10.4063,1.9587,35
gecko,phi,uncoupled,113,10.8357,8.8790,11.9309,10.4319,1.9693,35
gecko,phi,uncoupled,114,11.2230,8.8851,11.9309,10.4873,1.9787,35
gecko,phi,uncoupled,115,11.2230,8.8851,11.9309,10.5133,1.9797,35
gecko,phi,uncoupled,116,11.2284,8.8851,11.9309,10.5380,1.9821,35
gecko,phi,uncoupled,117,11.3155,8.8941,11.9442,10.5844,1.9888,35
gecko,phi,uncoupled,118,11.4021,8.8941,11.9681,10.6663,2.0157,35
gecko,phi,uncoupled,119,11.4804,8.8941,12.0352,10.7044,2.0133,35
gecko,phi,uncoupled,120,11.4804,8.8941,12.0352,10.7315,2.0249,35
gecko,phi,uncoupled,121,11.4804,8.8941,12.0352,10.7535,2.0260,35
gecko,phi,uncoupled,122,11.4804,8.8941,12.2044,10.7959,2.0509,35
gecko,phi,uncoupled,123,11.5770,8.8941,12.2489,10.8392,2.0587,35
gecko,phi,uncoupled,124,11.6612,8.8941,12.2489,10.8649,2.0687,35
gecko,phi,uncoupled,125,11.6910,8.8941,12.2489,10.8803,2.0789,35
gecko,phi,uncoupled,126,11.7992,8.8975,12.2489,10.9172,2.0862,35
gecko,phi,uncoupled,127,11.7992,8.9018,12.3269,10.9451,2.0971,35
gecko,phi,uncoupled,128,11.9078,8.9060,12.3269,10.9706,2.1066,35
gecko,phi,uncoupled,129,11.9078,8.9060,12.3269,10.9916,2.1182,35
gecko,phi,uncoupled,130,11.9078,8.9060,12.3269,10.9936,2.1181,35
gecko,phi,uncoupled,131,11.9078,8.9162,12.4304,11.0201,2.1324,35
gecko,phi,uncoupled,132,11.9078,8.9162,12.4554,11.0409,2.1374,35
gecko,phi,uncoupled,133,12.0647,8.9168,12.5325,11.0590,2.1389,35
gecko,phi,uncoupled,134,12.0647,8.9245,12.5325,11.0712,2.1428,35
gecko,phi,uncoupled,135,12.0647,8.9308,12.5530,11.0824,2.1383,35
gecko,phi,uncoupled,136,12.0872,8.9308,12.5530,11.0976,2.1403,35
gecko,phi,uncoupled,137,12.0951,8.9308,12.5655,11.1129,2.1461,35
gecko,phi,uncoupled,138,12.2254,8.9382,12.6249,11.1346,2.1521,35
gecko,phi,uncoupled,139,12.2706,8.9382,12.6249,11.1448,2.1592,35
gecko,phi,uncoupled,140,12.2706,8.9406,12.6249,11.1528,2.1569,35
gecko,phi,uncoupled,141,12.3097,8.9476,12.6578,11.1703,2.1651,35
gecko,phi,uncoupled,142,12.3097,8.9476,12.6578,11.1810,2.1713,35
gecko,phi,uncoupled,143,12.3097,8.9520,12.6578,11.2144,2.1740,35
gecko,phi,uncoupled,144,12.3097,8.9550,12.6774,11.2210,2.1773,35
gecko,phi,uncoupled,145,12.3384,8.9667,12.6774,11.2433,2.1806,35
gecko,phi,uncoupled,146,12.3384,8.9699,12.6774,11.2570,2.1792,35
gecko,phi,uncoupled,147,12.3384,8.9699,12.6774,11.2679,2.1833,35
gecko,phi,uncoupled,148,12.3384,8.9699,12.6853,11.2721,2.1854,35
gecko,phi,uncoupled,149,12.4030,8.9740,12.7910,11.2987,2.1969,35
gecko,phi,uncoupled,150,12.4030,8.9961,12.8173,11.3153,2.2017,35
gecko,phi,uncoupled,151,12.4030,8.9990,12.8508,11.3369,2.2092,35
gecko,phi,uncoupled,152,12.4030,9.0065,12.8774,11.3435,2.2118,35
gecko,phi,uncoupled,153,12.4192,9.0067,12.8971,11.3516,2.2135,35
gecko,phi,uncoupled,154,12.4192,9.0099,12.9289,11.3745,2.2224,35
gecko,phi,uncoupled,155,12.4271,9.0099,12.9289,11.3895,2.2276,35
gecko,phi,uncoupled,156,12.4271,9.0255,12.9778,11.4202,2.2337,35
gecko,phi,uncoupled,157,12.4271,9.0272,12.9778,11.4226,2.2345,35
gecko,phi,uncoupled,158,12.4271,9.0272,12.9778,11.4271,2.2356,35
gecko,phi,uncoupled,159,12.5318,9.0272,12.9778,11.4522,2.2452,35
gecko,phi,uncoupled,160,12.5318,9.0272,13.0283,11.4659,2.2535,35
gecko,phi,uncoupled,161,12.6228,9.0272,13.0477,11.4756,2.2585,35
gecko,phi,uncoupled,162,12.6479,9.0272,13.0477,11.4838,2.2628,35
gecko,phi,uncoupled,163,12.6479,9.0272,13.0627,11.4885,2.2610,35
gecko,phi,uncoupled,164,12.6779,9.0429,13.0627,11.4949,2.2608,35
gecko,phi,uncoupled,165,12.6779,9.0449,13.0627,11.4987,2.2610,35
gecko,phi,uncoupled,166,12.6779,9.0461,13.0664,11.5136,2.2634,35
gecko,phi,uncoupled,167,12.6808,9.0461,13.1234,11.5306,2.2716,35
gecko,phi,uncoupled,168,12.7003,9.0461,13.1338,11.5372,2.2758,35
gecko,phi,uncoupled,169,12.7003,9.0473,13.1607,11.5671,2.2943,35
gecko,phi,uncoupled,170,12.7207,9.0473,13.1607,11.5745,2.2975,35
gecko,phi,uncoupled,171,12.7207,9.0627,13.1663,11.5802,2.2967,35
gecko,phi,uncoupled,172,12.7271,9.0627,13.1916,11.5952,2.3045,35
gecko,phi,uncoupled,173,12.7271,9.0627,13.2376,11.6195,2.3095,35
gecko,phi,uncoupled,174,12.7730,9.0711,13.2376,11.6288,2.3124,35
gecko,phi,uncoupled,175,12.7730,9.0711,13.2376,11.6347,2.3150,35
gecko,phi,uncoupled,176,12.8023,9.0778,13.2470,11.6405,2.3160,35
gecko,phi,uncoupled,177,12.8659,9.0778,13.2835,11.6550,2.3241,35
gecko,phi,uncoupled,178,12.8902,9.0778,13.2835,11.6646,2.3273,35
gecko,phi,uncoupled,179,12.9457,9.0999,13.2835,11.6685,2.3269,35
gecko,phi,uncoupled,180,12.9457,9.1004,13.2835,11.6718,2.3282,35
gecko,phi,uncoupled,181,12.9457,9.1004,13.2846,11.6801,2.3322,35
gecko,phi,uncoupled,182,12.9733,9.1039,13.2846,11.6888,2.3359,35
gecko,phi,uncoupled,183,12.9878,9.1081,13.2893,11.6964,2.3379,35
gecko,phi,uncoupled,184,12.9878,9.1081,13.3382,11.7037,2.3438,35
gecko,phi,uncoupled,185,12.9878,9.1081,13.3382,11.7140,2.3532,35
gecko,phi,uncoupled,186,13.0189,9.1113,13.3414,11.7223,2.3573,35
gecko,phi,uncoupled,187,13.0358,9.1113,13.3472,11.7290,2.3598,35
gecko,phi,uncoupled,188,13.0680,9.1113,13.3472,11.7362,2.3641,35
gecko,phi,uncoupled,189,13.0680,9.1190,13.3472,11.7421,2.3655,35
gecko,phi,uncoupled,190,13.0680,9.1190,13.3472,11.7471,2.3669,35
gecko,phi,uncoupled,191,13.0680,9.1190,13.3472,11.7611,2.3815,35
gecko,phi,uncoupled,192,13.0939,9.1190,13.3696,11.7725,2.3864,35
gecko,phi,uncoupled,193,13.0939,9.1190,13.3696,11.7762,2.3884,35
gecko,phi,uncoupled,194,13.0976,9.1193,13.3696,11.7837,2.3923,35
gecko,phi,uncoupled,195,13.0976,9.1258,13.3696,11.7854,2.3918,35
gecko,phi,uncoupled,196,13.0976,9.1258,13.3846,11.7907,2.3943,35
gecko,phi,uncoupled,197,13.0976,9.1258,13.3846,11.7934,2.3959,35
gecko,phi,uncoupled,198,13.0976,9.1312,13.3846,11.7987,2.3967,35
gecko,phi,uncoupled,199,13.0976,9.1312,13.3846,11.7987,2.3967,35
gecko,phi,uncoupled,200,13.0976,9.1339,13.4004,11.8036,2.3984,35
gecko,phi,uncoupled,201,13.0976,9.1357,13.4190,11.8144,2.4040,35
gecko,phi,uncoupled,202,13.0976,9.1357,13.4190,11.8176,2.4032,35
gecko,phi,uncoupled,203,13.0976,9.1425,13.4191,11.8209,2.4045,35
gecko,phi,uncoupled,204,13.0976,9.1425,13.4191,11.8237,2.4069,35
gecko,phi,uncoupled,205,13.0976,9.1425,13.4373,11.8295,2.4096,35
gecko,phi,uncoupled,206,13.0976,9.1437,13.4466,11.8342,2.4114,35
gecko,phi,uncoupled,207,13.0976,9.1437,13.4795,11.8397,2.4145,35
gecko,phi,uncoupled,208,13.0976,9.1494,13.5196,11.8496,2.4206,35
gecko,phi,uncoupled,209,13.0976,9.1494,13.5196,11.8525,2.4225,35
gecko,phi,uncoupled,210,13.0976,9.1494,13.5221,11.8579,2.4253,35
gecko,phi,uncoupled,211,13.0976,9.1494,13.5399,11.8593,2.4255,35
gecko,phi,uncoupled,212,13.0976,9.1494,13.5399,11.8615,2.4271,35
gecko,phi,uncoupled,213,13.0976,9.1524,13.5399,11.8627,2.4271,35
gecko,phi,uncoupled,214,13.0976,9.1524,13.5399,11.8654,2.4280,35
gecko,phi,uncoupled,215,13.0976,9.1524,13.5399,11.8683,2.4294,35
gecko,phi,uncoupled,216,13.0997,9.1524,13.5399,11.8728,2.4331,35
gecko,phi,uncoupled,217,13.0997,9.1524,13.5399,11.8820,2.4401,35
gecko,phi,uncoupled,218,13.1107,9.1546,13.5444,11.8831,2.4404,35
gecko,phi,uncoupled,219,13.1662,9.1546,13.5444,11.8873,2.4415,35
gecko,phi,uncoupled,220,13.1662,9.1558,13.5465,11.8887,2.4421,35
gecko,phi,uncoupled,221,13.1662,9.1567,13.5465,11.8923,2.4445,35
gecko,phi,uncoupled,222,13.1662,9.1567,13.5465,11.8945,2.4446,35
gecko,phi,uncoupled,223,13.1662,9.1567,13.5465,11.8980,2.4464,35
gecko,phi,uncoupled,224,13.1662,9.1567,13.5465,11.8984,2.4458,35
gecko,phi,uncoupled,225,13.1662,9.1567,13.5465,11.9003,2.4465,35
gecko,phi,uncoupled,226,13.1757,9.1567,13.5649,11.9029,2.4475,35
gecko,phi,uncoupled,227,13.1757,9.1569,13.5649,11.9048,2.4480,35
gecko,phi,uncoupled,228,13.1757,9.1583,13.5649,11.9052,2.4480,35
gecko,phi,uncoupled,229,13.2128,9.1583,13.5669,11.9118,2.4501,35
gecko,phi,uncoupled,230,13.2128,9.1602,13.5703,11.9138,2.4512,35
gecko,phi,uncoupled,231,13.2128,9.1602,13.5717,11.9139,2.4511,35
gecko,phi,uncoupled,232,13.2128,9.1602,13.5717,11.9146,2.4515,35
gecko,phi,uncoupled,233,13.2128,9.1602,13.5717,11.9170,2.4527,35
gecko,phi,uncoupled,234,13.2128,9.1611,13.5717,11.9175,2.4530,35
gecko,phi,uncoupled,235,13.2128,9.1616,13.5717,11.9182,2.4530,35
gecko,phi,uncoupled,236,13.2128,9.1616,13.5717,11.9190,2.4535,35
gecko,phi,uncoupled,237,13.2174,9.1616,13.5717,11.9209,2.4532,35
gecko,phi,uncoupled,238,13.2174,9.1616,13.5717,11.9254,2.4565,35
gecko,phi,uncoupled,239,13.2174,9.1616,13.5717,11.9270,2.4568,35
gecko,phi,uncoupled,240,13.2174,9.1616,13.5717,11.9274,2.4562,35
gecko,phi,uncoupled,241,13.2174,9.1616,13.5717,11.9303,2.4587,35
gecko,phi,uncoupled,242,13.2174,9.1616,13.5717,11.9328,2.4604,35
gecko,phi,uncoupled,243,13.2174,9.1616,13.5717,11.9333,2.4608,35
gecko,phi,uncoupled,244,13.2174,9.1616,13.5890,11.9393,2.4654,35
gecko,phi,uncoupled,245,13.2174,9.1616,13.5890,11.9393,2.4654,35
gecko,phi,uncoupled,246,13.2174,9.1616,13.5932,11.9405,2.4665,35
gecko,phi,uncoupled,247,13.2174,9.1616,13.5932,11.9448,2.4688,35
gecko,phi,uncoupled,248,13.2174,9.1639,13.5932,11.9463,2.4692,35
gecko,phi,uncoupled,249,13.2174,9.1640,13.5932,11.9474,2.4699,35
gecko,phi,uncoupled,250,13.2174,9.1640,13.5932,11.9487,2.4702,35
gecko,phi,uncoupled,251,13.2174,9.1640,13.5932,11.9495,2.4707,35
gecko,phi,uncoupled,252,13.2174,9.1640,13.5932,11.9522,2.4727,35
gecko,phi,uncoupled,253,13.2174,9.1640,13.5990,11.9544,2.4756,35
gecko,phi,uncoupled,254,13.2174,9.1640,13.5990,11.9583,2.4804,35
gecko,phi,uncoupled,255,13.2174,9.1642,13.5990,11.9592,2.4806,35
gecko,phi,uncoupled,256,13.2174,9.1642,13.5990,11.9623,2.4818,35
gecko,phi,uncoupled,257,13.2321,9.1657,13.5990,11.9629,2.4818,35
gecko,phi,uncoupled,258,13.2321,9.1657,13.5990,11.9632,2.4814,35
gecko,phi,uncoupled,259,13.2321,9.1657,13.5990,11.9637,2.4817,35
gecko,phi,uncoupled,260,13.2321,9.1657,13.5990,11.9649,2.4825,35
gecko,phi,uncoupled,261,13.2321,9.1657,13.5990,11.9666,2.4837,35
gecko,phi,uncoupled,262,13.2321,9.1657,13.5990,11.9670,2.4839,35
gecko,phi,uncoupled,263,13.2321,9.1669,13.5990,11.9672,2.4837,35
gecko,phi,uncoupled,264,13.2321,9.1678,13.5990,11.9674,2.4837,35
gecko,phi,uncoupled,265,13.2321,9.1678,13.5990,11.9675,2.4839,35
gecko,phi,uncoupled,266,13.2321,9.1678,13.5990,11.9688,2.4847,35
gecko,phi,uncoupled,267,13.2321,9.1678,13.5990,11.9694,2.4849,35
gecko,phi,uncoupled,268,13.2321,9.1685,13.5990,11.9696,2.4850,35
gecko,phi,uncoupled,269,13.2321,9.1685,13.5990,11.9697,2.4847,35
gecko,phi,uncoupled,270,13.2321,9.1685,13.5990,11.9700,2.4848,35
gecko,phi,uncoupled,271,13.2321,9.1685,13.5990,11.9720,2.4865,35
gecko,phi,uncoupled,272,13.2321,9.1685,13.5990,11.9721,2.4864,35
gecko,phi,uncoupled,273,13.2321,9.1685,13.5990,11.9723,2.4865,35
gecko,phi,uncoupled,274,13.2321,9.1685,13.5990,11.9735,2.4874,35
gecko,phi,uncoupled,275,13.2321,9.1685,13.5990,11.9739,2.4878,35
gecko,phi,uncoupled,276,13.2321,9.1685,13.5990,11.9746,2.4890,35
gecko,phi,uncoupled,277,13.2321,9.1685,13.5990,11.9755,2.4895,35
gecko,phi,uncoupled,278,13.2321,9.1685,13.5990,11.9756,2.4892,35
gecko,phi,uncoupled,279,13.2321,9.1685,13.5990,11.9772,2.4912,35
gecko,phi,uncoupled,280,13.2321,9.1685,13.5990,11.9772,2.4912,35
gecko,phi,uncoupled,281,13.2321,9.1685,13.5990,11.9772,2.4912,35
gecko,phi,uncoupled,282,13.2321,9.1689,13.5990,11.9773,2.4912,35
gecko,phi,uncoupled,283,13.2321,9.1689,13.5990,11.9775,2.4913,35
gecko,phi,uncoupled,284,13.2321,9.1689,13.5990,11.9775,2.4913,35
gecko,phi,uncoupled,285,13.2321,9.1689,13.5990,11.9784,2.4924,35
gecko,phi,uncoupled,286,13.2321,9.1689,13.5990,11.9805,2.4939,35
gecko,phi,uncoupled,287,13.2321,9.1689,13.5990,11.9809,2.4942,35
gecko,phi,uncoupled,288,13.2321,9.1710,13.5990,11.9819,2.4946,35
gecko,phi,uncoupled,289,13.2321,9.1710,13.5990,11.9819,2.4946,35
gecko,phi,uncoupled,290,13.2321,9.1710,13.5990,11.9821,2.4948,35
gecko,phi,uncoupled,291,13.2321,9.1710,13.5990,11.9824,2.4945,35
gecko,phi,uncoupled,292,13.2321,9.1710,13.5990,11.9824,2.4945,35
gecko,phi,uncoupled,293,13.2321,9.1710,13.6254,11.9840,2.4955,35
gecko,phi,uncoupled,294,13.2321,9.1710,13.6254,11.9843,2.4957,35
gecko,phi,uncoupled,295,13.2321,9.1710,13.6254,11.9854,2.4965,35
gecko,phi,uncoupled,296,13.2321,9.1710,13.6254,11.9854,2.4965,35
gecko,phi,uncoupled,297,13.2321,9.1711,13.6254,11.9862,2.4977,35
gecko,phi,uncoupled,298,13.2321,9.1711,13.6254,11.9862,2.4977,35
gecko,phi,uncoupled,299,13.2321,9.1711,13.6254,11.9862,2.4977,35
gecko,phi,uncoupled,300,13.2321,9.1748,13.6254,11.9884,2.4996,35
insect,base,blf,1,1.6232,1.2014,2.1982,1.7341,0.6481,35
insect,base,blf,2,2.2150,1.7314,2.4781,2.1633,0.6248,35
insect,base,blf,3,2.3733,1.9205,2.8849,2.4865,0.6717,35
insect,base,blf,4,2.7364,2.3646,3.2144,2.7889,0.6699,35
insect,base,blf,5,3.1201,2.5906,3.4932,3.0512,0.5948,35
insect,base,blf,6,3.1459,2.7687,3.5209,3.1198,0.5954,35
insect,base,blf,7,3.1773,2.9088,3.5956,3.2619,0.5351,35
insect,base,blf,8,3.4528,2.9590,3.8254,3.4036,0.5880,35
insect,base,blf,9,3.4859,3.1529,3.9466,3.5474,0.5429,35
insect,base,blf,10,3.5213,3.1800,4.1005,3.6368,0.5654,35
insect,base,blf,11,3.7681,3.2714,4.1546,3.7337,0.5519,35
insect,base,blf,12,3.8131,3.4822,4.2308,3.8114,0.5269,35
insect,base,blf,13,3.8254,3.5222,4.3016,3.9161,0.5161,35
insect,base,blf,14,4.0998,3.6340,4.3748,4.0712,0.5391,35
insect,base,blf,15,4.1178,3.7626,4.3927,4.1240,0.5454,35
insect,base,blf,16,4.1252,3.8254,4.3927,4.1522,0.5304,35
insect,base,blf,17,4.1715,3.8512,4.5792,4.2353,0.5639,35
insect,base,blf,18,4.2719,3.8512,4.6496,4.2883,0.5844,35
insect,base,blf,19,4.3027,3.8853,4.7150,4.3321,0.5832,35
insect,base,blf,20,4.3627,3.9377,4.7185,4.3764,0.5679,35
insect,base,blf,21,4.4738,4.1879,4.7230,4.4575,0.5219,35
insect,base,blf,22,4.6771,4.2526,4.8530,4.5589,0.5256,35
insect,base,blf,23,4.6771,4.2800,4.9589,4.6512,0.5956,35
insect,base,blf,24,4.6771,4.2800,5.0378,4.6614,0.6005,35
insect,base,blf,25,4.6771,4.2800,5.0378,4.6640,0.6021,35
insect,base,blf,26,4.6825,4.3113,5.0378,4.6957,0.5944,35
insect,base,blf,27,4.6825,4.3113,5.0378,4.6957,0.5944,35
insect,base,blf,28,4.7115,4.3254,5.0378,4.7405,0.6034,35
insect,base,blf,29,4.7115,4.4183,5.0378,4.7660,0.6270,35
insect,base,blf,30,4.7185,4.4818,5.1196,4.8260,0.6404,35
insect,base,blf,31,4.7185,4.5099,5.3586,4.9194,0.7029,35
insect,base,blf,32,4.7187,4.5099,5.3586,4.9326,0.7129,35
insect,base,blf,33,4.8008,4.6058,5.3586,4.9606,0.6968,35
insect,base,blf,34,4.8523,4.6058,5.4733,5.0233,0.7199,35
insect,base,blf,35,4.8924,4.6058,5.4733,5.0493,0.7206,35
insect,base,blf,36,4.8924,4.6596,5.5280,5.0688,0.7224,35
insect,base,blf,37,4.8924,4.6596,5.5280,5.0954,0.6833,35
insect,base,blf,38,4.8924,4.6682,5.5280,5.1103,0.6958,35
insect,base,blf,39,4.9590,4.6682,5.5280,5.1265,0.6840,35
insect,base,blf,40,4.9590,4.6798,5.5280,5.1394,0.6758,35
insect,base,blf,41,4.9590,4.6970,5.5280,5.1491,0.6780,35
insect,base,blf,42,4.9590,4.7392,5.8063,5.1909,0.6776,35
insect,base,blf,43,5.0173,4.7774,5.8063,5.2102,0.6653,35
insect,base,blf,44,5.0364,4.7774,5.8063,5.2293,0.6610,35
insect,base,blf,45,5.0972,4.8052,5.8063,5.2688,0.6380,35
insect,base,blf,46,5.1180,4.8335,5.8733,5.3013,0.6384,35
insect,base,blf,47,5.2749,4.8335,5.9733,5.3295,0.6416,35
insect,base,blf,48,5.2749,4.8335,5.9733,5.3348,0.6472,35
insect,base,blf,49,5.3324,4.8335,5.9733,5.3751,0.6271,35
insect,base,blf,50,5.3324,4.8335,5.9733,5.3840,0.6312,35
insect,base,blf,51,5.3324,4.8749,5.9733,5.4080,0.6259,35
insect,base,blf,52,5.3324,4.8749,5.9791,5.4121,0.6230,35
insect,base,blf,53,5.3884,4.9257,6.0274,5.4573,0.6171,35
insect,base,blf,54,5.3884,4.9327,6.0274,5.4661,0.6123,35
insect,base,blf,55,5.3884,4.9837,6.0778,5.5082,0.6040,35
insect,base,blf,56,5.3884,4.9933,6.1249,5.5314,0.6175,35
insect,base,blf,57,5.3884,4.9933,6.1249,5.5339,0.6144,35
insect,base,blf,58,5.3951,5.0008,6.1249,5.5706,0.6355,35
insect,base,blf,59,5.5610,5.0362,6.1249,5.6159,0.6291,35
insect,base,blf,60,5.5665,5.1633,6.1249,5.6528,0.6141,35
insect,base,blf,61,5.6559,5.2218,6.1718,5.7456,0.6717,35
insect,base,blf,62,5.6559,5.2218,6.2047,5.7520,0.6668,35
insect,base,blf,63,5.6559,5.2218,6.2047,5.7707,0.6855,35
insect,base,blf,64,5.6559,5.2218,6.3116,5.7768,0.6898,35
insect,base,blf,65,5.7102,5.2586,6.3116,5.7931,0.6930,35
insect,base,blf,66,5.7102,5.2669,6.3116,5.7966,0.6925,35
insect,base,blf,67,5.7102,5.3260,6.3531,5.8209,0.6934,35
insect,base,blf,68,5.7361,5.3260,6.3531,5.8278,0.6896,35
insect,base,blf,69,5.7361,5.3260,6.3531,5.8438,0.6778,35
insect,base,blf,70,5.7361,5.3260,6.3531,5.8557,0.6965,35
insect,base,blf,71,5.7456,5.3920,6.3531,5.8894,0.6752,35
insect,base,blf,72,5.7456,5.3920,6.3531,5.8955,0.6730,35
insect,base,blf,73,5.7456,5.4094,6.3531,5.9046,0.6671,35
insect,base,blf,74,5.8143,5.4413,6.3531,5.9438,0.6736,35
insect,base,blf,75,5.9441,5.4413,6.3531,5.9568,0.6716,35
insect,base,blf,76,5.9441,5.5702,6.3636,5.9991,0.6716,35
insect,base,blf,77,5.9441,5.5702,6.4036,6.0119,0.6709,35
insect,base,blf,78,5.9441,5.5702,6.4036,6.0178,0.6714,35
insect,base,blf,79,5.9547,5.5702,6.4036,6.0466,0.6866,35
insect,base,blf,80,6.0042,5.5702,6.4036,6.0566,0.6891,35
insect,base,blf,81,6.0224,5.5702,6.4036,6.0713,0.6825,35
insect,base,blf,82,6.1242,5.5702,6.4192,6.1002,0.6831,35
insect,base,blf,83,6.1242,5.6141,6.4531,6.1193,0.6652,35
insect,base,blf,84,6.2461,5.6726,6.6562,6.2020,0.6708,35
insect,base,blf,85,6.2461,5.6726,6.7695,6.2144,0.6743,35
insect,base,blf,86,6.2461,5.7563,6.7695,6.2287,0.6696,35
insect,base,blf,87,6.2671,5.7563,6.7908,6.2320,0.6705,35
insect,base,blf,88,6.2707,5.7563,6.8177,6.2411,0.6756,35
insect,base,blf,89,6.2707,5.7563,6.8177,6.2531,0.6747,35
insect,base,blf,90,6.2707,5.7563,6.8346,6.2778,0.6812,35
insect,base,blf,91,6.3094,5.7881,6.8346,6.3060,0.6841,35
insect,base,blf,92,6.3274,5.8779,6.8346,6.3698,0.6538,35
insect,base,blf,93,6.3417,5.8779,6.8743,6.3857,0.6618,35
insect,base,blf,94,6.3838,5.8779,6.8743,6.3980,0.6685,35
insect,base,blf,95,6.3838,5.8779,6.8743,6.4011,0.6673,35
insect,base,blf,96,6.3918,5.9090,6.8743,6.4189,0.6586,35
insect,base,blf,97,6.3920,5.9247,6.8776,6.4339,0.6619,35
insect,base,blf,98,6.3920,5.9318,6.8776,6.4344,0.6616,35
insect,base,blf,99,6.4597,5.9336,6.9007,6.4584,0.6725,35
insect,base,blf,100,6.4922,5.9724,6.9007,6.4793,0.6666,35
insect,base,blf,101,6.4922,5.9724,6.9419,6.5015,0.6720,35
insect,base,blf,102,6.4922,6.0065,6.9845,6.5196,0.6766,35
insect,base,blf,103,6.5368,6.0065,7.0161,6.5395,0.6769,35
insect,base,blf,104,6.5423,6.0567,7.0161,6.5498,0.6669,35
insect,base,blf,105,6.5423,6.0567,7.0261,6.5582,0.6623,35
insect,base,blf,106,6.5890,6.1224,7.0261,6.5681,0.6587,35
insect,base,blf,107,6.5890,6.1224,7.0261,6.5688,0.6591,35
insect,base,blf,108,6.5890,6.1224,7.0261,6.5738,0.6544,35
insect,base,blf,109,6.5890,6.1224,7.0628,6.5836,0.6530,35
insect,base,blf,110,6.5890,6.1224,7.0996,6.6092,0.6724,35
insect,base,blf,111,6.6462,6.1626,7.0996,6.6366,0.6748,35
insect,base,blf,112,6.7228,6.1818,7.0996,6.6608,0.6786,35
insect,base,blf,113,6.7496,6.1818,7.1186,6.6757,0.6701,35
insect,base,blf,114,6.7496,6.1818,7.1186,6.6837,0.6673,35
insect,base,blf,115,6.7496,6.1818,7.1548,6.6883,0.6689,35
insect,base,blf,116,6.7496,6.1992,7.1673,6.6958,0.6666,35
insect,base,blf,117,6.8367,6.2030,7.2338,6.7105,0.6691,35
insect,base,blf,118,6.8367,6.2030,7.2338,6.7299,0.6464,35
insect,base,blf,119,6.8367,6.2030,7.2861,6.7372,0.6507,35
insect,base,blf,120,6.8367,6.2143,7.2916,6.7428,0.6506,35
insect,base,blf,121,6.8367,6.2402,7.2916,6.7599,0.6423,35
insect,base,blf,122,6.8756,6.2402,7.2916,6.7717,0.6448,35
insect,base,blf,123,6.8756,6.2420,7.2916,6.7836,0.6426,35
insect,base,blf,124,6.8756,6.2420,7.2916,6.7951,0.6477,35
insect,base,blf,125,6.8756,6.2543,7.2916,6.8114,0.6559,35
insect,base,blf,126,6.8756,6.2950,7.2916,6.8228,0.6525,35
insect,base,blf,127,6.8756,6.2950,7.2916,6.8298,0.6575,35
insect,base,blf,128,6.8930,6.2950,7.3041,6.8473,0.6639,35
insect,base,blf,129,6.8930,6.2950,7.3344,6.8668,0.6742,35
insect,base,blf,130,6.8930,6.2950,7.3344,6.8743,0.6740,35
insect,base,blf,131,6.8930,6.2950,7.3362,6.8792,0.6743,35
insect,base,blf,132,6.8930,6.2950,7.3362,6.8836,0.6716,35
insect,base,blf,133,6.9257,6.3424,7.3362,6.8957,0.6713,35
insect,base,blf,134,6.9257,6.3424,7.3362,6.9039,0.6648,35
insect,base,blf,135,6.9257,6.4086,7.4019,6.9281,0.6501,35
insect,base,blf,136,6.9257,6.4086,7.4019,6.9343,0.6499,35
insect,base,blf,137,6.9321,6.4086,7.4097,6.9418,0.6522,35
insect,base,blf,138,6.9413,6.4223,7.5018,6.9545,0.6548,35
insect,base,blf,139,6.9803,6.4223,7.5018,6.9633,0.6512,35
insect,base,blf,140,6.9803,6.4223,7.5018,6.9725,0.6507,35
insect,base,blf,141,6.9803,6.4223,7.5047,6.9745,0.6509,35
insect,base,blf,142,6.9803,6.4234,7.5047,6.9811,0.6470,35
insect,base,blf,143,6.9803,6.4234,7.5152,6.9912,0.6504,35
insect,base,blf,144,6.9803,6.4280,7.5152,6.9941,0.6488,35
insect,base,blf,145,6.9803,6.4280,7.5152,7.0074,0.6518,35
insect,base,blf,146,7.0053,6.4408,7.5664,7.0234,0.6543,35
insect,base,blf,147,7.0053,6.4476,7.5899,7.0253,0.6551,35
insect,base,blf,148,7.0078,6.4477,7.5922,7.0293,0.6536,35
insect,base,blf,149,7.0078,6.4978,7.5983,7.0390,0.6525,35
insect,base,blf,150,7.0078,6.4978,7.5983,7.0439,0.6536,35
insect,base,blf,151,7.0614,6.5361,7.5983,7.0517,0.6518,35
insect,base,blf,152,7.0614,6.5374,7.6054,7.0545,0.6516,35
insect,base,blf,153,7.0614,6.5385,7.6610,7.0650,0.6575,35
insect,base,blf,154,7.0614,6.5385,7.6610,7.0654,0.6571,35
insect,base,blf,155,7.0643,6.5385,7.6610,7.0759,0.6470,35
insect,base,blf,156,7.1257,6.5427,7.6610,7.0844,0.6503,35
insect,base,blf,157,7.1257,6.5427,7.6610,7.0919,0.6524,35
insect,base,blf,158,7.1257,6.5427,7.6610,7.0961,0.6500,35
insect,base,blf,159,7.1257,6.5427,7.6610,7.1028,0.6503,35
insect,base,blf,160,7.1679,6.5780,7.6610,7.1103,0.6489,35
insect,base,blf,161,7.1695,6.5780,7.6610,7.1159,0.6478,35
insect,base,blf,162,7.1695,6.5780,7.6745,7.1196,0.6504,35
insect,base,blf,163,7.1695,6.5780,7.6745,7.1288,0.6562,35
insect,base,blf,164,7.1903,6.5795,7.6813,7.1311,0.6574,35
insect,base,blf,165,7.1903,6.5795,7.6813,7.1328,0.6565,35
insect,base,blf,166,7.1903,6.5795,7.6813,7.1383,0.6608,35
insect,base,blf,167,7.1903,6.5847,7.7686,7.1520,0.6617,35
insect,base,blf,168,7.2023,6.5847,7.7686,7.1592,0.6641,35
insect,base,blf,169,7.2023,6.5876,7.7686,7.1656,0.6692,35
insect,base,blf,170,7.2104,6.6380,7.7686,7.1739,0.6667,35
insect,base,blf,171,7.2104,6.6380,7.7686,7.1800,0.6657,35
insect,base,blf,172,7.2104,6.6380,7.7686,7.1818,0.6664,35
insect,base,blf,173,7.2104,6.6380,7.7686,7.1828,0.6658,35
insect,base,blf,174,7.2104,6.6380,7.7686,7.1877,0.6682,35
insect,base,blf,175,7.2104,6.6380,7.7699,7.1912,0.6713,35
insect,base,blf,176,7.2169,6.6380,7.8043,7.1968,0.6740,35
insect,base,blf,177,7.2169,6.6380,7.8043,7.1994,0.6727,35
insect,base,blf,178,7.2169,6.6380,7.8191,7.2097,0.6707,35
insect,base,blf,179,7.2169,6.6464,7.8191,7.2128,0.6688,35
insect,base,blf,180,7.2169,6.6464,7.8191,7.2161,0.6674,35
insect,base,blf,181,7.2169,6.6464,7.8191,7.2198,0.6669,35
insect,base,blf,182,7.2299,6.6464,7.8191,7.2233,0.6663,35
insect,base,blf,183,7.2299,6.6464,7.8191,7.2261,0.6647,35
insect,base,blf,184,7.2299,6.6466,7.8191,7.2287,0.6642,35
insect,base,blf,185,7.2299,6.6628,7.8197,7.2349,0.6600,35
insect,base,blf,186,7.2404,6.6698,7.8411,7.2399,0.6605,35
insect,base,blf,187,7.2456,6.6698,7.8411,7.2422,0.6602,35
insect,base,blf,188,7.2582,6.6698,7.8710,7.2498,0.6662,35
insect,base,blf,189,7.2582,6.6709,7.8710,7.2533,0.6614,35
insect,base,blf,190,7.2582,6.6709,7.8710,7.2544,0.6603,35
insect,base,blf,191,7.2582,6.6709,7.8710,7.2568,0.6599,35
insect,base,blf,192,7.2582,6.6709,7.8710,7.2577,0.6596,35
insect,base,blf,193,7.2582,6.6709,7.8710,7.2635,0.6583,35
insect,base,blf,194,7.2582,6.6709,7.8710,7.2721,0.6608,35
insect,base,blf,195,7.2582,6.6725,7.8710,7.2735,0.6616,35
insect,base,blf,196,7.2582,6.6805,7.8710,7.2774,0.6616,35
insect,base,blf,197,7.2582,6.6805,7.8710,7.2805,0.6612,35
insect,base,blf,198,7.2582,6.6805,7.8794,7.2832,0.6610,35
insect,base,blf,199,7.2643,6.6805,7.8794,7.2873,0.6591,35
insect,base,blf,200,7.2698,6.6846,7.8794,7.2886,0.6591,35
insect,base,blf,201,7.2698,6.6846,7.8794,7.2958,0.6563,35
insect,base,blf,202,7.2698,6.6848,7.8794,7.3014,0.6583,35
insect,base,blf,203,7.2698,6.6848,7.8794,7.3054,0.6587,35
insect,base,blf,204,7.2698,6.6904,7.8794,7.3072,0.6593,35
insect,base,blf,205,7.2698,6.6904,7.8838,7.3090,0.6582,35
insect,base,blf,206,7.2698,6.6904,7.9148,7.3132,0.6619,35
insect,base,blf,207,7.2701,6.6968,7.9284,7.3177,0.6638,35
insect,base,blf,208,7.2701,6.6994,7.9351,7.3205,0.6637,35
insect,base,blf,209,7.2701,6.7007,7.9351,7.3238,0.6661,35
insect,base,blf,210,7.2714,6.7060,7.9351,7.3274,0.6643,35
insect,base,blf,211,7.2773,6.7182,7.9351,7.3310,0.6614,35
insect,base,blf,212,7.2773,6.7200,7.9351,7.3336,0.6601,35
insect,base,blf,213,7.2773,6.7200,7.9612,7.3397,0.6608,35
insect,base,blf,214,7.2773,6.7324,7.9612,7.3415,0.6586,35
insect,base,blf,215,7.2773,6.7397,7.9612,7.3482,0.6582,35
insect,base,blf,216,7.2773,6.7399,7.9612,7.3508,0.6610,35
insect,base,blf,217,7.2773,6.7400,7.9659,7.3515,0.6610,35
insect,base,blf,218,7.2832,6.7400,7.9659,7.3526,0.6603,35
insect,base,blf,219,7.2832,6.7600,7.9659,7.3547,0.6581,35
insect,base,blf,220,7.2832,6.7600,7.9659,7.3565,0.6584,35
insect,base,blf,221,7.2832,6.7664,7.9659,7.3584,0.6573,35
insect,base,blf,222,7.2832,6.7664,7.9659,7.3635,0.6576,35
insect,base,blf,223,7.2832,6.7745,7.9736,7.3661,0.6583,35
insect,base,blf,224,7.2832,6.7785,7.9736,7.3695,0.6566,35
insect,base,blf,225,7.2832,6.7785,7.9799,7.3715,0.6569,35
insect,base,blf,226,7.2832,6.7785,7.9799,7.3730,0.6564,35
insect,base,blf,227,7.2832,6.7785,7.9799,7.3769,0.6582,35
insect,base,blf,228,7.2832,6.7785,7.9799,7.3778,0.6581,35
insect,base,blf,229,7.2832,6.7785,7.9813,7.3799,0.6596,35
insect,base,blf,230,7.2875,6.7785,7.9813,7.3813,0.6597,35
insect,base,blf,231,7.2875,6.7785,7.9821,7.3838,0.6576,35
insect,base,blf,232,7.2890,6.7785,7.9948,7.3854,0.6590,35
insect,base,blf,233,7.2890,6.7785,8.0012,7.3863,0.6592,35
insect,base,blf,234,7.2890,6.7811,8.0089,7.3892,0.6581,35
insect,base,blf,235,7.2914,6.7811,8.0089,7.3897,0.6577,35
insect,base,blf,236,7.2914,6.7812,8.0096,7.3918,0.6587,35
insect,base,blf,237,7.2914,6.7812,8.0096,7.3927,0.6583,35
insect,base,blf,238,7.2914,6.7812,8.0099,7.3946,0.6586,35
insect,base,blf,239,7.2914,6.7874,8.0123,7.3971,0.6591,35
insect,base,blf,240,7.2914,6.7921,8.0123,7.3988,0.6591,35
insect,base,blf,241,7.2914,6.7948,8.0124,7.4011,0.6586,35
insect,base,blf,242,7.2914,6.7957,8.0182,7.4035,0.6600,35
insect,base,blf,243,7.2914,6.7957,8.0182,7.4037,0.6600,35
insect,base,blf,244,7.2914,6.7957,8.0283,7.4074,0.6604,35
insect,base,blf,245,7.2914,6.7957,8.0283,7.4089,0.6602,35
insect,base,blf,246,7.2914,6.7957,8.0472,7.4136,0.6644,35
insect,base,blf,247,7.2914,6.7957,8.0472,7.4148,0.6650,35
insect,base,blf,248,7.2914,6.7957,8.0472,7.4163,0.6643,35
insect,base,blf,249,7.2921,6.7957,8.0472,7.4175,0.6637,35
insect,base,blf,250,7.2921,6.8022,8.0670,7.4220,0.6662,35
insect,base,blf,251,7.2921,6.8054,8.0670,7.4223,0.6661,35
insect,base,blf,252,7.2921,6.8058,8.0670,7.4229,0.6660,35
insect,base,blf,253,7.2933,6.8088,8.0670,7.4237,0.6662,35
insect,base,blf,254,7.2938,6.8088,8.0670,7.4241,0.6660,35
insect,base,blf,255,7.2998,6.8088,8.0670,7.4262,0.6661,35
insect,base,blf,256,7.3123,6.8238,8.0670,7.4295,0.6660,35
insect,base,blf,257,7.3123,6.8238,8.0670,7.4306,0.6658,35
insect,base,blf,258,7.3127,6.8238,8.0670,7.4315,0.6656,35
insect,base,blf,259,7.3127,6.8238,8.0670,7.4344,0.6678,35
insect,base,blf,260,7.3265,6.8238,8.0702,7.4364,0.6682,35
insect,base,blf,261,7.3265,6.8238,8.0702,7.4368,0.6678,35
insect,base,blf,262,7.3380,6.8238,8.0702,7.4400,0.6688,35
insect,base,blf,263,7.3480,6.8238,8.0708,7.4409,0.6694,35
insect,base,blf,264,7.3480,6.8261,8.0708,7.4436,0.6704,35
insect,base,blf,265,7.3480,6.8261,8.0725,7.4472,0.6733,35
insect,base,blf,266,7.3480,6.8277,8.0725,7.4488,0.6724,35
insect,base,blf,267,7.3480,6.8277,8.0725,7.4489,0.6723,35
insect,base,blf,268,7.3480,6.8324,8.0725,7.4499,0.6713,35
insect,base,blf,269,7.3480,6.8342,8.0725,7.4513,0.6718,35
insect,base,blf,270,7.3511,6.8345,8.0845,7.4521,0.6723,35
insect,base,blf,271,7.3511,6.8353,8.0885,7.4528,0.6723,35
insect,base,blf,272,7.3511,6.8364,8.0885,7.4544,0.6732,35
insect,base,blf,273,7.3511,6.8374,8.0885,7.4559,0.6742,35
insect,base,blf,274,7.3522,6.8403,8.0885,7.4575,0.6752,35
insect,base,blf,275,7.3522,6.8403,8.0885,7.4587,0.6745,35
insect,base,blf,276,7.3600,6.8422,8.0885,7.4602,0.6743,35
insect,base,blf,277,7.3600,6.8422,8.0943,7.4615,0.6752,35
insect,base,blf,278,7.3600,6.8478,8.0943,7.4628,0.6758,35
insect,base,blf,279,7.3600,6.8478,8.0943,7.4629,0.6758,35
insect,base,blf,280,7.3625,6.8478,8.1051,7.4644,0.6762,35
insect,base,blf,281,7.3625,6.8478,8.1051,7.4645,0.6761,35
insect,base,blf,282,7.3721,6.8478,8.1060,7.4652,0.6762,35
insect,base,blf,283,7.3721,6.8478,8.1085,7.4663,0.6759,35
insect,base,blf,284,7.3721,6.8478,8.1112,7.4680,0.6762,35
insect,base,blf,285,7.3721,6.8485,8.1112,7.4694,0.6765,35
insect,base,blf,286,7.3721,6.8485,8.1112,7.4705,0.6775,35
insect,base,blf,287,7.3755,6.8495,8.1112,7.4721,0.6785,35
insect,base,blf,288,7.3755,6.8501,8.1112,7.4727,0.6781,35
insect,base,blf,289,7.3755,6.8501,8.1117,7.4739,0.6791,35
insect,base,blf,290,7.3755,6.8501,8.1139,7.4757,0.6799,35
insect,base,blf,291,7.3755,6.8508,8.1139,7.4773,0.6800,35
insect,base,blf,292,7.3843,6.8508,8.1200,7.4783,0.6798,35
insect,base,blf,293,7.3843,6.8508,8.1333,7.4793,0.6806,35
insect,base,blf,294,7.3843,6.8508,8.1334,7.4795,0.6806,35
insect,base,blf,295,7.3915,6.8513,8.1334,7.4815,0.6813,35
insect,base,blf,296,7.3915,6.8557,8.1435,7.4831,0.6822,35
insect,base,blf,297,7.3915,6.8558,8.1474,7.4855,0.6832,35
insect,base,blf,298,7.3915,6.8565,8.1474,7.4857,0.6833,35
insect,base,blf,299,7.3915,6.8565,8.1474,7.4874,0.6845,35
insect,base,blf,300,7.3915,6.8568,8.1474,7.4877,0.6844,35
insect,phi,uncoupled,1,2.0607,1.6533,2.5828,2.1414,0.6292,35
insect,phi,uncoupled,2,2.3923,1.9633,2.7956,2.3472,0.5474,35
insect,phi,uncoupled,3,2.7280,2.3825,3.1066,2.7181,0.6347,35
insect,phi,uncoupled,4,2.9755,2.6435,3.1936,2.9023,0.5910,35
insect,phi,uncoupled,5,3.0129,2.8538,3.4979,3.1558,0.6184,35
insect,phi,uncoupled,6,3.0559,2.8766,3.6390,3.2724,0.6555,35
insect,phi,uncoupled,7,3.2250,2.8766,3.9857,3.3996,0.7011,35
insect,phi,uncoupled,8,3.3144,2.9863,3.9857,3.4406,0.6679,35
insect,phi,uncoupled,9,3.4611,3.1341,3.9939,3.5247,0.6334,35
insect,phi,uncoupled,10,3.6363,3.2136,4.0429,3.6550,0.6196,35
insect,phi,uncoupled,11,3.7831,3.3953,4.1717,3.7612,0.5819,35
insect,phi,uncoupled,12,3.9846,3.4645,4.3524,3.9195,0.5790,35
insect,phi,uncoupled,13,4.0011,3.6506,4.4059,4.0100,0.5344,35
insect,phi,uncoupled,14,4.0022,3.6506,4.4662,4.0526,0.5488,35
insect,phi,uncoupled,15,4.1873,3.6908,4.5242,4.1176,0.5596,35
insect,phi,uncoupled,16,4.2426,3.7527,4.5808,4.1871,0.6041,35
insect,phi,uncoupled,17,4.2753,3.7527,4.6027,4.2055,0.6123,35
insect,phi,uncoupled,18,4.3256,3.9525,4.6514,4.2580,0.6160,35
insect,phi,uncoupled,19,4.3886,3.9727,4.6514,4.3315,0.5585,35
insect,phi,uncoupled,20,4.4384,4.0516,4.7404,4.4165,0.5279,35
insect,phi,uncoupled,21,4.4482,4.0516,4.7404,4.4224,0.5353,35
insect,phi,uncoupled,22,4.4482,4.0516,4.7733,4.4284,0.5422,35
insect,phi,uncoupled,23,4.5544,4.0516,4.9102,4.5037,0.6226,35
insect,phi,uncoupled,24,4.5544,4.0516,4.9102,4.5037,0.6226,35
insect,phi,uncoupled,25,4.5544,4.0516,4.9102,4.5037,0.6226,35
insect,phi,uncoupled,26,4.5581,4.1308,4.9102,4.5357,0.6103,35
insect,phi,uncoupled,27,4.5982,4.1308,4.9206,4.5680,0.6410,35
insect,phi,uncoupled,28,4.5982,4.1308,4.9938,4.5955,0.6662,35
insect,phi,uncoupled,29,4.5982,4.1830,4.9938,4.6166,0.6512,35
insect,phi,uncoupled,30,4.6072,4.1914,4.9938,4.6436,0.6485,35
insect,phi,uncoupled,31,4.6072,4.1914,4.9938,4.6454,0.6520,35
insect,phi,uncoupled,32,4.6476,4.2397,4.9938,4.7029,0.6396,35
insect,phi,uncoupled,33,4.6551,4.3150,5.1434,4.7580,0.6415,35
insect,phi,uncoupled,34,4.8509,4.3685,5.1434,4.7921,0.6381,35
insect,phi,uncoupled,35,4.8796,4.3685,5.2939,4.8858,0.7418,35
insect,phi,uncoupled,36,4.8796,4.3685,5.2973,4.8985,0.7263,35
insect,phi,uncoupled,37,4.8796,4.4104,5.2973,4.9209,0.6930,35
insect,phi,uncoupled,38,4.9387,4.5183,5.3359,4.9713,0.6929,35
insect,phi,uncoupled,39,4.9387,4.5183,5.3704,4.9796,0.6995,35
insect,phi,uncoupled,40,4.9387,4.5183,5.3704,4.9828,0.6979,35
insect,phi,uncoupled,41,4.9923,4.6046,5.3958,5.0295,0.7057,35
insect,phi,uncoupled,42,4.9923,4.6046,5.4262,5.0505,0.7142,35
insect,phi,uncoupled,43,4.9953,4.6847,5.4262,5.0855,0.7061,35
insect,phi,uncoupled,44,4.9953,4.7404,5.4262,5.1060,0.6920,35
insect,phi,uncoupled,45,4.9953,4.7404,5.5885,5.1507,0.7513,35
insect,phi,uncoupled,46,5.0083,4.7404,5.5885,5.1741,0.7304,35
insect,phi,uncoupled,47,5.0262,4.7449,5.5885,5.1953,0.7319,35
insect,phi,uncoupled,48,5.0262,4.7449,5.5885,5.1998,0.7302,35
insect,phi,uncoupled,49,5.0262,4.7449,5.7335,5.2272,0.7432,35
insect,phi,uncoupled,50,5.0262,4.7449,5.8112,5.2525,0.7739,35
insect,phi,uncoupled,51,5.1039,4.7449,5.8112,5.2708,0.7696,35
insect,phi,uncoupled,52,5.1216,4.8095,5.8112,5.2951,0.7605,35
insect,phi,uncoupled,53,5.1216,4.8095,5.8529,5.2974,0.7625,35
insect,phi,uncoupled,54,5.2094,4.8095,5.8888,5.3439,0.7802,35
insect,phi,uncoupled,55,5.2094,4.8533,5.8888,5.3528,0.7874,35
insect,phi,uncoupled,56,5.2117,4.8533,5.8888,5.3640,0.7854,35
insect,phi,uncoupled,57,5.2117,4.8533,5.9172,5.3763,0.7999,35
insect,phi,uncoupled,58,5.2117,4.8533,5.9172,5.3843,0.8041,35
insect,phi,uncoupled,59,5.2391,4.9566,5.9172,5.4177,0.7791,35
insect,phi,uncoupled,60,5.2391,4.9566,5.9172,5.4246,0.7890,35
insect,phi,uncoupled,61,5.2750,4.9915,5.9316,5.4589,0.7922,35
insect,phi,uncoupled,62,5.3596,4.9915,5.9316,5.4784,0.7765,35
insect,phi,uncoupled,63,5.3596,4.9915,5.9516,5.4860,0.7767,35
insect,phi,uncoupled,64,5.3596,4.9915,5.9516,5.5043,0.7994,35
insect,phi,uncoupled,65,5.3596,5.0172,6.1951,5.5288,0.8010,35
insect,phi,uncoupled,66,5.3596,5.0385,6.1951,5.5445,0.8049,35
insect,phi,uncoupled,67,5.3596,5.0385,6.1951,5.5514,0.8138,35
insect,phi,uncoupled,68,5.3596,5.0385,6.1951,5.5520,0.8141,35
insect,phi,uncoupled,69,5.3596,5.0385,6.1951,5.5555,0.8137,35
insect,phi,uncoupled,70,5.3852,5.0385,6.1951,5.5932,0.8044,35
insect,phi,uncoupled,71,5.4352,5.0385,6.1951,5.6324,0.7980,35
insect,phi,uncoupled,72,5.4445,5.1240,6.1951,5.6915,0.7811,35
insect,phi,uncoupled,73,5.6079,5.1690,6.2842,5.7274,0.7837,35
insect,phi,uncoupled,74,5.6079,5.1690,6.4738,5.7566,0.8004,35
insect,phi,uncoupled,75,5.6079,5.1690,6.4738,5.7717,0.8179,35
insect,phi,uncoupled,76,5.6079,5.1872,6.5285,5.7998,0.8352,35
insect,phi,uncoupled,77,5.6079,5.1872,6.5373,5.8254,0.8491,35
insect,phi,uncoupled,78,5.6084,5.1872,6.5373,5.8550,0.8720,35
insect,phi,uncoupled,79,5.6084,5.1872,6.5373,5.8657,0.8766,35
insect,phi,uncoupled,80,5.6084,5.3550,6.5373,5.8995,0.8663,35
insect,phi,uncoupled,81,5.6585,5.3550,6.5373,5.9235,0.8578,35
insect,phi,uncoupled,82,5.6585,5.4289,6.7668,5.9590,0.8606,35
insect,phi,uncoupled,83,5.6585,5.4289,6.7668,6.0035,0.8561,35
insect,phi,uncoupled,84,5.8054,5.4398,6.7668,6.0345,0.8489,35
insect,phi,uncoupled,85,5.8234,5.4512,6.7668,6.0456,0.8492,35
insect,phi,uncoupled,86,5.8234,5.4512,6.7688,6.0551,0.8579,35
insect,phi,uncoupled,87,5.8234,5.4727,6.7688,6.0569,0.8565,35
insect,phi,uncoupled,88,5.9471,5.4884,6.7688,6.1077,0.8677,35
insect,phi,uncoupled,89,5.9471,5.4884,6.7688,6.1189,0.8742,35
insect,phi,uncoupled,90,5.9489,5.4884,6.8223,6.1373,0.8763,35
insect,phi,uncoupled,91,5.9523,5.5774,6.9458,6.1814,0.8866,35
insect,phi,uncoupled,92,5.9580,5.6214,6.9512,6.2047,0.8550,35
insect,phi,uncoupled,93,6.0188,5.7186,6.9512,6.2384,0.8490,35
insect,phi,uncoupled,94,6.1793,5.7789,6.9512,6.3164,0.8238,35
insect,phi,uncoupled,95,6.1793,5.8251,7.0020,6.3548,0.8288,35
insect,phi,uncoupled,96,6.4240,5.8251,7.0020,6.3690,0.8325,35
insect,phi,uncoupled,97,6.4240,5.8251,7.0020,6.3806,0.8366,35
insect,phi,uncoupled,98,6.4240,5.8251,7.0020,6.3843,0.8395,35
insect,phi,uncoupled,99,6.4240,5.8251,7.0020,6.3906,0.8415,35
insect,phi,uncoupled,100,6.6512,5.8251,7.0774,6.4276,0.8479,35
insect,phi,uncoupled,101,6.6512,5.8452,7.0845,6.4575,0.8291,35
insect,phi,uncoupled,102,6.6512,5.8646,7.0996,6.4710,0.8291,35
insect,phi,uncoupled,103,6.6512,5.8693,7.1285,6.4936,0.8442,35
insect,phi,uncoupled,104,6.6571,5.9397,7.1285,6.5132,0.8340,35
insect,phi,uncoupled,105,6.6571,5.9397,7.1571,6.5397,0.8432,35
insect,phi,uncoupled,106,6.6571,5.9437,7.1571,6.5452,0.8454,35
insect,phi,uncoupled,107,6.6571,5.9534,7.1571,6.5589,0.8454,35
insect,phi,uncoupled,108,6.6571,5.9714,7.1571,6.5858,0.8403,35
insect,phi,uncoupled,109,6.6571,5.9714,7.1736,6.6010,0.8455,35
insect,phi,uncoupled,110,6.7218,5.9810,7.1877,6.6257,0.8493,35
insect,phi,uncoupled,111,6.8222,6.0011,7.1877,6.6363,0.8511,35
insect,phi,uncoupled,112,6.9470,6.0181,7.2022,6.6678,0.8551,35
insect,phi,uncoupled,113,6.9633,6.0181,7.2022,6.6920,0.8468,35
insect,phi,uncoupled,114,6.9633,6.0817,7.3417,6.7288,0.8502,35
insect,phi,uncoupled,115,6.9633,6.0834,7.3570,6.7485,0.8420,35
insect,phi,uncoupled,116,6.9633,6.0834,7.3992,6.7642,0.8453,35
insect,phi,uncoupled,117,6.9633,6.0834,7.4131,6.7719,0.8493,35
insect,phi,uncoupled,118,6.9633,6.1045,7.4131,6.7868,0.8356,35
insect,phi,uncoupled,119,7.0616,6.1402,7.4131,6.8148,0.8355,35
insect,phi,uncoupled,120,7.0616,6.1431,7.4676,6.8532,0.8174,35
insect,phi,uncoupled,121,7.0616,6.1755,7.4676,6.8688,0.8154,35
insect,phi,uncoupled,122,7.0616,6.1871,7.4676,6.8863,0.8139,35
insect,phi,uncoupled,123,7.0616,6.1871,7.4703,6.8864,0.8140,35
insect,phi,uncoupled,124,7.0616,6.2023,7.4703,6.8950,0.8151,35
insect,phi,uncoupled,125,7.0621,6.2023,7.4947,6.9150,0.8217,35
insect,phi,uncoupled,126,7.1264,6.2437,7.5363,6.9306,0.8218,35
insect,phi,uncoupled,127,7.1264,6.3231,7.5363,6.9402,0.8155,35
insect,phi,uncoupled,128,7.1438,6.3329,7.5534,6.9661,0.8211,35
insect,phi,uncoupled,129,7.1438,6.3616,7.5534,6.9737,0.8205,35
insect,phi,uncoupled,130,7.1624,6.3632,7.6447,6.9981,0.7990,35
insect,phi,uncoupled,131,7.1624,6.3632,7.7383,7.0233,0.7923,35
insect,phi,uncoupled,132,7.1624,6.3687,7.7383,7.0367,0.7836,35
insect,phi,uncoupled,133,7.1657,6.4281,7.7383,7.0450,0.7759,35
insect,phi,uncoupled,134,7.1657,6.4601,7.7597,7.0584,0.7821,35
insect,phi,uncoupled,135,7.1657,6.4879,7.7597,7.0881,0.7411,35
insect,phi,uncoupled,136,7.1868,6.4879,7.7699,7.1052,0.7395,35
insect,phi,uncoupled,137,7.2927,6.4879,7.7738,7.1211,0.7408,35
insect,phi,uncoupled,138,7.2927,6.6459,7.7738,7.1361,0.7351,35
insect,phi,uncoupled,139,7.2927,6.6459,7.7897,7.1430,0.7378,35
insect,phi,uncoupled,140,7.2927,6.6459,7.8201,7.1571,0.7382,35
insect,phi,uncoupled,141,7.2927,6.6459,7.8269,7.1755,0.7305,35
insect,phi,uncoupled,142,7.2995,6.6459,7.8269,7.1832,0.7290,35
insect,phi,uncoupled,143,7.2995,6.6655,7.8269,7.1900,0.7251,35
insect,phi,uncoupled,144,7.2995,6.6678,7.8269,7.2049,0.7161,35
insect,phi,uncoupled,145,7.3088,6.6678,7.8684,7.2205,0.7235,35
insect,phi,uncoupled,146,7.3097,6.6678,7.8684,7.2276,0.7260,35
insect,phi,uncoupled,147,7.3183,6.6700,7.8684,7.2485,0.7274,35
insect,phi,uncoupled,148,7.3224,6.6986,7.8684,7.2532,0.7249,35
insect,phi,uncoupled,149,7.3599,6.6986,7.8684,7.2593,0.7244,35
insect,phi,uncoupled,150,7.3599,6.6986,7.8684,7.2707,0.7155,35
insect,phi,uncoupled,151,7.4706,6.6986,7.8684,7.2827,0.7168,35
insect,phi,uncoupled,152,7.4706,6.6986,7.8684,7.2951,0.7209,35
insect,phi,uncoupled,153,7.4706,6.7219,7.9096,7.3106,0.7238,35
insect,phi,uncoupled,154,7.5140,6.7400,7.9096,7.3301,0.7177,35
insect,phi,uncoupled,155,7.5140,6.7400,7.9618,7.3473,0.7176,35
insect,phi,uncoupled,156,7.5140,6.7400,8.0153,7.3647,0.7293,35
insect,phi,uncoupled,157,7.5140,6.7871,8.0675,7.3787,0.7353,35
insect,phi,uncoupled,158,7.5140,6.8049,8.0675,7.3875,0.7357,35
insect,phi,uncoupled,159,7.5880,6.8049,8.0685,7.4004,0.7425,35
insect,phi,uncoupled,160,7.5892,6.8055,8.0766,7.4087,0.7433,35
insect,phi,uncoupled,161,7.6194,6.8193,8.0766,7.4207,0.7311,35
insect,phi,uncoupled,162,7.7280,6.8193,8.0766,7.4358,0.7343,35
insect,phi,uncoupled,163,7.8137,6.8454,8.0787,7.4518,0.7343,35
insect,phi,uncoupled,164,7.8137,6.8454,8.0915,7.4703,0.7510,35
insect,phi,uncoupled,165,7.8137,6.8454,8.0915,7.4773,0.7445,35
insect,phi,uncoupled,166,7.8137,6.8477,8.0915,7.4825,0.7465,35
insect,phi,uncoupled,167,7.8137,6.8477,8.0915,7.4980,0.7461,35
insect,phi,uncoupled,168,7.8137,6.8477,8.0994,7.5010,0.7467,35
insect,phi,uncoupled,169,7.8137,6.8649,8.0994,7.5058,0.7442,35
insect,phi,uncoupled,170,7.8137,6.8649,8.0994,7.5073,0.7456,35
insect,phi,uncoupled,171,7.8580,6.8890,8.0994,7.5141,0.7498,35
insect,phi,uncoupled,172,7.8580,6.9145,8.0994,7.5316,0.7435,35
insect,phi,uncoupled,173,7.8580,7.0360,8.0994,7.5457,0.7366,35
insect,phi,uncoupled,174,7.8580,7.0360,8.1161,7.5569,0.7409,35
insect,phi,uncoupled,175,7.8580,7.0360,8.1257,7.5608,0.7424,35
insect,phi,uncoupled,176,7.8979,7.0360,8.1257,7.5703,0.7448,35
insect,phi,uncoupled,177,7.8979,7.0360,8.1257,7.5750,0.7442,35
insect,phi,uncoupled,178,7.8979,7.0360,8.1257,7.5765,0.7446,35
insect,phi,uncoupled,179,7.8979,7.0360,8.1257,7.5789,0.7451,35
insect,phi,uncoupled,180,7.8979,7.0360,8.1257,7.5819,0.7423,35
insect,phi,uncoupled,181,7.8979,7.0486,8.1257,7.5945,0.7408,35
insect,phi,uncoupled,182,7.8979,7.0832,8.1257,7.6024,0.7397,35
insect,phi,uncoupled,183,7.8979,7.0832,8.1257,7.6072,0.7372,35
insect,phi,uncoupled,184,7.8979,7.0832,8.1299,7.6078,0.7371,35
insect,phi,uncoupled,185,7.8979,7.1842,8.1299,7.6191,0.7360,35
insect,phi,uncoupled,186,7.9227,7.1842,8.1838,7.6282,0.7418,35
insect,phi,uncoupled,187,7.9227,7.1978,8.1838,7.6309,0.7409,35
insect,phi,uncoupled,188,7.9227,7.1978,8.1838,7.6378,0.7345,35
insect,phi,uncoupled,189,7.9227,7.1978,8.1838,7.6445,0.7344,35
insect,phi,uncoupled,190,7.9227,7.2134,8.1842,7.6514,0.7367,35
insect,phi,uncoupled,191,7.9636,7.2134,8.2057,7.6598,0.7422,35
insect,phi,uncoupled,192,7.9636,7.2134,8.2334,7.6684,0.7440,35
insect,phi,uncoupled,193,7.9636,7.2134,8.2334,7.6702,0.7449,35
insect,phi,uncoupled,194,7.9636,7.2134,8.2334,7.6776,0.7457,35
insect,phi,uncoupled,195,7.9636,7.2160,8.2335,7.6803,0.7469,35
insect,phi,uncoupled,196,7.9636,7.2160,8.2420,7.6947,0.7245,35
insect,phi,uncoupled,197,7.9663,7.2160,8.2497,7.7008,0.7272,35
insect,phi,uncoupled,198,7.9675,7.2205,8.2497,7.7054,0.7290,35
insect,phi,uncoupled,199,7.9675,7.2217,8.2497,7.7076,0.7289,35
insect,phi,uncoupled,200,7.9953,7.2217,8.2655,7.7109,0.7303,35
insect,phi,uncoupled,201,7.9953,7.2298,8.2655,7.7175,0.7279,35
insect,phi,uncoupled,202,7.9953,7.2365,8.2677,7.7204,0.7277,35
insect,phi,uncoupled,203,8.0276,7.2365,8.2710,7.7250,0.7298,35
insect,phi,uncoupled,204,8.0276,7.2365,8.2782,7.7314,0.7293,35
insect,phi,uncoupled,205,8.0276,7.2451,8.2791,7.7353,0.7284,35
insect,phi,uncoupled,206,8.0276,7.2451,8.2810,7.7418,0.7246,35
insect,phi,uncoupled,207,8.0276,7.2452,8.2821,7.7549,0.7290,35
insect,phi,uncoupled,208,8.0276,7.2485,8.2842,7.7588,0.7307,35
insect,phi,uncoupled,209,8.0276,7.2572,8.2842,7.7611,0.7309,35
insect,phi,uncoupled,210,8.0276,7.2735,8.2900,7.7642,0.7301,35
insect,phi,uncoupled,211,8.0581,7.2735,8.2900,7.7672,0.7301,35
insect,phi,uncoupled,212,8.0581,7.2735,8.2961,7.7699,0.7310,35
insect,phi,uncoupled,213,8.0654,7.2735,8.3088,7.7761,0.7330,35
insect,phi,uncoupled,214,8.0666,7.2735,8.3088,7.7776,0.7342,35
insect,phi,uncoupled,215,8.0666,7.2737,8.3088,7.7803,0.7315,35
insect,phi,uncoupled,216,8.0666,7.2737,8.3109,7.7849,0.7284,35
insect,phi,uncoupled,217,8.0666,7.2737,8.3109,7.7897,0.7227,35
insect,phi,uncoupled,218,8.0666,7.2737,8.3109,7.7918,0.7245,35
insect,phi,uncoupled,219,8.0666,7.2737,8.3116,7.7966,0.7211,35
insect,phi,uncoupled,220,8.0723,7.2772,8.3116,7.7990,0.7206,35
insect,phi,uncoupled,221,8.0723,7.2772,8.3116,7.8022,0.7243,35
insect,phi,uncoupled,222,8.0723,7.2772,8.3116,7.8040,0.7254,35
insect,phi,uncoupled,223,8.0723,7.2811,8.3229,7.8063,0.7264,35
insect,phi,uncoupled,224,8.0723,7.2811,8.3229,7.8091,0.7273,35
insect,phi,uncoupled,225,8.0723,7.2811,8.3229,7.8131,0.7282,35
insect,phi,uncoupled,226,8.0723,7.2811,8.3229,7.8157,0.7291,35
insect,phi,uncoupled,227,8.0812,7.2811,8.3229,7.8176,0.7294,35
insect,phi,uncoupled,228,8.1477,7.2822,8.3229,7.8238,0.7295,35
insect,phi,uncoupled,229,8.1477,7.2826,8.3229,7.8289,0.7209,35
insect,phi,uncoupled,230,8.1575,7.2829,8.3277,7.8348,0.7233,35
insect,phi,uncoupled,231,8.1598,7.2829,8.3277,7.8361,0.7242,35
insect,phi,uncoupled,232,8.1626,7.2871,8.3286,7.8387,0.7212,35
insect,phi,uncoupled,233,8.1665,7.2871,8.3286,7.8401,0.7220,35
insect,phi,uncoupled,234,8.1803,7.2871,8.3286,7.8427,0.7241,35
insect,phi,uncoupled,235,8.1948,7.2894,8.3286,7.8437,0.7245,35
insect,phi,uncoupled,236,8.2000,7.2894,8.3296,7.8463,0.7253,35
insect,phi,uncoupled,237,8.2000,7.2899,8.3352,7.8491,0.7259,35
insect,phi,uncoupled,238,8.2000,7.2910,8.3394,7.8537,0.7285,35
insect,phi,uncoupled,239,8.2015,7.2917,8.3419,7.8591,0.7265,35
insect,phi,uncoupled,240,8.2015,7.2973,8.3419,7.8624,0.7272,35
insect,phi,uncoupled,241,8.2015,7.2973,8.3419,7.8651,0.7247,35
insect,phi,uncoupled,242,8.2032,7.2984,8.3449,7.8681,0.7270,35
insect,phi,uncoupled,243,8.2032,7.2987,8.3490,7.8698,0.7286,35
insect,phi,uncoupled,244,8.2067,7.2987,8.3490,7.8714,0.7268,35
insect,phi,uncoupled,245,8.2067,7.2987,8.3491,7.8749,0.7284,35
insect,phi,uncoupled,246,8.2067,7.3007,8.3491,7.8765,0.7288,35
insect,phi,uncoupled,247,8.2067,7.3007,8.3506,7.8770,0.7289,35
insect,phi,uncoupled,248,8.2067,7.3007,8.3551,7.8795,0.7279,35
insect,phi,uncoupled,249,8.2067,7.3007,8.3627,7.8808,0.7282,35
insect,phi,uncoupled,250,8.2067,7.3007,8.3632,7.8825,0.7289,35
insect,phi,uncoupled,251,8.2067,7.3007,8.3632,7.8843,0.7281,35
insect,phi,uncoupled,252,8.2074,7.3007,8.3759,7.8869,0.7297,35
insect,phi,uncoupled,253,8.2105,7.3007,8.3771,7.8894,0.7310,35
insect,phi,uncoupled,254,8.2105,7.3025,8.3773,7.8914,0.7309,35
insect,phi,uncoupled,255,8.2268,7.3025,8.3773,7.8949,0.7300,35
insect,phi,uncoupled,256,8.2348,7.3029,8.3773,7.8982,0.7296,35
insect,phi,uncoupled,257,8.2348,7.3043,8.3773,7.8993,0.7303,35
insect,phi,uncoupled,258,8.2369,7.3056,8.3773,7.9000,0.7307,35
insect,phi,uncoupled,259,8.2369,7.3056,8.3773,7.9028,0.7286,35
insect,phi,uncoupled,260,8.2369,7.3056,8.3826,7.9048,0.7295,35
insect,phi,uncoupled,261,8.2369,7.3056,8.3830,7.9078,0.7272,35
insect,phi,uncoupled,262,8.2369,7.3056,8.3830,7.9102,0.7245,35
insect,phi,uncoupled,263,8.2449,7.3056,8.3850,7.9129,0.7246,35
insect,phi,uncoupled,264,8.2449,7.3056,8.3927,7.9163,0.7263,35
insect,phi,uncoupled,265,8.2449,7.3056,8.3977,7.9182,0.7253,35
insect,phi,uncoupled,266,8.2449,7.3177,8.3977,7.9244,0.7221,35
insect,phi,uncoupled,267,8.2504,7.3177,8.3977,7.9254,0.7226,35
insect,phi,uncoupled,268,8.2565,7.3177,8.4002,7.9263,0.7231,35
insect,phi,uncoupled,269,8.2565,7.3177,8.4085,7.9273,0.7227,35
insect,phi,uncoupled,270,8.2613,7.3177,8.4085,7.9288,0.7238,35
insect,phi,uncoupled,271,8.2613,7.3177,8.4135,7.9295,0.7242,35
insect,phi,uncoupled,272,8.2621,7.3407,8.4135,7.9315,0.7234,35
insect,phi,uncoupled,273,8.2621,7.3407,8.4236,7.9328,0.7242,35
insect,phi,uncoupled,274,8.2621,7.3407,8.4240,7.9334,0.7242,35
insect,phi,uncoupled,275,8.2621,7.3528,8.4240,7.9347,0.7233,35
insect,phi,uncoupled,276,8.2621,7.3528,8.4257,7.9356,0.7236,35
insect,phi,uncoupled,277,8.2621,7.3677,8.4273,7.9390,0.7227,35
insect,phi,uncoupled,278,8.2621,7.3677,8.4273,7.9400,0.7228,35
insect,phi,uncoupled,279,8.2621,7.3677,8.4273,7.9428,0.7235,35
insect,phi,uncoupled,280,8.2621,7.3677,8.4301,7.9436,0.7232,35
insect,phi,uncoupled,281,8.2621,7.3677,8.4301,7.9444,0.7231,35
insect,phi,uncoupled,282,8.2621,7.3677,8.4301,7.9448,0.7231,35
insect,phi,uncoupled,283,8.2621,7.3677,8.4301,7.9461,0.7240,35
insect,phi,uncoupled,284,8.2655,7.3837,8.4314,7.9476,0.7234,35
insect,phi,uncoupled,285,8.2655,7.3856,8.4314,7.9484,0.7235,35
insect,phi,uncoupled,286,8.2703,7.3861,8.4314,7.9493,0.7239,35
insect,phi,uncoupled,287,8.2703,7.3861,8.4314,7.9498,0.7242,35
insect,phi,uncoupled,288,8.2703,7.3861,8.4314,7.9511,0.7248,35
insect,phi,uncoupled,289,8.2703,7.3861,8.4314,7.9523,0.7256,35
insect,phi,uncoupled,290,8.2703,7.4002,8.4314,7.9545,0.7258,35
insect,phi,uncoupled,291,8.2732,7.4163,8.4358,7.9559,0.7253,35
insect,phi,uncoupled,292,8.2732,7.4163,8.4367,7.9569,0.7260,35
insect,phi,uncoupled,293,8.2732,7.4163,8.4386,7.9578,0.7267,35
insect,phi,uncoupled,294,8.2732,7.4207,8.4394,7.9591,0.7270,35
insect,phi,uncoupled,295,8.2732,7.4207,8.4394,7.9593,0.7272,35
insect,phi,uncoupled,296,8.2780,7.4207,8.4394,7.9599,0.7269,35
insect,phi,uncoupled,297,8.2829,7.4268,8.4425,7.9607,0.7267,35
insect,phi,uncoupled,298,8.2829,7.4268,8.4464,7.9612,0.7270,35
insect,phi,uncoupled,299,8.2829,7.4268,8.4464,7.9619,0.7269,35
insect,phi,uncoupled,300,8.2829,7.4268,8.4464,7.9626,0.7271,35
queen,base,blf,1,1.4874,1.2711,1.6425,1.6165,0.7751,35
queen,base,blf,2,1.6389,1.4491,1.7894,1.7684,0.7262,35
queen,base,blf,3,1.7448,1.5438,2.0501,1.9198,0.7109,35
queen,base,blf,4,1.8104,1.6313,2.5715,2.1454,0.7722,35
queen,base,blf,5,2.2028,1.7706,2.6446,2.2984,0.7340,35
queen,base,blf,6,2.3697,2.2110,2.6953,2.5320,0.7047,35
queen,base,blf,7,2.3869,2.2677,2.8052,2.6272,0.6725,35
queen,base,blf,8,2.7197,2.2781,2.9197,2.7689,0.7257,35
queen,base,blf,9,2.8764,2.6128,3.1953,3.0100,0.7160,35
queen,base,blf,10,2.9651,2.7857,3.4165,3.1840,0.7173,35
queen,base,blf,11,2.9651,2.7857,3.4663,3.2347,0.7098,35
queen,base,blf,12,3.2123,2.8124,3.5995,3.3107,0.6988,35
queen,base,blf,13,3.3535,2.8881,3.8690,3.4773,0.8017,35
queen,base,blf,14,3.3690,2.8881,3.9344,3.5132,0.8005,35
queen,base,blf,15,3.3739,2.9053,3.9723,3.5423,0.7889,35
queen,base,blf,16,3.4294,3.0209,3.9723,3.5629,0.7809,35
queen,base,blf,17,3.4294,3.0209,3.9723,3.5730,0.7754,35
queen,base,blf,18,3.4555,3.1863,4.1113,3.6308,0.7686,35
queen,base,blf,19,3.5609,3.1863,4.1113,3.6776,0.7400,35
queen,base,blf,20,3.5609,3.1863,4.2100,3.7136,0.7634,35
queen,base,blf,21,3.5609,3.1863,4.2100,3.7144,0.7638,35
queen,base,blf,22,3.6147,3.2230,4.2100,3.7543,0.7499,35
queen,base,blf,23,3.6147,3.2343,4.2692,3.8111,0.7462,35
queen,base,blf,24,3.9986,3.2343,4.3708,3.8690,0.7531,35
queen,base,blf,25,4.0394,3.2702,4.5842,3.9363,0.7626,35
queen,base,blf,26,4.0394,3.2702,4.5842,3.9363,0.7626,35
queen,base,blf,27,4.0394,3.2918,4.6119,3.9530,0.7634,35
queen,base,blf,28,4.0437,3.3493,4.7914,4.0617,0.8241,35
queen,base,blf,29,4.0861,3.3521,4.8579,4.1232,0.8434,35
queen,base,blf,30,4.2789,3.5462,4.9018,4.2377,0.8635,35
queen,base,blf,31,4.2789,3.5555,4.9575,4.2640,0.8659,35
queen,base,blf,32,4.2789,3.5555,5.0396,4.3772,0.9393,35
queen,base,blf,33,4.2789,3.6048,5.0396,4.4007,0.9148,35
queen,base,blf,34,4.4628,3.7598,5.3294,4.5364,0.9481,35
queen,base,blf,35,4.7000,3.8951,5.3294,4.5875,0.9306,35
queen,base,blf,36,4.7000,4.0204,5.3294,4.6692,1.0276,35
queen,base,blf,37,4.7233,4.0204,5.4112,4.7501,1.1203,35
queen,base,blf,38,4.7233,4.0204,5.4112,4.7550,1.1240,35
queen,base,blf,39,4.7233,4.0204,5.4112,4.7550,1.1240,35
queen,base,blf,40,4.7233,4.0204,5.4112,4.7583,1.1179,35
queen,base,blf,41,4.7477,4.0204,5.4112,4.7693,1.1062,35
queen,base,blf,42,4.7477,4.0204,5.5549,4.7904,1.1129,35
queen,base,blf,43,4.7477,4.0204,5.5549,4.7904,1.1129,35
queen,base,blf,44,4.7477,4.1102,5.6675,4.8272,1.1293,35
queen,base,blf,45,4.7477,4.1351,5.6675,4.8598,1.0939,35
queen,base,blf,46,4.8883,4.1546,5.6974,4.9176,1.0890,35
queen,base,blf,47,4.8883,4.1873,5.6974,4.9575,1.0927,35
queen,base,blf,48,4.8883,4.1873,5.6974,4.9575,1.0927,35
queen,base,blf,49,4.9060,4.2106,5.7136,5.0457,1.1491,35
queen,base,blf,50,4.9060,4.2106,5.7803,5.0963,1.1968,35
queen,base,blf,51,4.9079,4.2579,5.7803,5.1119,1.1895,35
queen,base,blf,52,5.0196,4.3248,5.7803,5.1387,1.1826,35
queen,base,blf,53,5.0470,4.3280,5.9155,5.2041,1.1997,35
queen,base,blf,54,5.0470,4.3280,6.0429,5.2264,1.2089,35
queen,base,blf,55,5.0503,4.3758,6.0429,5.2549,1.1974,35
queen,base,blf,56,5.0503,4.3758,6.0429,5.2573,1.1964,35
queen,base,blf,57,5.1913,4.3758,6.0429,5.3080,1.1598,35
queen,base,blf,58,5.2073,4.3758,6.0429,5.3171,1.1636,35
queen,base,blf,59,5.2073,4.3758,6.0429,5.3648,1.2457,35
queen,base,blf,60,5.2512,4.3758,6.2157,5.4123,1.2894,35
queen,base,blf,61,5.2993,4.3758,6.4269,5.4833,1.3296,35
queen,base,blf,62,5.2993,4.3758,6.7098,5.5390,1.3641,35
queen,base,blf,63,5.3457,4.3758,6.7098,5.5608,1.3616,35
queen,base,blf,64,5.3595,4.3758,6.7098,5.5694,1.3603,35
queen,base,blf,65,5.3595,4.3758,6.7098,5.5779,1.3608,35
queen,base,blf,66,5.3595,4.3758,6.7098,5.5779,1.3608,35
queen,base,blf,67,5.3595,4.3758,6.7098,5.5964,1.3766,35
queen,base,blf,68,5.3595,4.3758,6.8062,5.6061,1.3873,35
queen,base,blf,69,5.3595,4.4059,6.9376,5.6948,1.4086,35
queen,base,blf,70,5.3977,4.6090,6.9462,5.7347,1.4191,35
queen,base,blf,71,5.3977,4.6090,6.9462,5.7560,1.4523,35
queen,base,blf,72,5.4993,4.6090,6.9462,5.7959,1.4693,35
queen,base,blf,73,5.4993,4.6090,6.9462,5.7959,1.4693,35
queen,base,blf,74,5.4993,4.6259,6.9462,5.8108,1.4831,35
queen,base,blf,75,5.4993,4.6259,6.9462,5.8108,1.4831,35
queen,base,blf,76,5.4993,4.6259,7.2274,5.8432,1.5191,35
queen,base,blf,77,5.4993,4.6259,7.2274,5.8661,1.5394,35
queen,base,blf,78,5.7204,4.6259,7.2274,5.8939,1.5441,35
queen,base,blf,79,5.7204,4.6259,7.2274,5.9064,1.5409,35
queen,base,blf,80,5.7204,4.6259,7.2274,5.9065,1.5408,35
queen,base,blf,81,5.7204,4.6259,7.2397,5.9458,1.5554,35
queen,base,blf,82,5.7204,4.6259,7.2397,5.9845,1.5988,35
queen,base,blf,83,5.7651,4.6259,7.2397,6.0143,1.5964,35
queen,base,blf,84,5.7651,4.6259,7.2397,6.0441,1.6461,35
queen,base,blf,85,6.0853,4.6259,7.2397,6.0726,1.6190,35
queen,base,blf,86,6.0853,4.6259,7.2397,6.0930,1.6272,35
queen,base,blf,87,6.0853,4.6259,7.2397,6.1092,1.6327,35
queen,base,blf,88,6.0853,4.6259,7.2397,6.1228,1.6521,35
queen,base,blf,89,6.1461,4.6259,7.2397,6.1852,1.6832,35
queen,base,blf,90,6.1461,4.6277,7.2397,6.2255,1.6896,35
queen,base,blf,91,6.6130,4.6277,7.3592,6.3032,1.6928,35
queen,base,blf,92,6.6130,4.8756,7.3592,6.3557,1.6808,35
queen,base,blf,93,6.6687,4.8756,7.3592,6.4027,1.6601,35
queen,base,blf,94,6.6687,4.8756,7.3592,6.4151,1.6790,35
queen,base,blf,95,6.6687,4.8794,7.3592,6.4342,1.6717,35
queen,base,blf,96,6.6687,4.8794,7.3592,6.4503,1.6574,35
queen,base,blf,97,6.6687,4.8794,7.6724,6.4808,1.6807,35
queen,base,blf,98,6.6708,4.8794,7.6724,6.4928,1.6713,35
queen,base,blf,99,6.6708,4.8794,7.6724,6.5071,1.6890,35
queen,base,blf,100,6.6708,4.8794,7.6724,6.5181,1.6754,35
queen,base,blf,101,6.6708,4.8989,7.6724,6.5274,1.6756,35
queen,base,blf,102,6.7288,4.9492,7.6724,6.5567,1.6709,35
queen,base,blf,103,6.7288,4.9492,7.8571,6.5787,1.6766,35
queen,base,blf,104,6.9371,4.9492,7.8617,6.6159,1.6924,35
queen,base,blf,105,6.9371,4.9492,7.8617,6.6324,1.6882,35
queen,base,blf,106,6.9371,4.9492,7.8617,6.6397,1.6957,35
queen,base,blf,107,6.9371,5.1287,7.8617,6.6924,1.6486,35
queen,base,blf,108,6.9371,5.1287,7.9491,6.7027,1.6525,35
queen,base,blf,109,7.1660,5.1287,7.9491,6.7545,1.6165,35
queen,base,blf,110,7.1660,5.1287,7.9927,6.7584,1.6199,35
queen,base,blf,111,7.1660,5.1287,7.9927,6.7683,1.6139,35
queen,base,blf,112,7.1660,5.1287,8.0314,6.7738,1.6186,35
queen,base,blf,113,7.2299,5.2723,8.0314,6.8487,1.5835,35
queen,base,blf,114,7.2299,5.2723,8.0314,6.8725,1.5964,35
queen,base,blf,115,7.2299,5.4671,8.1603,6.9136,1.5690,35
queen,base,blf,116,7.2299,5.4671,8.1603,6.9203,1.5727,35
queen,base,blf,117,7.2299,5.4671,8.1603,6.9374,1.5941,35
queen,base,blf,118,7.2299,5.4671,8.1603,6.9567,1.6001,35
queen,base,blf,119,7.2299,5.4671,8.1603,6.9638,1.5955,35
queen,base,blf,120,7.2299,5.4671,8.2594,6.9708,1.5999,35
queen,base,blf,121,7.2299,5.4671,8.2594,6.9740,1.6012,35
queen,base,blf,122,7.2299,5.4677,8.3359,7.0049,1.6155,35
queen,base,blf,123,7.2299,5.4677,8.5106,7.0175,1.6279,35
queen,base,blf,124,7.3238,5.5280,8.5106,7.0429,1.6385,35
queen,base,blf,125,7.3238,5.5280,8.5670,7.0781,1.6274,35
queen,base,blf,126,7.3238,5.5280,8.5670,7.0781,1.6274,35
queen,base,blf,127,7.3238,5.5280,8.5670,7.0801,1.6296,35
queen,base,blf,128,7.3238,5.5280,8.5670,7.0891,1.6395,35
queen,base,blf,129,7.3238,5.5280,8.5670,7.1033,1.6427,35
queen,base,blf,130,7.3238,5.5280,8.5670,7.1328,1.6596,35
queen,base,blf,131,7.3238,5.5280,8.5670,7.1461,1.6641,35
queen,base,blf,132,7.3238,5.6102,8.5670,7.1618,1.6463,35
queen,base,blf,133,7.3238,5.6102,8.6041,7.1663,1.6508,35
queen,base,blf,134,7.3238,5.6102,8.6041,7.1830,1.6583,35
queen,base,blf,135,7.3238,5.6102,8.7029,7.1964,1.6684,35
queen,base,blf,136,7.3238,5.6102,8.7901,7.2160,1.6546,35
queen,base,blf,137,7.3238,5.6102,8.7901,7.2164,1.6551,35
queen,base,blf,138,7.3238,5.6102,8.7901,7.2164,1.6551,35
queen,base,blf,139,7.3238,5.6102,8.7901,7.2435,1.6764,35
queen,base,blf,140,7.3238,5.6102,8.7901,7.2520,1.6819,35
queen,base,blf,141,7.3238,5.6102,8.8563,7.2623,1.6907,35
queen,base,blf,142,7.3238,5.6187,8.8563,7.2647,1.6877,35
queen,base,blf,143,7.5858,5.6187,8.8563,7.2831,1.6945,35
queen,base,blf,144,7.5858,5.6187,8.8563,7.2831,1.6945,35
queen,base,blf,145,7.5858,5.6187,8.8563,7.2880,1.6934,35
queen,base,blf,146,7.6510,5.6187,8.8563,7.2974,1.6915,35
queen,base,blf,147,7.6510,5.6187,8.8563,7.3076,1.6996,35
queen,base,blf,148,7.6510,5.6397,8.8563,7.3205,1.6895,35
queen,base,blf,149,7.6510,5.6397,8.8563,7.3395,1.6944,35
queen,base,blf,150,7.6510,5.6397,8.8563,7.3400,1.6948,35
queen,base,blf,151,7.6565,5.6397,8.8563,7.3587,1.6905,35
queen,base,blf,152,8.0551,5.6822,8.9062,7.4172,1.7163,35
queen,base,blf,153,8.0551,5.6822,8.9171,7.4470,1.7180,35
queen,base,blf,154,8.0551,5.6822,9.0747,7.5044,1.7661,35
queen,base,blf,155,8.0551,5.6822,9.0747,7.5106,1.7666,35
queen,base,blf,156,8.0551,5.6822,9.0747,7.5158,1.7732,35
queen,base,blf,157,8.0551,5.6822,9.0747,7.5234,1.7719,35
queen,base,blf,158,8.0551,5.6822,9.1022,7.5333,1.7750,35
queen,base,blf,159,8.0551,5.6822,9.1022,7.5421,1.7814,35
queen,base,blf,160,8.0551,5.6822,9.1772,7.5551,1.7847,35
queen,base,blf,161,8.0551,5.6822,9.1772,7.5602,1.7903,35
queen,base,blf,162,8.0551,5.6822,9.1772,7.5768,1.7982,35
queen,base,blf,163,8.0551,5.6822,9.2036,7.5805,1.8014,35
queen,base,blf,164,8.1302,5.6822,9.2036,7.5878,1.8000,35
queen,base,blf,165,8.1328,5.6822,9.2036,7.6100,1.7775,35
queen,base,blf,166,8.1764,5.6822,9.2036,7.6142,1.7791,35
queen,base,blf,167,8.1764,5.6822,9.3213,7.6508,1.8138,35
queen,base,blf,168,8.1764,5.6822,9.3213,7.6629,1.8253,35
queen,base,blf,169,8.3167,5.6822,9.3577,7.6830,1.8326,35
queen,base,blf,170,8.3167,5.6822,9.3577,7.6845,1.8328,35
queen,base,blf,171,8.3167,5.6822,9.3577,7.6845,1.8328,35
queen,base,blf,172,8.3315,5.6822,9.3723,7.7057,1.8335,35
queen,base,blf,173,8.3556,5.6822,9.3723,7.7185,1.8340,35
queen,base,blf,174,8.3556,5.9356,9.3723,7.7355,1.8144,35
queen,base,blf,175,8.3556,5.9676,9.3723,7.7678,1.8016,35
queen,base,blf,176,8.7503,5.9676,9.3723,7.7905,1.8013,35
queen,base,blf,177,8.7503,5.9676,9.3723,7.7912,1.8001,35
queen,base,blf,178,8.7503,5.9744,9.3723,7.8015,1.8002,35
queen,base,blf,179,8.8581,5.9744,9.3723,7.8127,1.8000,35
queen,base,blf,180,8.8581,5.9744,9.3723,7.8132,1.7993,35
queen,base,blf,181,8.8581,5.9744,9.3788,7.8146,1.7984,35
queen,base,blf,182,8.8581,5.9744,9.3788,7.8251,1.8048,35
queen,base,blf,183,8.8658,6.1273,9.4021,7.8420,1.8002,35
queen,base,blf,184,8.8658,6.1273,9.4021,7.8496,1.7966,35
queen,base,blf,185,8.8658,6.1273,9.4352,7.8606,1.7987,35
queen,base,blf,186,8.8658,6.2185,9.4352,7.8798,1.8026,35
queen,base,blf,187,8.8658,6.2359,9.4352,7.9021,1.8133,35
queen,base,blf,188,8.8658,6.3044,9.4352,7.9112,1.8086,35
queen,base,blf,189,8.8658,6.3073,9.4352,7.9114,1.8085,35
queen,base,blf,190,8.8658,6.3138,9.4455,7.9320,1.8253,35
queen,base,blf,191,8.8658,6.3161,9.4651,7.9359,1.8281,35
queen,base,blf,192,9.0079,6.3161,9.4651,7.9525,1.8387,35
queen,base,blf,193,9.0079,6.3161,9.4651,7.9525,1.8387,35
queen,base,blf,194,9.0079,6.3280,9.5010,7.9608,1.8324,35
queen,base,blf,195,9.0079,6.4336,9.5010,7.9783,1.8202,35
queen,base,blf,196,9.0079,6.4336,9.5222,7.9883,1.8113,35
queen,base,blf,197,9.0079,6.4336,9.5222,7.9942,1.8147,35
queen,base,blf,198,9.0079,6.4534,9.5222,8.0043,1.8096,35
queen,base,blf,199,9.0079,6.4534,9.6010,8.0212,1.8261,35
queen,base,blf,200,9.0079,6.4534,9.6231,8.0301,1.8332,35
queen,base,blf,201,9.0079,6.4745,9.7141,8.0422,1.8319,35
queen,base,blf,202,9.0079,6.4745,9.7232,8.0647,1.8510,35
queen,base,blf,203,9.0361,6.4745,9.7232,8.0710,1.8549,35
queen,base,blf,204,9.0548,6.4745,9.7232,8.0813,1.8614,35
queen,base,blf,205,9.0548,6.4745,9.7246,8.0872,1.8552,35
queen,base,blf,206,9.1148,6.4745,9.8092,8.1117,1.8651,35
queen,base,blf,207,9.1148,6.4745,9.8092,8.1133,1.8655,35
queen,base,blf,208,9.1148,6.4745,9.8092,8.1201,1.8562,35
queen,base,blf,209,9.1673,6.4745,9.8092,8.1282,1.8595,35
queen,base,blf,210,9.1673,6.4745,9.9268,8.1396,1.8679,35
queen,base,blf,211,9.1673,6.4745,9.9306,8.1609,1.8651,35
queen,base,blf,212,9.1673,6.4745,9.9306,8.1654,1.8680,35
queen,base,blf,213,9.1673,6.4760,9.9306,8.1667,1.8678,35
queen,base,blf,214,9.1673,6.4760,9.9306,8.1679,1.8691,35
queen,base,blf,215,9.1673,6.4834,9.9306,8.1778,1.8621,35
queen,base,blf,216,9.1673,6.4834,9.9306,8.1901,1.8566,35
queen,base,blf,217,9.1673,6.4834,9.9306,8.1967,1.8626,35
queen,base,blf,218,9.1673,6.4965,9.9306,8.2025,1.8616,35
queen,base,blf,219,9.1673,6.4965,9.9306,8.2039,1.8610,35
queen,base,blf,220,9.1673,6.4965,9.9306,8.2157,1.8607,35
queen,base,blf,221,9.1673,6.4965,9.9306,8.2253,1.8570,35
queen,base,blf,222,9.1673,6.4965,9.9306,8.2347,1.8538,35
queen,base,blf,223,9.1673,6.4984,9.9306,8.2574,1.8661,35
queen,base,blf,224,9.1701,6.4984,9.9802,8.2682,1.8689,35
queen,base,blf,225,9.1701,6.4984,9.9802,8.2687,1.8687,35
queen,base,blf,226,9.1701,6.4984,9.9802,8.2743,1.8664,35
queen,base,blf,227,9.1701,6.4984,9.9802,8.2871,1.8748,35
queen,base,blf,228,9.1701,6.4984,9.9889,8.2980,1.8718,35
queen,base,blf,229,9.1701,6.5227,9.9889,8.3015,1.8685,35
queen,base,blf,230,9.2141,6.5227,9.9889,8.3052,1.8723,35
queen,base,blf,231,9.2141,6.5329,9.9889,8.3295,1.8960,35
queen,base,blf,232,9.2278,6.5329,9.9889,8.3316,1.8974,35
queen,base,blf,233,9.2278,6.5495,9.9889,8.3340,1.8953,35
queen,base,blf,234,9.2278,6.5495,9.9931,8.3382,1.8990,35
queen,base,blf,235,9.2278,6.5495,10.0576,8.3437,1.9014,35
queen,base,blf,236,9.2278,6.5495,10.0576,8.3463,1.9037,35
queen,base,blf,237,9.2446,6.6387,10.0702,8.3576,1.8978,35
queen,base,blf,238,9.2446,6.6387,10.0702,8.3709,1.9066,35
queen,base,blf,239,9.2446,6.6564,10.0702,8.3795,1.9126,35
queen,base,blf,240,9.2446,6.6564,10.0702,8.3891,1.9039,35
queen,base,blf,241,9.2899,6.6564,10.1108,8.3952,1.9075,35
queen,base,blf,242,9.3200,6.6857,10.1141,8.4040,1.9091,35
queen,base,blf,243,9.3200,6.6857,10.1433,8.4102,1.9152,35
queen,base,blf,244,9.3200,6.6857,10.2293,8.4347,1.9345,35
queen,base,blf,245,9.3630,6.6857,10.2301,8.4521,1.9521,35
queen,base,blf,246,9.3630,6.7572,10.2301,8.4602,1.9513,35
queen,base,blf,247,9.3630,6.7572,10.2301,8.4697,1.9531,35
queen,base,blf,248,9.3630,6.7572,10.2301,8.4828,1.9622,35
queen,base,blf,249,9.3706,6.7572,10.2301,8.4835,1.9617,35
queen,base,blf,250,9.3706,6.7572,10.2301,8.4906,1.9617,35
queen,base,blf,251,9.3706,6.7572,10.2301,8.4936,1.9650,35
queen,base,blf,252,9.3706,6.7572,10.2525,8.5102,1.9746,35
queen,base,blf,253,9.3706,6.7572,10.2525,8.5144,1.9717,35
queen,base,blf,254,9.4229,6.7572,10.2525,8.5194,1.9740,35
queen,base,blf,255,9.4229,6.7572,10.2525,8.5269,1.9683,35
queen,base,blf,256,9.4229,6.7572,10.2744,8.5345,1.9625,35
queen,base,blf,257,9.4229,6.7572,10.2744,8.5363,1.9609,35
queen,base,blf,258,9.4229,6.7572,10.2744,8.5431,1.9658,35
queen,base,blf,259,9.4229,6.7572,10.2744,8.5527,1.9742,35
queen,base,blf,260,9.4229,6.7572,10.2744,8.5612,1.9779,35
queen,base,blf,261,9.4608,6.7572,10.2744,8.5652,1.9794,35
queen,base,blf,262,9.4608,6.7572,10.2744,8.5696,1.9752,35
queen,base,blf,263,9.4608,6.7572,10.2744,8.5717,1.9730,35
queen,base,blf,264,9.4652,6.7572,10.2744,8.5740,1.9720,35
queen,base,blf,265,9.4652,6.7572,10.2744,8.5745,1.9723,35
queen,base,blf,266,9.4764,6.7603,10.2791,8.5788,1.9728,35
queen,base,blf,267,9.4764,6.7603,10.2855,8.5818,1.9724,35
queen,base,blf,268,9.4764,6.7737,10.2855,8.5875,1.9670,35
queen,base,blf,269,9.4764,6.7737,10.2855,8.5960,1.9692,35
queen,base,blf,270,9.4764,6.7737,10.2855,8.5995,1.9685,35
queen,base,blf,271,9.4999,6.7737,10.2855,8.6017,1.9680,35
queen,base,blf,272,9.4999,6.7878,10.2855,8.6109,1.9660,35
queen,base,blf,273,9.4999,6.7878,10.2855,8.6192,1.9715,35
queen,base,blf,274,9.4999,6.7878,10.2855,8.6253,1.9785,35
queen,base,blf,275,9.4999,6.7878,10.2855,8.6256,1.9784,35
queen,base,blf,276,9.4999,6.7878,10.3143,8.6304,1.9778,35
queen,base,blf,277,9.4999,6.7878,10.3143,8.6333,1.9790,35
queen,base,blf,278,9.4999,6.7935,10.3226,8.6359,1.9805,35
queen,base,blf,279,9.4999,6.7935,10.3226,8.6385,1.9780,35
queen,base,blf,280,9.4999,6.8053,10.3226,8.6406,1.9766,35
queen,base,blf,281,9.4999,6.8254,10.3226,8.6450,1.9740,35
queen,base,blf,282,9.5304,6.8254,10.3578,8.6564,1.9846,35
queen,base,blf,283,9.5304,6.8254,10.4434,8.6645,1.9918,35
queen,base,blf,284,9.5304,6.8254,10.4574,8.6700,1.9956,35
queen,base,blf,285,9.5304,6.8254,10.5224,8.6821,2.0065,35
queen,base,blf,286,9.5568,6.8254,10.5361,8.6846,2.0086,35
queen,base,blf,287,9.5568,6.8254,10.5361,8.6859,2.0086,35
queen,base,blf,288,9.5568,6.8254,10.5361,8.6890,2.0112,35
queen,base,blf,289,9.5568,6.8331,10.5361,8.6969,2.0131,35
queen,base,blf,290,9.5568,6.8331,10.5361,8.6990,2.0147,35
queen,base,blf,291,9.5568,6.8331,10.5361,8.7069,2.0208,35
queen,base,blf,292,9.5792,6.8528,10.5418,8.7187,2.0266,35
queen,base,blf,293,9.5792,6.8528,10.5684,8.7220,2.0300,35
queen,base,blf,294,9.5792,6.8528,10.5684,8.7260,2.0333,35
queen,base,blf,295,9.5792,6.8528,10.5684,8.7314,2.0361,35
queen,base,blf,296,9.5792,6.8528,10.5684,8.7314,2.0361,35
queen,base,blf,297,9.5792,6.8528,10.5684,8.7366,2.0410,35
queen,base,blf,298,9.5843,6.8528,10.5684,8.7424,2.0457,35
queen,base,blf,299,9.6074,6.8528,10.5684,8.7475,2.0497,35
queen,base,blf,300,9.6074,6.8528,10.5684,8.7482,2.0491,35
queen,phi,uncoupled,1,1.4108,1.1793,1.5485,1.4386,0.3931,35
queen,phi,uncoupled,2,1.8233,1.5272,2.1117,1.9110,0.5206,35
queen,phi,uncoupled,3,1.9822,1.6673,2.5121,2.1348,0.7369,35
queen,phi,uncoupled,4,2.3735,1.8362,2.7100,2.4104,0.7647,35
queen,phi,uncoupled,5,2.5487,1.9951,2.9094,2.5478,0.7554,35
queen,phi,uncoupled,6,2.5839,2.0752,2.9804,2.6220,0.7414,35
queen,phi,uncoupled,7,2.6689,2.2696,3.0757,2.7771,0.7204,35
queen,phi,uncoupled,8,2.6689,2.3937,3.2697,2.8572,0.7653,35
queen,phi,uncoupled,9,2.8284,2.5528,3.4162,2.9626,0.7713,35
queen,phi,uncoupled,10,2.8951,2.5528,3.5280,3.0343,0.7884,35
queen,phi,uncoupled,11,2.8957,2.6638,3.6982,3.1672,0.8025,35
queen,phi,uncoupled,12,2.9236,2.6864,3.7037,3.2530,0.7757,35
queen,phi,uncoupled,13,2.9775,2.7737,3.8786,3.3150,0.7763,35
queen,phi,uncoupled,14,2.9902,2.8175,4.0516,3.3455,0.7736,35
queen,phi,uncoupled,15,3.3570,2.8823,4.0642,3.4620,0.7210,35
queen,phi,uncoupled,16,3.4813,2.9149,4.0642,3.5572,0.7201,35
queen,phi,uncoupled,17,3.5748,2.9951,4.0833,3.6213,0.6887,35
queen,phi,uncoupled,18,3.5748,3.0218,4.1630,3.6822,0.7759,35
queen,phi,uncoupled,19,3.6923,3.0271,4.1630,3.7119,0.7598,35
queen,phi,uncoupled,20,3.6923,3.0443,4.1630,3.7257,0.7516,35
queen,phi,uncoupled,21,3.6923,3.1518,4.1630,3.7639,0.7314,35
queen,phi,uncoupled,22,3.7352,3.2554,4.2474,3.8580,0.7427,35
queen,phi,uncoupled,23,3.7352,3.3269,4.2677,3.9407,0.8362,35
queen,phi,uncoupled,24,3.7352,3.3269,4.2824,4.0297,0.9722,35
queen,phi,uncoupled,25,3.9886,3.4185,4.2824,4.0533,0.9556,35
queen,phi,uncoupled,26,4.0264,3.4629,4.3751,4.0919,0.9526,35
queen,phi,uncoupled,27,4.0264,3.4629,4.4808,4.1372,0.9947,35
queen,phi,uncoupled,28,4.0495,3.4963,4.8954,4.2451,1.0097,35
queen,phi,uncoupled,29,4.0747,3.5228,4.8954,4.3037,0.9922,35
queen,phi,uncoupled,30,4.1665,3.5228,4.9689,4.3174,0.9932,35
queen,phi,uncoupled,31,4.1665,3.5623,4.9689,4.3426,0.9697,35
queen,phi,uncoupled,32,4.1850,3.5623,5.0985,4.3717,0.9748,35
queen,phi,uncoupled,33,4.1850,3.6634,5.0985,4.3997,0.9480,35
queen,phi,uncoupled,34,4.2354,3.6634,5.1793,4.5646,1.1562,35
queen,phi,uncoupled,35,4.3294,3.8116,5.3380,4.6358,1.1400,35
queen,phi,uncoupled,36,4.3294,3.8116,5.3380,4.6358,1.1400,35
queen,phi,uncoupled,37,4.6045,3.8116,5.4870,4.7024,1.1592,35
queen,phi,uncoupled,38,4.6045,3.8116,5.4870,4.7150,1.1569,35
queen,phi,uncoupled,39,4.6045,3.8883,5.4870,4.7272,1.1502,35
queen,phi,uncoupled,40,4.6303,3.8883,5.4870,4.7557,1.1515,35
queen,phi,uncoupled,41,4.6322,3.8883,5.6192,4.7841,1.1568,35
queen,phi,uncoupled,42,4.6322,3.8883,5.7663,4.8905,1.2557,35
queen,phi,uncoupled,43,4.6322,3.8883,5.7663,4.8905,1.2557,35
queen,phi,uncoupled,44,4.6322,3.8883,5.7663,4.9267,1.2950,35
queen,phi,uncoupled,45,4.6322,3.9821,5.7663,4.9703,1.2894,35
queen,phi,uncoupled,46,4.6322,3.9821,5.8085,4.9907,1.2973,35
queen,phi,uncoupled,47,5.0233,4.1035,5.8278,5.0603,1.2603,35
queen,phi,uncoupled,48,5.0384,4.2322,5.8278,5.1438,1.2618,35
queen,phi,uncoupled,49,5.0614,4.2322,5.8407,5.1519,1.2641,35
queen,phi,uncoupled,50,5.0614,4.2322,5.8407,5.1940,1.3334,35
queen,phi,uncoupled,51,5.0614,4.2322,5.8407,5.2244,1.3617,35
queen,phi,uncoupled,52,5.1586,4.2322,5.9451,5.2883,1.3761,35
queen,phi,uncoupled,53,5.1645,4.2347,6.1502,5.3387,1.3690,35
queen,phi,uncoupled,54,5.1645,4.2347,6.1502,5.3638,1.3973,35
queen,phi,uncoupled,55,5.1883,4.2347,6.2875,5.3841,1.4081,35
queen,phi,uncoupled,56,5.1883,4.2347,6.2875,5.3944,1.4042,35
queen,phi,uncoupled,57,5.1970,4.2347,6.3160,5.4191,1.4068,35
queen,phi,uncoupled,58,5.4855,4.2575,6.4871,5.5240,1.4272,35
queen,phi,uncoupled,59,5.4855,4.2575,6.8007,5.5902,1.4958,35
queen,phi,uncoupled,60,5.4981,4.3424,6.8007,5.6362,1.4746,35
queen,phi,uncoupled,61,5.6813,4.3424,6.8007,5.6797,1.4793,35
queen,phi,uncoupled,62,5.6813,4.3424,7.0016,5.7212,1.4985,35
queen,phi,uncoupled,63,5.6813,4.3424,7.0016,5.7303,1.4875,35
queen,phi,uncoupled,64,5.6813,4.4129,7.0016,5.7852,1.4597,35
queen,phi,uncoupled,65,5.8506,4.8121,7.0016,5.8854,1.4110,35
queen,phi,uncoupled,66,5.8506,4.8121,7.0016,5.9224,1.4474,35
queen,phi,uncoupled,67,5.8506,4.8121,7.0927,5.9517,1.4508,35
queen,phi,uncoupled,68,5.8506,4.8121,7.2711,5.9829,1.4769,35
queen,phi,uncoupled,69,5.8506,4.8121,7.2711,5.9904,1.4727,35
queen,phi,uncoupled,70,5.8506,5.0134,7.2711,6.0271,1.4522,35
queen,phi,uncoupled,71,5.8506,5.0134,7.2711,6.0403,1.4588,35
queen,phi,uncoupled,72,5.9532,5.0134,7.3048,6.1255,1.4824,35
queen,phi,uncoupled,73,5.9532,5.0134,7.3048,6.1410,1.5057,35
queen,phi,uncoupled,74,6.2093,5.0134,7.3048,6.1517,1.5051,35
queen,phi,uncoupled,75,6.4129,5.0134,7.4012,6.1900,1.5201,35
queen,phi,uncoupled,76,6.5778,5.0134,7.6859,6.2578,1.5532,35
queen,phi,uncoupled,77,6.5778,5.0134,7.7089,6.2827,1.5683,35
queen,phi,uncoupled,78,6.5778,5.0134,7.7089,6.2830,1.5683,35
queen,phi,uncoupled,79,6.6487,5.0134,7.7089,6.3447,1.5710,35
queen,phi,uncoupled,80,6.6487,5.0357,7.7910,6.4017,1.5124,35
queen,phi,uncoupled,81,6.6487,5.0357,7.7910,6.4297,1.5151,35
queen,phi,uncoupled,82,6.6487,5.0357,7.7910,6.4580,1.5559,35
queen,phi,uncoupled,83,6.8705,5.0357,7.7910,6.5368,1.5802,35
queen,phi,uncoupled,84,6.8705,5.0357,7.7910,6.5410,1.5859,35
queen,phi,uncoupled,85,6.8705,5.0357,7.8136,6.5558,1.5987,35
queen,phi,uncoupled,86,7.1060,5.0357,7.8646,6.6379,1.6222,35
queen,phi,uncoupled,87,7.1060,5.0357,7.8646,6.6553,1.6400,35
queen,phi,uncoupled,88,7.1060,5.0357,7.8646,6.6792,1.6223,35
queen,phi,uncoupled,89,7.1060,5.0357,7.9364,6.7136,1.6600,35
queen,phi,uncoupled,90,7.1060,5.0357,8.1702,6.7715,1.6939,35
queen,phi,uncoupled,91,7.1060,5.0357,8.2285,6.7834,1.7046,35
queen,phi,uncoupled,92,7.1060,5.0357,8.2285,6.7989,1.7003,35
queen,phi,uncoupled,93,7.1060,5.0357,8.3545,6.8135,1.7119,35
queen,phi,uncoupled,94,7.4046,5.1931,8.4708,6.8904,1.7506,35
queen,phi,uncoupled,95,7.4046,5.1931,8.5284,6.9012,1.7544,35
queen,phi,uncoupled,96,7.6188,5.1931,8.5284,6.9242,1.7648,35
queen,phi,uncoupled,97,7.6188,5.1931,8.5631,6.9867,1.7810,35
queen,phi,uncoupled,98,7.6188,5.1931,8.6022,6.9894,1.7836,35
queen,phi,uncoupled,99,7.6188,5.1931,8.6022,6.9939,1.7866,35
queen,phi,uncoupled,100,7.7238,5.1931,8.6119,7.0477,1.8065,35
queen,phi,uncoupled,101,7.8320,5.1931,8.6244,7.0833,1.8145,35
queen,phi,uncoupled,102,7.8320,5.1931,8.6347,7.1089,1.8428,35
queen,phi,uncoupled,103,7.8320,5.4119,8.6347,7.1434,1.8263,35
queen,phi,uncoupled,104,7.8320,5.4119,8.6347,7.1734,1.8336,35
queen,phi,uncoupled,105,7.8320,5.4119,8.6347,7.1946,1.8400,35
queen,phi,uncoupled,106,7.8320,5.4119,8.6347,7.2027,1.8449,35
queen,phi,uncoupled,107,7.9383,5.4119,8.6347,7.2301,1.8766,35
queen,phi,uncoupled,108,7.9383,5.4119,8.6350,7.2554,1.8893,35
queen,phi,uncoupled,109,7.9383,5.4119,8.6350,7.2757,1.9041,35
queen,phi,uncoupled,110,7.9383,5.4119,8.6755,7.3193,1.9130,35
queen,phi,uncoupled,111,7.9383,5.4119,8.6755,7.3230,1.9162,35
queen,phi,uncoupled,112,7.9383,5.4119,8.6755,7.3471,1.9378,35
queen,phi,uncoupled,113,7.9383,5.4119,8.7242,7.3713,1.9597,35
queen,phi,uncoupled,114,7.9383,5.4119,8.7242,7.3895,1.9695,35
queen,phi,uncoupled,115,7.9383,5.4119,8.7467,7.4058,1.9734,35
queen,phi,uncoupled,116,7.9383,5.5644,8.7874,7.4315,1.9545,35
queen,phi,uncoupled,117,7.9383,5.5644,8.8554,7.4436,1.9569,35
queen,phi,uncoupled,118,7.9383,5.5644,8.8554,7.4601,1.9614,35
queen,phi,uncoupled,119,7.9383,5.6578,8.9044,7.5099,1.9576,35
queen,phi,uncoupled,120,7.9383,5.6578,8.9930,7.5314,1.9491,35
queen,phi,uncoupled,121,7.9383,5.6578,8.9930,7.5396,1.9456,35
queen,phi,uncoupled,122,7.9383,5.6578,8.9930,7.5397,1.9455,35
queen,phi,uncoupled,123,7.9816,5.6578,8.9930,7.5485,1.9479,35
queen,phi,uncoupled,124,7.9816,5.6643,8.9930,7.5549,1.9495,35
queen,phi,uncoupled,125,7.9816,5.6643,9.0159,7.5636,1.9537,35
queen,phi,uncoupled,126,7.9984,5.8533,9.0573,7.5924,1.9426,35
queen,phi,uncoupled,127,7.9984,5.8872,9.1312,7.6274,1.9429,35
queen,phi,uncoupled,128,7.9984,5.8872,9.1729,7.6422,1.9380,35
queen,phi,uncoupled,129,8.0380,5.8872,9.1729,7.6536,1.9435,35
queen,phi,uncoupled,130,8.0477,5.8872,9.1729,7.6892,1.9429,35
queen,phi,uncoupled,131,8.1796,5.8872,9.1729,7.6991,1.9415,35
queen,phi,uncoupled,132,8.1878,5.8872,9.1729,7.7222,1.9644,35
queen,phi,uncoupled,133,8.2322,5.9531,9.1729,7.7365,1.9608,35
queen,phi,uncoupled,134,8.3296,5.9531,9.2993,7.7715,1.9925,35
queen,phi,uncoupled,135,8.3296,5.9605,9.2993,7.7847,1.9998,35
queen,phi,uncoupled,136,8.3858,5.9605,9.2993,7.8031,2.0052,35
queen,phi,uncoupled,137,8.3858,6.0287,9.2993,7.8208,2.0076,35
queen,phi,uncoupled,138,8.3858,6.0287,9.3898,7.8570,2.0439,35
queen,phi,uncoupled,139,8.3858,6.0287,9.3898,7.8715,2.0547,35
queen,phi,uncoupled,140,8.4693,6.0287,9.3898,7.8834,2.0611,35
queen,phi,uncoupled,141,8.4693,6.0287,9.4240,7.9065,2.0595,35
queen,phi,uncoupled,142,8.4693,6.1437,9.4240,7.9564,2.0664,35
queen,phi,uncoupled,143,8.5845,6.1437,9.4243,7.9722,2.0781,35
queen,phi,uncoupled,144,8.6035,6.1437,9.4243,7.9798,2.0813,35
queen,phi,uncoupled,145,8.6035,6.1437,9.4243,7.9857,2.0929,35
queen,phi,uncoupled,146,8.6035,6.1437,9.4650,7.9964,2.1011,35
queen,phi,uncoupled,147,8.6035,6.1437,9.4681,8.0167,2.0872,35
queen,phi,uncoupled,148,8.6035,6.1437,9.4681,8.0251,2.0906,35
queen,phi,uncoupled,149,8.6035,6.1437,9.4681,8.0638,2.1470,35
queen,phi,uncoupled,150,8.6035,6.1437,9.4784,8.0753,2.1472,35
queen,phi,uncoupled,151,8.6035,6.1437,9.5107,8.0829,2.1502,35
queen,phi,uncoupled,152,8.6035,6.1437,9.5107,8.1018,2.1426,35
queen,phi,uncoupled,153,8.6035,6.1437,9.5107,8.1041,2.1445,35
queen,phi,uncoupled,154,8.6629,6.1437,9.5311,8.1265,2.1591,35
queen,phi,uncoupled,155,8.6629,6.1639,9.7796,8.1786,2.1926,35
queen,phi,uncoupled,156,8.6629,6.1751,9.7940,8.1867,2.1889,35
queen,phi,uncoupled,157,8.6900,6.1751,9.7956,8.1953,2.1925,35
queen,phi,uncoupled,158,8.6900,6.2480,9.7956,8.2173,2.1960,35
queen,phi,uncoupled,159,8.6900,6.2480,9.8458,8.2294,2.2060,35
queen,phi,uncoupled,160,8.7116,6.2480,9.8458,8.2475,2.2154,35
queen,phi,uncoupled,161,8.7116,6.2480,9.8458,8.2706,2.2181,35
queen,phi,uncoupled,162,8.8338,6.3456,9.8970,8.3020,2.2248,35
queen,phi,uncoupled,163,8.8338,6.3456,9.8970,8.3041,2.2220,35
queen,phi,uncoupled,164,8.8338,6.4062,10.0782,8.3257,2.2262,35
queen,phi,uncoupled,165,8.8338,6.4835,10.1286,8.3400,2.2316,35
queen,phi,uncoupled,166,8.8338,6.4835,10.1286,8.3519,2.2360,35
queen,phi,uncoupled,167,8.8338,6.5920,10.1479,8.3707,2.2347,35
queen,phi,uncoupled,168,8.9159,6.6313,10.1479,8.3809,2.2294,35
queen,phi,uncoupled,169,8.9159,6.6313,10.1479,8.3910,2.2383,35
queen,phi,uncoupled,170,8.9159,6.6313,10.1479,8.3920,2.2379,35
queen,phi,uncoupled,171,8.9159,6.6604,10.1698,8.4083,2.2366,35
queen,phi,uncoupled,172,8.9159,6.6604,10.1698,8.4146,2.2356,35
queen,phi,uncoupled,173,8.9159,6.7680,10.1916,8.4434,2.2463,35
queen,phi,uncoupled,174,8.9159,6.7680,10.2010,8.4660,2.2605,35
queen,phi,uncoupled,175,8.9159,6.7680,10.2010,8.4821,2.2599,35
queen,phi,uncoupled,176,8.9159,6.7680,10.2069,8.5021,2.2608,35
queen,phi,uncoupled,177,8.9159,7.0462,10.2069,8.5343,2.2494,35
queen,phi,uncoupled,178,8.9159,7.0462,10.2680,8.5441,2.2548,35
queen,phi,uncoupled,179,8.9159,7.0462,10.2680,8.5572,2.2614,35
queen,phi,uncoupled,180,8.9526,7.0462,10.2680,8.5700,2.2653,35
queen,phi,uncoupled,181,8.9526,7.0462,10.3638,8.5863,2.2748,35
queen,phi,uncoupled,182,9.1507,7.0462,10.3638,8.6083,2.2885,35
queen,phi,uncoupled,183,9.1507,7.0996,10.3700,8.6322,2.2993,35
queen,phi,uncoupled,184,9.1507,7.0996,10.3700,8.6469,2.2937,35
queen,phi,uncoupled,185,9.1507,7.0996,10.3700,8.6608,2.2951,35
queen,phi,uncoupled,186,9.1507,7.0996,10.4431,8.6789,2.3068,35
queen,phi,uncoupled,187,9.1507,7.0996,10.4431,8.6915,2.3108,35
queen,phi,uncoupled,188,9.1507,7.0996,10.4431,8.6969,2.3141,35
queen,phi,uncoupled,189,9.1507,7.0996,10.4515,8.7101,2.3256,35
queen,phi,uncoupled,190,9.1507,7.1099,10.4515,8.7294,2.3190,35
queen,phi,uncoupled,191,9.1507,7.1099,10.4555,8.7355,2.3251,35
queen,phi,uncoupled,192,9.1507,7.1134,10.4962,8.7412,2.3221,35
queen,phi,uncoupled,193,9.1507,7.1134,10.4962,8.7465,2.3253,35
queen,phi,uncoupled,194,9.1507,7.1374,10.4962,8.7630,2.3361,35
queen,phi,uncoupled,195,9.1507,7.1374,10.4962,8.7688,2.3443,35
queen,phi,uncoupled,196,9.1507,7.1374,10.4962,8.7745,2.3411,35
queen,phi,uncoupled,197,9.3053,7.1374,10.4962,8.7927,2.3502,35
queen,phi,uncoupled,198,9.3053,7.1374,10.4962,8.8015,2.3512,35
queen,phi,uncoupled,199,9.3053,7.1374,10.4962,8.8193,2.3495,35
queen,phi,uncoupled,200,9.3860,7.1374,10.4962,8.8365,2.3432,35
queen,phi,uncoupled,201,9.3860,7.1484,10.6481,8.8524,2.3543,35
queen,phi,uncoupled,202,9.3860,7.1818,10.6481,8.8597,2.3538,35
queen,phi,uncoupled,203,9.3860,7.1818,10.6481,8.8630,2.3545,35
queen,phi,uncoupled,204,9.3860,7.1818,10.6481,8.8679,2.3573,35
queen,phi,uncoupled,205,9.3860,7.1818,10.6481,8.8700,2.3555,35
queen,phi,uncoupled,206,9.3860,7.1888,10.7204,8.8872,2.3612,35
queen,phi,uncoupled,207,9.3860,7.1888,10.7204,8.8910,2.3623,35
queen,phi,uncoupled,208,9.3860,7.2240,10.7496,8.8991,2.3638,35
queen,phi,uncoupled,209,9.3860,7.2240,10.7496,8.9044,2.3582,35
queen,phi,uncoupled,210,9.3883,7.2240,10.7496,8.9167,2.3525,35
queen,phi,uncoupled,211,9.3883,7.2240,10.7496,8.9171,2.3519,35
queen,phi,uncoupled,212,9.3883,7.2701,10.7496,8.9228,2.3519,35
queen,phi,uncoupled,213,9.3883,7.2701,10.7496,8.9267,2.3529,35
queen,phi,uncoupled,214,9.3883,7.2701,10.8059,8.9445,2.3595,35
queen,phi,uncoupled,215,9.3883,7.2701,10.8059,8.9513,2.3624,35
queen,phi,uncoupled,216,9.3883,7.2701,10.8059,8.9548,2.3665,35
queen,phi,uncoupled,217,9.3883,7.2701,10.8059,8.9571,2.3684,35
queen,phi,uncoupled,218,9.3883,7.2701,10.8059,8.9618,2.3711,35
queen,phi,uncoupled,219,9.3883,7.2701,10.8059,8.9743,2.3658,35
queen,phi,uncoupled,220,9.3883,7.2701,10.8059,8.9812,2.3664,35
queen,phi,uncoupled,221,9.3883,7.2701,10.8059,8.9867,2.3707,35
queen,phi,uncoupled,222,9.3883,7.2701,10.8059,8.9894,2.3727,35
queen,phi,uncoupled,223,9.3883,7.2701,10.8059,9.0070,2.3898,35
queen,phi,uncoupled,224,9.3883,7.2778,10.8059,9.0122,2.3911,35
queen,phi,uncoupled,225,9.3883,7.2778,10.8431,9.0196,2.3915,35
queen,phi,uncoupled,226,9.3883,7.2778,10.8431,9.0213,2.3917,35
queen,phi,uncoupled,227,9.3883,7.2953,10.8431,9.0345,2.3966,35
queen,phi,uncoupled,228,9.3883,7.2953,10.9167,9.0457,2.4034,35
queen,phi,uncoupled,229,9.3906,7.3238,10.9167,9.0526,2.4067,35
queen,phi,uncoupled,230,9.3906,7.3238,10.9167,9.0571,2.4087,35
queen,phi,uncoupled,231,9.3906,7.3317,10.9167,9.0597,2.4092,35
queen,phi,uncoupled,232,9.3906,7.3317,10.9167,9.0611,2.4088,35
queen,phi,uncoupled,233,9.3906,7.3639,10.9167,9.0634,2.4075,35
queen,phi,uncoupled,234,9.3906,7.3639,10.9905,9.0717,2.4120,35
queen,phi,uncoupled,235,9.3906,7.3639,10.9933,9.0767,2.4160,35
queen,phi,uncoupled,236,9.4283,7.3708,10.9933,9.0858,2.4156,35
queen,phi,uncoupled,237,9.4283,7.3708,11.1658,9.0967,2.4238,35
queen,phi,uncoupled,238,9.4808,7.3907,11.1658,9.1021,2.4238,35
queen,phi,uncoupled,239,9.4808,7.3907,11.1658,9.1072,2.4286,35
queen,phi,uncoupled,240,9.4808,7.3907,11.1691,9.1095,2.4272,35
queen,phi,uncoupled,241,9.4808,7.4306,11.1691,9.1146,2.4237,35
queen,phi,uncoupled,242,9.4808,7.4355,11.1691,9.1247,2.4278,35
queen,phi,uncoupled,243,9.4808,7.4355,11.1691,9.1320,2.4333,35
queen,phi,uncoupled,244,9.4808,7.4567,11.2089,9.1407,2.4379,35
queen,phi,uncoupled,245,9.4876,7.4567,11.2099,9.1459,2.4415,35
queen,phi,uncoupled,246,9.4876,7.4567,11.2099,9.1471,2.4410,35
queen,phi,uncoupled,247,9.5124,7.4606,11.2174,9.1520,2.4411,35
queen,phi,uncoupled,248,9.5371,7.4606,11.2232,9.1581,2.4442,35
queen,phi,uncoupled,249,9.5458,7.4606,11.2404,9.1633,2.4416,35
queen,phi,uncoupled,250,9.5458,7.4606,11.2409,9.1655,2.4427,35
queen,phi,uncoupled,251,9.6002,7.4968,11.2512,9.1723,2.4413,35
queen,phi,uncoupled,252,9.6002,7.4968,11.2512,9.1743,2.4405,35
queen,phi,uncoupled,253,9.6002,7.4968,11.2548,9.1830,2.4439,35
queen,phi,uncoupled,254,9.6002,7.4968,11.2548,9.1860,2.4427,35
queen,phi,uncoupled,255,9.6002,7.4968,11.2566,9.1939,2.4467,35
queen,phi,uncoupled,256,9.6002,7.4968,11.2566,9.1944,2.4461,35
queen,phi,uncoupled,257,9.6002,7.4968,11.2566,9.1975,2.4451,35
queen,phi,uncoupled,258,9.6002,7.4978,11.2566,9.2100,2.4532,35
queen,phi,uncoupled,259,9.7707,7.4981,11.2702,9.2203,2.4550,35
queen,phi,uncoupled,260,9.7707,7.4989,11.2763,9.2300,2.4595,35
queen,phi,uncoupled,261,9.7760,7.5082,11.2763,9.2318,2.4588,35
queen,phi,uncoupled,262,9.7901,7.5169,11.2763,9.2396,2.4612,35
queen,phi,uncoupled,263,9.7901,7.5169,11.2899,9.2440,2.4641,35
queen,phi,uncoupled,264,9.7960,7.5169,11.2916,9.2478,2.4643,35
queen,phi,uncoupled,265,9.7960,7.5169,11.2916,9.2556,2.4598,35
queen,phi,uncoupled,266,9.7960,7.5172,11.2941,9.2562,2.4599,35
queen,phi,uncoupled,267,9.7960,7.5239,11.2941,9.2579,2.4601,35
queen,phi,uncoupled,268,9.7960,7.5274,11.3188,9.2604,2.4607,35
queen,phi,uncoupled,269,9.7960,7.5274,11.3280,9.2640,2.4612,35
queen,phi,uncoupled,270,9.7960,7.5274,11.3280,9.2676,2.4621,35
queen,phi,uncoupled,271,9.7960,7.5274,11.3329,9.2690,2.4623,35
queen,phi,uncoupled,272,9.7960,7.5296,11.3329,9.2703,2.4626,35
queen,phi,uncoupled,273,9.7960,7.5296,11.3329,9.2712,2.4629,35
queen,phi,uncoupled,274,9.8011,7.5296,11.3329,9.2787,2.4655,35
queen,phi,uncoupled,275,9.8011,7.5296,11.3333,9.2865,2.4703,35
queen,phi,uncoupled,276,9.8011,7.5296,11.3333,9.2897,2.4735,35
queen,phi,uncoupled,277,9.8011,7.5296,11.3333,9.2934,2.4746,35
queen,phi,uncoupled,278,9.8038,7.5296,11.3333,9.2961,2.4730,35
queen,phi,uncoupled,279,9.8038,7.5296,11.3335,9.2988,2.4727,35
queen,phi,uncoupled,280,9.8038,7.5296,11.3404,9.3029,2.4768,35
queen,phi,uncoupled,281,9.8038,7.5296,11.3456,9.3044,2.4780,35
queen,phi,uncoupled,282,9.8038,7.5296,11.3629,9.3086,2.4810,35
queen,phi,uncoupled,283,9.8038,7.5296,11.3629,9.3095,2.4818,35
queen,phi,uncoupled,284,9.8038,7.5301,11.3629,9.3101,2.4821,35
queen,phi,uncoupled,285,9.8038,7.5309,11.3629,9.3118,2.4827,35
queen,phi,uncoupled,286,9.8038,7.5322,11.3629,9.3130,2.4835,35
queen,phi,uncoupled,287,9.8124,7.5385,11.3629,9.3153,2.4834,35
queen,phi,uncoupled,288,9.8124,7.5385,11.3629,9.3167,2.4834,35
queen,phi,uncoupled,289,9.8124,7.5385,11.3657,9.3205,2.4870,35
queen,phi,uncoupled,290,9.8124,7.5385,11.3657,9.3246,2.4911,35
queen,phi,uncoupled,291,9.8124,7.5460,11.3657,9.3298,2.4945,35
queen,phi,uncoupled,292,9.8124,7.5460,11.3657,9.3314,2.4949,35
queen,phi,uncoupled,293,9.8124,7.5460,11.3674,9.3355,2.4964,35
queen,phi,uncoupled,294,9.8167,7.5460,11.3674,9.3387,2.4980,35
queen,phi,uncoupled,295,9.8300,7.5462,11.3694,9.3423,2.5016,35
queen,phi,uncoupled,296,9.8300,7.5526,11.3694,9.3468,2.5027,35
queen,phi,uncoupled,297,9.8300,7.5526,11.3694,9.3505,2.5053,35
queen,phi,uncoupled,298,9.8300,7.5526,11.3694,9.3530,2.5064,35
queen,phi,uncoupled,299,9.8300,7.5526,11.3694,9.3535,2.5060,35
queen,phi,uncoupled,300,9.8300,7.5526,11.3694,9.3558,2.5073,35
spider,base,blf,1,1.9275,1.5540,2.4376,2.0652,0.6642,35
spider,base,blf,2,2.4603,2.0860,2.9702,2.5921,0.7538,35
spider,base,blf,3,2.8188,2.3771,3.1910,2.8482,0.6930,35
spider,base,blf,4,2.9787,2.5356,3.4383,3.0320,0.6657,35
spider,base,blf,5,3.1560,2.6287,3.4860,3.1868,0.7362,35
spider,base,blf,6,3.2194,2.9481,3.5111,3.2805,0.6856,35
spider,base,blf,7,3.2530,2.9682,3.5593,3.3188,0.6751,35
spider,base,blf,8,3.3397,2.9813,3.7175,3.4081,0.6546,35
spider,base,blf,9,3.5159,3.1585,3.8297,3.5222,0.6317,35
spider,base,blf,10,3.6398,3.1585,3.9513,3.5878,0.6595,35
spider,base,blf,11,3.7174,3.2897,3.9719,3.6509,0.6346,35
spider,base,blf,12,3.8103,3.3219,4.0409,3.7113,0.6387,35
spider,base,blf,13,3.8103,3.3617,4.0409,3.7402,0.6030,35
spider,base,blf,14,3.8490,3.3617,4.0945,3.7790,0.6097,35
spider,base,blf,15,3.8787,3.3617,4.2181,3.8382,0.6622,35
spider,base,blf,16,3.9374,3.5614,4.2181,3.9562,0.5757,35
spider,base,blf,17,3.9651,3.6626,4.3124,4.0173,0.6109,35
spider,base,blf,18,4.0316,3.7132,4.3771,4.0798,0.5812,35
spider,base,blf,19,4.0548,3.7132,4.4320,4.1432,0.5967,35
spider,base,blf,20,4.1290,3.7487,4.5006,4.2182,0.6155,35
spider,base,blf,21,4.1290,3.7590,4.5230,4.2349,0.6094,35
spider,base,blf,22,4.1440,3.8139,4.6338,4.2685,0.6127,35
spider,base,blf,23,4.1440,3.8139,4.6902,4.2873,0.6366,35
spider,base,blf,24,4.1440,3.8983,4.7764,4.3669,0.6888,35
spider,base,blf,25,4.1772,3.8983,4.7877,4.3874,0.7220,35
spider,base,blf,26,4.3973,3.9696,4.8205,4.4513,0.7271,35
spider,base,blf,27,4.3973,3.9947,5.0075,4.5091,0.7261,35
spider,base,blf,28,4.4655,4.0176,5.0075,4.5799,0.7144,35
spider,base,blf,29,4.4666,4.0176,5.0205,4.5986,0.7250,35
spider,base,blf,30,4.5813,4.0850,5.1282,4.6542,0.7066,35
spider,base,blf,31,4.7106,4.0850,5.1576,4.6920,0.7266,35
spider,base,blf,32,4.7106,4.1216,5.1576,4.7170,0.7191,35
spider,base,blf,33,4.7108,4.1742,5.4173,4.8354,0.8188,35
spider,base,blf,34,4.7318,4.1873,5.4173,4.9455,0.8991,35
spider,base,blf,35,4.7318,4.2413,5.4173,4.9841,0.8888,35
spider,base,blf,36,4.7318,4.2413,5.4512,5.0241,0.9208,35
spider,base,blf,37,4.9263,4.3302,5.4512,5.0762,0.8871,35
spider,base,blf,38,5.1028,4.4086,5.6165,5.1303,0.8708,35
spider,base,blf,39,5.1028,4.5633,5.7720,5.2088,0.8893,35
spider,base,blf,40,5.1028,4.6078,5.7720,5.2624,0.8804,35
spider,base,blf,41,5.1028,4.6078,5.9514,5.3127,0.9283,35
spider,base,blf,42,5.1028,4.6078,5.9729,5.3268,0.9453,35
spider,base,blf,43,5.1028,4.6078,6.0199,5.3486,0.9588,35
spider,base,blf,44,5.1843,4.6078,6.0199,5.3723,0.9580,35
spider,base,blf,45,5.1843,4.6078,6.1273,5.4090,0.9757,35
spider,base,blf,46,5.1843,4.6078,6.1994,5.4619,1.0043,35
spider,base,blf,47,5.1982,4.6514,6.1994,5.4893,0.9872,35
spider,base,blf,48,5.1982,4.7887,6.1994,5.5186,1.0106,35
spider,base,blf,49,5.1982,4.9131,6.1994,5.5764,1.0183,35
spider,base,blf,50,5.5413,4.9131,6.2421,5.6248,1.0165,35
spider,base,blf,51,5.5413,4.9882,6.2421,5.6796,1.0005,35
spider,base,blf,52,5.5518,5.0168,6.2421,5.7343,1.0291,35
spider,base,blf,53,5.5518,5.0530,6.3022,5.7620,1.0406,35
spider,base,blf,54,5.5518,5.0826,6.4963,5.8015,1.0508,35
spider,base,blf,55,5.5518,5.1788,6.5819,5.8630,1.0356,35
spider,base,blf,56,5.6052,5.1852,6.8661,5.9321,1.0787,35
spider,base,blf,57,5.6052,5.2141,6.8661,5.9498,1.0796,35
spider,base,blf,58,5.9619,5.2193,7.0191,6.0599,1.1016,35
spider,base,blf,59,6.0143,5.2764,7.0257,6.0989,1.0957,35
spider,base,blf,60,6.0143,5.2764,7.0257,6.1137,1.0921,35
spider,base,blf,61,6.0143,5.3944,7.1469,6.1567,1.0933,35
spider,base,blf,62,6.0559,5.3944,7.1469,6.1795,1.0892,35
spider,base,blf,63,6.0620,5.4324,7.3802,6.2395,1.1016,35
spider,base,blf,64,6.4463,5.4735,7.3802,6.3489,1.0865,35
spider,base,blf,65,6.4463,5.5928,7.3802,6.3867,1.0673,35
spider,base,blf,66,6.4463,5.5928,7.3802,6.4229,1.0746,35
spider,base,blf,67,6.5199,5.8848,7.3802,6.4504,1.0660,35
spider,base,blf,68,6.5199,5.9065,7.3802,6.4838,1.0475,35
spider,base,blf,69,6.7508,5.9453,7.3802,6.5769,1.0634,35
spider,base,blf,70,6.7815,5.9453,7.3802,6.6076,1.0498,35
spider,base,blf,71,6.7815,5.9453,7.3802,6.6618,1.0116,35
spider,base,blf,72,6.7815,6.0122,7.3802,6.6876,1.0115,35
spider,base,blf,73,6.7815,6.0212,7.3802,6.6948,1.0143,35
spider,base,blf,74,6.7872,6.0361,7.4271,6.7454,1.0034,35
spider,base,blf,75,6.7872,6.1319,7.4348,6.7812,1.0011,35
spider,base,blf,76,6.8548,6.1842,7.4348,6.8098,1.0047,35
spider,base,blf,77,6.9912,6.1842,7.4779,6.8432,1.0078,35
spider,base,blf,78,6.9912,6.2402,7.5973,6.8853,1.0081,35
spider,base,blf,79,7.0437,6.2665,7.6730,6.9051,1.0088,35
spider,base,blf,80,7.0437,6.2665,7.7049,6.9558,0.9440,35
spider,base,blf,81,7.0437,6.4610,7.7049,6.9861,0.9236,35
spider,base,blf,82,7.0437,6.5133,7.7163,7.0079,0.9214,35
spider,base,blf,83,7.0437,6.6025,7.7163,7.0373,0.9262,35
spider,base,blf,84,7.0437,6.6254,7.8094,7.0590,0.9380,35
spider,base,blf,85,7.1914,6.7035,7.8094,7.1108,0.9337,35
spider,base,blf,86,7.1914,6.7150,7.8094,7.1277,0.9335,35
spider,base,blf,87,7.2116,6.7150,7.8648,7.1679,0.9337,35
spider,base,blf,88,7.2116,6.7150,7.8648,7.1858,0.9259,35
spider,base,blf,89,7.3892,6.7922,7.8820,7.2164,0.9060,35
spider,base,blf,90,7.3892,6.8529,7.8820,7.2385,0.8971,35
spider,base,blf,91,7.5307,6.8529,7.9411,7.2755,0.8955,35
spider,base,blf,92,7.5307,6.8529,7.9635,7.2959,0.8901,35
spider,base,blf,93,7.5307,6.8922,8.0271,7.3247,0.8957,35
spider,base,blf,94,7.5632,6.9279,8.0271,7.3371,0.8911,35
spider,base,blf,95,7.6535,6.9458,8.0516,7.3613,0.8931,35
spider,base,blf,96,7.6535,6.9458,8.0877,7.3886,0.8868,35
spider,base,blf,97,7.6978,6.9458,8.1126,7.4027,0.8934,35
spider,base,blf,98,7.7586,6.9850,8.1132,7.4361,0.8970,35
spider,base,blf,99,7.7788,7.0136,8.1132,7.4423,0.8960,35
spider,base,blf,100,7.7788,7.0477,8.1391,7.4614,0.9019,35
spider,base,blf,101,7.7890,7.0695,8.1514,7.4959,0.8930,35
spider,base,blf,102,7.7890,7.0695,8.1937,7.5090,0.8987,35
spider,base,blf,103,7.8003,7.2148,8.1937,7.5479,0.8853,35
spider,base,blf,104,7.8003,7.2381,8.1937,7.5593,0.8855,35
spider,base,blf,105,7.8003,7.2381,8.1985,7.5652,0.8821,35
spider,base,blf,106,7.8321,7.2780,8.2109,7.5849,0.8706,35
spider,base,blf,107,7.8650,7.2780,8.2109,7.6239,0.8281,35
spider,base,blf,108,7.8650,7.2872,8.2165,7.6483,0.8271,35
spider,base,blf,109,7.9044,7.3257,8.2257,7.6744,0.8219,35
spider,base,blf,110,7.9325,7.3562,8.2267,7.6915,0.8070,35
spider,base,blf,111,7.9511,7.3729,8.2404,7.7021,0.8100,35
spider,base,blf,112,7.9768,7.3779,8.2613,7.7349,0.8044,35
spider,base,blf,113,8.0129,7.3947,8.2848,7.7516,0.8049,35
spider,base,blf,114,8.0129,7.4160,8.2848,7.7605,0.8028,35
spider,base,blf,115,8.0282,7.4864,8.2870,7.7673,0.8024,35
spider,base,blf,116,8.0372,7.4864,8.2870,7.7734,0.8020,35
spider,base,blf,117,8.0426,7.5171,8.2994,7.7902,0.8000,35
spider,base,blf,118,8.0426,7.5171,8.3348,7.7998,0.8011,35
spider,base,blf,119,8.0949,7.5609,8.3552,7.8177,0.7988,35
spider,base,blf,120,8.1436,7.5609,8.3564,7.8293,0.7965,35
spider,base,blf,121,8.1485,7.5609,8.3639,7.8507,0.7747,35
spider,base,blf,122,8.1485,7.6243,8.4032,7.8822,0.7509,35
spider,base,blf,123,8.1623,7.6243,8.4276,7.8959,0.7574,35
spider,base,blf,124,8.1623,7.6243,8.4276,7.9052,0.7547,35
spider,base,blf,125,8.1694,7.6243,8.4276,7.9131,0.7553,35
spider,base,blf,126,8.1694,7.6243,8.4348,7.9201,0.7511,35
spider,base,blf,127,8.1876,7.6243,8.4348,7.9393,0.7295,35
spider,base,blf,128,8.2120,7.6276,8.4348,7.9526,0.7293,35
spider,base,blf,129,8.2120,7.6276,8.4348,7.9600,0.7294,35
spider,base,blf,130,8.2120,7.6714,8.4348,7.9665,0.7275,35
spider,base,blf,131,8.2280,7.6714,8.4348,7.9852,0.7107,35
spider,base,blf,132,8.2483,7.6714,8.4348,7.9896,0.7080,35
spider,base,blf,133,8.2483,7.6880,8.4384,7.9978,0.6964,35
spider,base,blf,134,8.2927,7.7026,8.4461,8.0092,0.7002,35
spider,base,blf,135,8.2927,7.7026,8.4461,8.0177,0.6922,35
spider,base,blf,136,8.3382,7.7147,8.4461,8.0278,0.6881,35
spider,base,blf,137,8.3382,7.7147,8.4461,8.0376,0.6689,35
spider,base,blf,138,8.3382,7.7546,8.4461,8.0487,0.6615,35
spider,base,blf,139,8.3382,7.7854,8.4500,8.0796,0.6125,35
spider,base,blf,140,8.3382,7.7854,8.4876,8.0893,0.6079,35
spider,base,blf,141,8.3514,7.7854,8.4973,8.0942,0.6106,35
spider,base,blf,142,8.3514,7.7875,8.5099,8.1051,0.5994,35
spider,base,blf,143,8.3514,7.7951,8.5099,8.1116,0.5996,35
spider,base,blf,144,8.3817,7.7965,8.5099,8.1170,0.6025,35
spider,base,blf,145,8.3817,7.7966,8.5109,8.1296,0.5853,35
spider,base,blf,146,8.3839,7.8071,8.5172,8.1390,0.5783,35
spider,base,blf,147,8.3884,7.8173,8.5362,8.1566,0.5762,35
spider,base,blf,148,8.3968,7.8322,8.5613,8.1654,0.5772,35
spider,base,blf,149,8.3968,7.8322,8.5613,8.1678,0.5776,35
spider,base,blf,150,8.3968,7.8367,8.5656,8.1705,0.5772,35
spider,base,blf,151,8.3968,7.8367,8.5663,8.1778,0.5791,35
spider,base,blf,152,8.4031,7.8555,8.5663,8.1824,0.5786,35
spider,base,blf,153,8.4082,7.8555,8.5701,8.1846,0.5797,35
spider,base,blf,154,8.4082,7.8555,8.5777,8.1861,0.5798,35
spider,base,blf,155,8.4448,7.8926,8.5829,8.1968,0.5774,35
spider,base,blf,156,8.4448,7.9055,8.5829,8.2011,0.5778,35
spider,base,blf,157,8.4448,7.9455,8.5830,8.2055,0.5751,35
spider,base,blf,158,8.4448,7.9555,8.5868,8.2126,0.5722,35
spider,base,blf,159,8.4448,7.9555,8.5868,8.2155,0.5734,35
spider,base,blf,160,8.4448,7.9555,8.5910,8.2181,0.5740,35
spider,base,blf,161,8.4448,7.9555,8.5953,8.2302,0.5608,35
spider,base,blf,162,8.4558,7.9555,8.5953,8.2361,0.5535,35
spider,base,blf,163,8.4558,7.9702,8.6025,8.2391,0.5543,35
spider,base,blf,164,8.4589,7.9702,8.6071,8.2445,0.5517,35
spider,base,blf,165,8.4632,7.9702,8.6171,8.2506,0.5501,35
spider,base,blf,166,8.4749,7.9702,8.6222,8.2565,0.5470,35
spider,base,blf,167,8.4786,7.9887,8.6222,8.2603,0.5455,35
spider,base,blf,168,8.4786,7.9969,8.6305,8.2626,0.5463,35
spider,base,blf,169,8.4786,8.0129,8.6305,8.2693,0.5405,35
spider,base,blf,170,8.4791,8.0129,8.6407,8.2729,0.5406,35
spider,base,blf,171,8.4791,8.0279,8.6407,8.2786,0.5358,35
spider,base,blf,172,8.4841,8.0342,8.6515,8.2816,0.5357,35
spider,base,blf,173,8.4885,8.0393,8.6516,8.2832,0.5357,35
spider,base,blf,174,8.4955,8.0562,8.6618,8.2882,0.5375,35
spider,base,blf,175,8.5051,8.0563,8.6618,8.2931,0.5346,35
spider,base,blf,176,8.5051,8.0563,8.6618,8.3046,0.5365,35
spider,base,blf,177,8.5051,8.0614,8.6618,8.3058,0.5360,35
spider,base,blf,178,8.5051,8.0614,8.6644,8.3099,0.5372,35
spider,base,blf,179,8.5104,8.0684,8.6665,8.3144,0.5387,35
spider,base,blf,180,8.5268,8.0684,8.6665,8.3199,0.5337,35
spider,base,blf,181,8.5268,8.0724,8.6665,8.3279,0.5253,35
spider,base,blf,182,8.5268,8.0823,8.6683,8.3312,0.5242,35
spider,base,blf,183,8.5268,8.0823,8.6813,8.3350,0.5219,35
spider,base,blf,184,8.5268,8.1019,8.6825,8.3422,0.5235,35
spider,base,blf,185,8.5311,8.1019,8.6845,8.3453,0.5233,35
spider,base,blf,186,8.5311,8.1038,8.6896,8.3484,0.5234,35
spider,base,blf,187,8.5311,8.1099,8.6930,8.3513,0.5203,35
spider,base,blf,188,8.5311,8.1193,8.6973,8.3545,0.5197,35
spider,base,blf,189,8.5311,8.1256,8.7064,8.3589,0.5209,35
spider,base,blf,190,8.5311,8.1256,8.7064,8.3647,0.5197,35
spider,base,blf,191,8.5394,8.1256,8.7074,8.3659,0.5203,35
spider,base,blf,192,8.5394,8.1274,8.7080,8.3704,0.5207,35
spider,base,blf,193,8.5401,8.1432,8.7117,8.3746,0.5196,35
spider,base,blf,194,8.5410,8.1432,8.7163,8.3758,0.5204,35
spider,base,blf,195,8.5412,8.1434,8.7221,8.3785,0.5173,35
spider,base,blf,196,8.5450,8.1470,8.7221,8.3814,0.5164,35
spider,base,blf,197,8.5517,8.1470,8.7221,8.3842,0.5136,35
spider,base,blf,198,8.5517,8.1493,8.7238,8.3873,0.5128,35
spider,base,blf,199,8.5553,8.1493,8.7238,8.3904,0.5134,35
spider,base,blf,200,8.5631,8.1493,8.7284,8.3937,0.5133,35
spider,base,blf,201,8.5631,8.1509,8.7301,8.3966,0.5129,35
spider,base,blf,202,8.5631,8.1543,8.7301,8.3982,0.5128,35
spider,base,blf,203,8.5631,8.1677,8.7301,8.4007,0.5127,35
spider,base,blf,204,8.5782,8.1677,8.7356,8.4058,0.5117,35
spider,base,blf,205,8.5782,8.1677,8.7361,8.4074,0.5102,35
spider,base,blf,206,8.5782,8.1765,8.7364,8.4095,0.5098,35
spider,base,blf,207,8.5782,8.1765,8.7371,8.4106,0.5106,35
spider,base,blf,208,8.5782,8.1765,8.7400,8.4114,0.5112,35
spider,base,blf,209,8.5782,8.1765,8.7418,8.4129,0.5105,35
spider,base,blf,210,8.5782,8.1845,8.7418,8.4186,0.5125,35
spider,base,blf,211,8.5800,8.1900,8.7429,8.4201,0.5115,35
spider,base,blf,212,8.5858,8.1900,8.7451,8.4208,0.5117,35
spider,base,blf,213,8.5858,8.1989,8.7500,8.4235,0.5109,35
spider,base,blf,214,8.5858,8.1989,8.7520,8.4248,0.5104,35
spider,base,blf,215,8.5858,8.2013,8.7527,8.4262,0.5109,35
spider,base,blf,216,8.5996,8.2013,8.7546,8.4293,0.5105,35
spider,base,blf,217,8.5996,8.2013,8.7611,8.4304,0.5110,35
spider,base,blf,218,8.5996,8.2013,8.7616,8.4332,0.5080,35
spider,base,blf,219,8.5996,8.2088,8.7670,8.4346,0.5081,35
spider,base,blf,220,8.5996,8.2088,8.7670,8.4351,0.5081,35
spider,base,blf,221,8.6002,8.2088,8.7670,8.4356,0.5082,35
spider,base,blf,222,8.6002,8.2088,8.7670,8.4378,0.5069,35
spider,base,blf,223,8.6002,8.2089,8.7670,8.4384,0.5072,35
spider,base,blf,224,8.6002,8.2108,8.7670,8.4393,0.5072,35
spider,base,blf,225,8.6009,8.2123,8.7670,8.4399,0.5071,35
spider,base,blf,226,8.6009,8.2170,8.7709,8.4416,0.5067,35
spider,base,blf,227,8.6009,8.2170,8.7718,8.4438,0.5037,35
spider,base,blf,228,8.6009,8.2182,8.7718,8.4480,0.4987,35
spider,base,blf,229,8.6009,8.2182,8.7718,8.4494,0.4983,35
spider,base,blf,230,8.6009,8.2260,8.7718,8.4514,0.4998,35
spider,base,blf,231,8.6009,8.2260,8.7718,8.4539,0.4965,35
spider,base,blf,232,8.6013,8.2260,8.7737,8.4551,0.4968,35
spider,base,blf,233,8.6013,8.2260,8.7755,8.4559,0.4969,35
spider,base,blf,234,8.6013,8.2260,8.7768,8.4564,0.4966,35
spider,base,blf,235,8.6013,8.2260,8.7777,8.4573,0.4977,35
spider,base,blf,236,8.6013,8.2284,8.7792,8.4586,0.4979,35
spider,base,blf,237,8.6013,8.2316,8.7792,8.4599,0.4968,35
spider,base,blf,238,8.6013,8.2340,8.7792,8.4607,0.4963,35
spider,base,blf,239,8.6013,8.2340,8.7792,8.4618,0.4975,35
spider,base,blf,240,8.6013,8.2347,8.7792,8.4631,0.4969,35
spider,base,blf,241,8.6013,8.2347,8.7792,8.4642,0.4965,35
spider,base,blf,242,8.6013,8.2347,8.7792,8.4647,0.4966,35
spider,base,blf,243,8.6013,8.2357,8.7792,8.4652,0.4965,35
spider,base,blf,244,8.6020,8.2366,8.7792,8.4666,0.4969,35
spider,base,blf,245,8.6020,8.2366,8.7799,8.4690,0.4978,35
spider,base,blf,246,8.6020,8.2366,8.7837,8.4696,0.4976,35
spider,base,blf,247,8.6020,8.2366,8.7837,8.4701,0.4977,35
spider,base,blf,248,8.6020,8.2432,8.7848,8.4714,0.4977,35
spider,base,blf,249,8.6026,8.2434,8.7848,8.4725,0.4967,35
spider,base,blf,250,8.6026,8.2434,8.7863,8.4737,0.4960,35
spider,base,blf,251,8.6026,8.2434,8.7863,8.4750,0.4940,35
spider,base,blf,252,8.6026,8.2450,8.7864,8.4756,0.4942,35
spider,base,blf,253,8.6026,8.2450,8.7873,8.4766,0.4947,35
spider,base,blf,254,8.6026,8.2450,8.7873,8.4782,0.4941,35
spider,base,blf,255,8.6026,8.2450,8.7873,8.4794,0.4933,35
spider,base,blf,256,8.6026,8.2450,8.7873,8.4810,0.4911,35
spider,base,blf,257,8.6026,8.2450,8.7873,8.4816,0.4913,35
spider,base,blf,258,8.6028,8.2450,8.7873,8.4839,0.4889,35
spider,base,blf,259,8.6028,8.2459,8.7897,8.4851,0.4897,35
spider,base,blf,260,8.6028,8.2459,8.7897,8.4854,0.4898,35
spider,base,blf,261,8.6039,8.2487,8.7928,8.4863,0.4895,35
spider,base,blf,262,8.6043,8.2515,8.7952,8.4870,0.4894,35
spider,base,blf,263,8.6048,8.2515,8.7952,8.4889,0.4877,35
spider,base,blf,264,8.6048,8.2515,8.7957,8.4891,0.4878,35
spider,base,blf,265,8.6048,8.2515,8.7957,8.4913,0.4841,35
spider,base,blf,266,8.6048,8.2515,8.7957,8.4915,0.4841,35
spider,base,blf,267,8.6052,8.2516,8.7957,8.4918,0.4844,35
spider,base,blf,268,8.6052,8.2516,8.7957,8.4927,0.4845,35
spider,base,blf,269,8.6077,8.2516,8.7957,8.4930,0.4847,35
spider,base,blf,270,8.6083,8.2516,8.7957,8.4941,0.4851,35
spider,base,blf,271,8.6083,8.2527,8.7957,8.4947,0.4854,35
spider,base,blf,272,8.6083,8.2537,8.7962,8.4954,0.4858,35
spider,base,blf,273,8.6083,8.2538,8.7963,8.4960,0.4856,35
spider,base,blf,274,8.6092,8.2538,8.7966,8.4968,0.4857,35
spider,base,blf,275,8.6092,8.2541,8.7966,8.4986,0.4834,35
spider,base,blf,276,8.6092,8.2546,8.7992,8.4991,0.4835,35
spider,base,blf,277,8.6096,8.2549,8.8011,8.4996,0.4833,35
spider,base,blf,278,8.6114,8.2555,8.8026,8.4997,0.4834,35
spider,base,blf,279,8.6122,8.2555,8.8026,8.5004,0.4832,35
spider,base,blf,280,8.6150,8.2555,8.8033,8.5009,0.4830,35
spider,base,blf,281,8.6150,8.2558,8.8033,8.5019,0.4841,35
spider,base,blf,282,8.6150,8.2563,8.8033,8.5028,0.4835,35
spider,base,blf,283,8.6163,8.2572,8.8033,8.5030,0.4835,35
spider,base,blf,284,8.6163,8.2573,8.8068,8.5033,0.4836,35
spider,base,blf,285,8.6163,8.2573,8.8068,8.5054,0.4815,35
spider,base,blf,286,8.6165,8.2573,8.8068,8.5063,0.4820,35
spider,base,blf,287,8.6201,8.2583,8.8078,8.5071,0.4827,35
spider,base,blf,288,8.6217,8.2587,8.8092,8.5089,0.4811,35
spider,base,blf,289,8.6217,8.2592,8.8092,8.5091,0.4811,35
spider,base,blf,290,8.6222,8.2595,8.8092,8.5094,0.4811,35
spider,base,blf,291,8.6222,8.2606,8.8092,8.5102,0.4808,35
spider,base,blf,292,8.6222,8.2616,8.8108,8.5107,0.4811,35
spider,base,blf,293,8.6222,8.2616,8.8108,8.5110,0.4810,35
spider,base,blf,294,8.6222,8.2630,8.8108,8.5115,0.4814,35
spider,base,blf,295,8.6242,8.2630,8.8108,8.5118,0.4814,35
spider,base,blf,296,8.6242,8.2630,8.8108,8.5123,0.4815,35
spider,base,blf,297,8.6259,8.2631,8.8108,8.5128,0.4817,35
spider,base,blf,298,8.6269,8.2641,8.8108,8.5130,0.4815,35
spider,base,blf,299,8.6269,8.2641,8.8108,8.5135,0.4815,35
spider,base,blf,300,8.6269,8.2643,8.8140,8.5143,0.4818,35
spider,phi,uncoupled,1,2.0213,1.7793,2.4855,2.1278,0.5466,35
spider,phi,uncoupled,2,2.5403,2.0286,3.0364,2.5838,0.6168,35
spider,phi,uncoupled,3,2.7702,2.4391,3.2233,2.8254,0.5425,35
spider,phi,uncoupled,4,3.0160,2.6256,3.3134,2.9839,0.5363,35
spider,phi,uncoupled,5,3.2052,2.6256,3.5627,3.1447,0.6155,35
spider,phi,uncoupled,6,3.2688,2.7586,3.8399,3.3415,0.6537,35
spider,phi,uncoupled,7,3.3558,3.0053,3.8512,3.4850,0.6820,35
spider,phi,uncoupled,8,3.5631,3.1754,3.8697,3.5816,0.6455,35
spider,phi,uncoupled,9,3.7120,3.1754,3.8705,3.6115,0.6434,35
spider,phi,uncoupled,10,3.7358,3.2369,3.9640,3.6791,0.6388,35
spider,phi,uncoupled,11,3.7488,3.4014,3.9803,3.7548,0.5808,35
spider,phi,uncoupled,12,3.7706,3.5054,3.9913,3.7783,0.5716,35
spider,phi,uncoupled,13,3.8531,3.5976,4.3100,3.8714,0.5923,35
spider,phi,uncoupled,14,3.8878,3.5976,4.3291,3.9243,0.5695,35
spider,phi,uncoupled,15,3.9204,3.6922,4.4435,4.0467,0.6581,35
spider,phi,uncoupled,16,3.9425,3.7000,4.4435,4.0792,0.6471,35
spider,phi,uncoupled,17,4.0402,3.7841,4.5188,4.1296,0.6662,35
spider,phi,uncoupled,18,4.2431,3.7841,4.5934,4.1926,0.6526,35
spider,phi,uncoupled,19,4.2994,3.8402,4.6889,4.2387,0.6471,35
spider,phi,uncoupled,20,4.3093,3.8668,4.6889,4.2645,0.6306,35
spider,phi,uncoupled,21,4.3093,3.8668,4.7703,4.2864,0.6505,35
spider,phi,uncoupled,22,4.3473,3.8697,4.7865,4.3287,0.6441,35
spider,phi,uncoupled,23,4.3666,3.8697,4.7865,4.3612,0.6818,35
spider,phi,uncoupled,24,4.3666,3.8697,4.7980,4.3756,0.6901,35
spider,phi,uncoupled,25,4.4690,3.9152,4.8540,4.4211,0.6891,35
spider,phi,uncoupled,26,4.4690,3.9152,4.8777,4.4390,0.7024,35
spider,phi,uncoupled,27,4.4733,3.9152,4.9794,4.5110,0.7395,35
spider,phi,uncoupled,28,4.5762,4.0035,5.1021,4.5609,0.7403,35
spider,phi,uncoupled,29,4.6212,4.0239,5.1021,4.6044,0.7203,35
spider,phi,uncoupled,30,4.6900,4.1499,5.1021,4.6622,0.7583,35
spider,phi,uncoupled,31,4.6900,4.2852,5.2538,4.7078,0.7514,35
spider,phi,uncoupled,32,4.7003,4.3518,5.3260,4.8212,0.7776,35
spider,phi,uncoupled,33,4.7003,4.4142,5.3260,4.8964,0.7395,35
spider,phi,uncoupled,34,4.7648,4.4361,5.3462,4.9261,0.7471,35
spider,phi,uncoupled,35,4.7841,4.4361,5.3462,4.9641,0.7937,35
spider,phi,uncoupled,36,4.7841,4.4361,5.3462,4.9928,0.8435,35
spider,phi,uncoupled,37,4.8120,4.4361,5.4447,5.0300,0.8659,35
spider,phi,uncoupled,38,4.8743,4.5405,5.4929,5.0915,0.9035,35
spider,phi,uncoupled,39,4.8743,4.6144,5.5571,5.1317,0.9123,35
spider,phi,uncoupled,40,4.8960,4.6144,5.5571,5.1455,0.9066,35
spider,phi,uncoupled,41,4.8960,4.6144,5.5571,5.1602,0.9393,35
spider,phi,uncoupled,42,4.9266,4.6497,5.5799,5.1998,0.9385,35
spider,phi,uncoupled,43,4.9266,4.6497,5.7155,5.2336,0.9654,35
spider,phi,uncoupled,44,5.1577,4.7249,5.7155,5.3022,0.9417,35
spider,phi,uncoupled,45,5.1577,4.7371,5.7155,5.3061,0.9397,35
spider,phi,uncoupled,46,5.2252,4.7371,5.7473,5.3391,0.9697,35
spider,phi,uncoupled,47,5.2252,4.7371,5.7549,5.3605,0.9907,35
spider,phi,uncoupled,48,5.2720,4.7510,5.7549,5.3864,0.9847,35
spider,phi,uncoupled,49,5.2720,4.7510,5.8115,5.4156,1.0294,35
spider,phi,uncoupled,50,5.3632,4.8135,5.9584,5.5320,0.9989,35
spider,phi,uncoupled,51,5.3632,4.8559,5.9584,5.5515,0.9977,35
spider,phi,uncoupled,52,5.3632,4.9134,6.0940,5.5979,1.0016,35
spider,phi,uncoupled,53,5.5689,4.9134,6.0940,5.6177,1.0005,35
spider,phi,uncoupled,54,5.6292,4.9134,6.1248,5.6712,0.9989,35
spider,phi,uncoupled,55,5.6546,5.1767,6.2601,5.7434,0.9779,35
spider,phi,uncoupled,56,5.8498,5.1767,6.3311,5.7883,0.9823,35
spider,phi,uncoupled,57,5.8725,5.2226,6.3445,5.8191,0.9836,35
spider,phi,uncoupled,58,5.8725,5.2226,6.3445,5.8191,0.9836,35
spider,phi,uncoupled,59,5.8725,5.2226,6.3954,5.8528,0.9897,35
spider,phi,uncoupled,60,6.0158,5.2465,6.4221,5.9075,0.9884,35
spider,phi,uncoupled,61,6.0158,5.2465,6.5647,5.9378,0.9871,35
spider,phi,uncoupled,62,6.1211,5.2465,6.6259,5.9861,1.0210,35
spider,phi,uncoupled,63,6.1211,5.2465,6.6778,6.0117,1.0244,35
spider,phi,uncoupled,64,6.1285,5.2565,6.6844,6.0378,1.0299,35
spider,phi,uncoupled,65,6.1285,5.2833,6.8303,6.0807,1.0348,35
spider,phi,uncoupled,66,6.1285,5.3511,6.8303,6.1015,1.0280,35
spider,phi,uncoupled,67,6.1285,5.3511,6.8605,6.1491,1.0535,35
spider,phi,uncoupled,68,6.2435,5.3740,6.8605,6.1790,1.0603,35
spider,phi,uncoupled,69,6.2435,5.4401,7.0425,6.2234,1.0832,35
spider,phi,uncoupled,70,6.4886,5.5536,7.0425,6.2955,1.0935,35
spider,phi,uncoupled,71,6.4989,5.6327,7.0425,6.3407,1.0934,35
spider,phi,uncoupled,72,6.8484,5.6327,7.2100,6.4163,1.1237,35
spider,phi,uncoupled,73,6.8817,5.6327,7.3414,6.4703,1.1262,35
spider,phi,uncoupled,74,6.8825,5.6327,7.3414,6.4872,1.1201,35
spider,phi,uncoupled,75,6.8964,5.8662,7.3414,6.5449,1.1220,35
spider,phi,uncoupled,76,6.8964,5.8662,7.3414,6.5524,1.1284,35
spider,phi,uncoupled,77,6.9188,5.8662,7.4346,6.5984,1.1148,35
spider,phi,uncoupled,78,6.9188,5.9323,7.4346,6.6318,1.0963,35
spider,phi,uncoupled,79,7.0205,5.9397,7.4346,6.6504,1.1035,35
spider,phi,uncoupled,80,7.0205,5.9397,7.4456,6.6701,1.1094,35
spider,phi,uncoupled,81,7.0205,5.9397,7.4456,6.6830,1.1022,35
spider,phi,uncoupled,82,7.0248,5.9616,7.4456,6.7371,1.1164,35
spider,phi,uncoupled,83,7.0261,6.0157,7.4456,6.7578,1.1124,35
spider,phi,uncoupled,84,7.0261,6.1173,7.4772,6.8052,1.1363,35
spider,phi,uncoupled,85,7.1569,6.1656,7.5249,6.8375,1.1322,35
spider,phi,uncoupled,86,7.1569,6.1656,7.6366,6.8649,1.1368,35
spider,phi,uncoupled,87,7.2183,6.2752,7.6366,6.9224,1.1323,35
spider,phi,uncoupled,88,7.2190,6.4417,7.6366,6.9522,1.1130,35
spider,phi,uncoupled,89,7.2315,6.4858,7.6646,6.9840,1.0956,35
spider,phi,uncoupled,90,7.2315,6.4858,7.7530,7.0488,1.0840,35
spider,phi,uncoupled,91,7.2380,6.5140,7.7530,7.0814,1.0641,35
spider,phi,uncoupled,92,7.2857,6.5140,7.7909,7.1201,1.0685,35
spider,phi,uncoupled,93,7.3495,6.5140,7.7958,7.1353,1.0668,35
spider,phi,uncoupled,94,7.4051,6.5140,7.8334,7.1512,1.0749,35
spider,phi,uncoupled,95,7.4807,6.6183,7.8602,7.1778,1.0728,35
spider,phi,uncoupled,96,7.5047,6.7135,7.9281,7.2147,1.0755,35
spider,phi,uncoupled,97,7.5497,6.7135,7.9320,7.2456,1.0733,35
spider,phi,uncoupled,98,7.6019,6.7135,7.9501,7.2935,1.0553,35
spider,phi,uncoupled,99,7.6364,6.7499,7.9682,7.3302,1.0672,35
spider,phi,uncoupled,100,7.6421,6.7585,8.0542,7.3422,1.0659,35
spider,phi,uncoupled,101,7.6809,6.8609,8.0542,7.3701,1.0620,35
spider,phi,uncoupled,102,7.6809,6.9663,8.1131,7.3860,1.0546,35
spider,phi,uncoupled,103,7.6936,7.0417,8.1332,7.4308,1.0031,35
spider,phi,uncoupled,104,7.7045,7.0417,8.1332,7.4483,1.0014,35
spider,phi,uncoupled,105,7.7701,7.0417,8.1332,7.4702,0.9859,35
spider,phi,uncoupled,106,7.7701,7.2781,8.1332,7.5082,0.9767,35
spider,phi,uncoupled,107,7.8173,7.2913,8.1332,7.5182,0.9782,35
spider,phi,uncoupled,108,7.8470,7.3236,8.1332,7.5453,0.9808,35
spider,phi,uncoupled,109,7.8621,7.3273,8.1995,7.5611,0.9882,35
spider,phi,uncoupled,110,7.8621,7.3633,8.2010,7.5969,0.9818,35
spider,phi,uncoupled,111,7.8621,7.3721,8.2010,7.6096,0.9794,35
spider,phi,uncoupled,112,7.9728,7.5051,8.2010,7.6372,0.9848,35
spider,phi,uncoupled,113,7.9728,7.5051,8.2010,7.6672,0.9662,35
spider,phi,uncoupled,114,7.9817,7.5051,8.2288,7.6845,0.9713,35
spider,phi,uncoupled,115,7.9817,7.5051,8.2641,7.6962,0.9709,35
spider,phi,uncoupled,116,7.9817,7.5069,8.2780,7.7188,0.9596,35
spider,phi,uncoupled,117,8.0145,7.5069,8.2928,7.7350,0.9674,35
spider,phi,uncoupled,118,8.0256,7.5069,8.2928,7.7527,0.9715,35
spider,phi,uncoupled,119,8.0295,7.6303,8.3271,7.7911,0.9670,35
spider,phi,uncoupled,120,8.0977,7.7315,8.3271,7.8174,0.9670,35
spider,phi,uncoupled,121,8.1006,7.7957,8.3271,7.8327,0.9667,35
spider,phi,uncoupled,122,8.1006,7.7957,8.3505,7.8402,0.9695,35
spider,phi,uncoupled,123,8.1066,7.7957,8.3515,7.8482,0.9740,35
spider,phi,uncoupled,124,8.1297,7.7957,8.3988,7.8671,0.9709,35
spider,phi,uncoupled,125,8.1297,7.7957,8.4089,7.8908,0.9360,35
spider,phi,uncoupled,126,8.1297,7.7957,8.4089,7.9083,0.9308,35
spider,phi,uncoupled,127,8.1297,7.7957,8.4089,7.9199,0.9341,35
spider,phi,uncoupled,128,8.1297,7.7957,8.4104,7.9425,0.8888,35
spider,phi,uncoupled,129,8.2200,7.7957,8.4368,7.9576,0.8883,35
spider,phi,uncoupled,130,8.2200,7.7957,8.4441,7.9663,0.8917,35
spider,phi,uncoupled,131,8.2200,7.7957,8.4441,7.9745,0.8912,35
spider,phi,uncoupled,132,8.2431,7.7973,8.4927,8.0007,0.8965,35
spider,phi,uncoupled,133,8.2507,7.7973,8.5126,8.0257,0.8811,35
spider,phi,uncoupled,134,8.2507,7.9641,8.5153,8.0470,0.8804,35
spider,phi,uncoupled,135,8.2796,7.9641,8.5625,8.0616,0.8847,35
spider,phi,uncoupled,136,8.2796,7.9641,8.5625,8.0716,0.8847,35
spider,phi,uncoupled,137,8.3258,7.9641,8.5688,8.0903,0.8850,35
spider,phi,uncoupled,138,8.3258,7.9641,8.5800,8.0956,0.8858,35
spider,phi,uncoupled,139,8.3258,7.9641,8.6125,8.1184,0.8937,35
spider,phi,uncoupled,140,8.3610,7.9902,8.6255,8.1295,0.8956,35
spider,phi,uncoupled,141,8.3679,8.0182,8.6255,8.1448,0.8813,35
spider,phi,uncoupled,142,8.3679,8.0182,8.6255,8.1555,0.8731,35
spider,phi,uncoupled,143,8.4067,8.0182,8.6478,8.1651,0.8752,35
spider,phi,uncoupled,144,8.4067,8.0182,8.6847,8.1771,0.8770,35
spider,phi,uncoupled,145,8.4256,8.0182,8.6847,8.1851,0.8815,35
spider,phi,uncoupled,146,8.4256,8.0182,8.7047,8.1888,0.8827,35
spider,phi,uncoupled,147,8.4256,8.0182,8.7317,8.1959,0.8862,35
spider,phi,uncoupled,148,8.4256,8.0182,8.7317,8.2084,0.8774,35
spider,phi,uncoupled,149,8.4671,8.0182,8.7332,8.2146,0.8797,35
spider,phi,uncoupled,150,8.4671,8.0438,8.7637,8.2324,0.8748,35
spider,phi,uncoupled,151,8.4671,8.0667,8.7637,8.2514,0.8588,35
spider,phi,uncoupled,152,8.4671,8.1177,8.7913,8.2588,0.8602,35
spider,phi,uncoupled,153,8.4671,8.1177,8.7913,8.2714,0.8593,35
spider,phi,uncoupled,154,8.4671,8.1313,8.7943,8.2788,0.8558,35
spider,phi,uncoupled,155,8.4671,8.1320,8.7943,8.2837,0.8552,35
spider,phi,uncoupled,156,8.4671,8.1581,8.7943,8.2918,0.8569,35
spider,phi,uncoupled,157,8.4671,8.1779,8.8021,8.3008,0.8601,35
spider,phi,uncoupled,158,8.5077,8.1833,8.8021,8.3169,0.8535,35
spider,phi,uncoupled,159,8.5077,8.1899,8.8043,8.3242,0.8521,35
spider,phi,uncoupled,160,8.5077,8.2471,8.8053,8.3361,0.8555,35
spider,phi,uncoupled,161,8.5328,8.2471,8.8439,8.3452,0.8576,35
spider,phi,uncoupled,162,8.5328,8.2478,8.8564,8.3644,0.8339,35
spider,phi,uncoupled,163,8.5363,8.2512,8.8564,8.3686,0.8297,35
spider,phi,uncoupled,164,8.5741,8.2512,8.8644,8.3791,0.8287,35
spider,phi,uncoupled,165,8.5741,8.2768,8.8644,8.3874,0.8310,35
spider,phi,uncoupled,166,8.5786,8.2768,8.8644,8.4004,0.8268,35
spider,phi,uncoupled,167,8.5903,8.2768,8.8928,8.4088,0.8289,35
spider,phi,uncoupled,168,8.6252,8.2768,8.9046,8.4179,0.8317,35
spider,phi,uncoupled,169,8.6252,8.3203,8.9046,8.4256,0.8282,35
spider,phi,uncoupled,170,8.6252,8.3203,8.9056,8.4314,0.8283,35
spider,phi,uncoupled,171,8.6256,8.3203,8.9222,8.4380,0.8286,35
spider,phi,uncoupled,172,8.6329,8.3203,8.9255,8.4463,0.8328,35
spider,phi,uncoupled,173,8.6333,8.3203,8.9361,8.4516,0.8344,35
spider,phi,uncoupled,174,8.6400,8.3267,8.9370,8.4575,0.8351,35
spider,phi,uncoupled,175,8.6781,8.3267,8.9519,8.4666,0.8375,35
spider,phi,uncoupled,176,8.6781,8.3267,8.9584,8.4809,0.8302,35
spider,phi,uncoupled,177,8.6781,8.3382,8.9609,8.4873,0.8338,35
spider,phi,uncoupled,178,8.6781,8.3382,8.9635,8.4893,0.8347,35
spider,phi,uncoupled,179,8.6781,8.3570,8.9635,8.5040,0.7927,35
spider,phi,uncoupled,180,8.6781,8.3693,8.9659,8.5099,0.7923,35
spider,phi,uncoupled,181,8.6781,8.3693,8.9691,8.5148,0.7932,35
spider,phi,uncoupled,182,8.6839,8.3752,8.9691,8.5246,0.7910,35
spider,phi,uncoupled,183,8.6839,8.4022,8.9694,8.5327,0.7942,35
spider,phi,uncoupled,184,8.7234,8.4022,8.9730,8.5391,0.7961,35
spider,phi,uncoupled,185,8.7234,8.4022,8.9730,8.5436,0.7962,35
spider,phi,uncoupled,186,8.7234,8.4022,8.9784,8.5479,0.7973,35
spider,phi,uncoupled,187,8.7298,8.4106,8.9814,8.5552,0.7931,35
spider,phi,uncoupled,188,8.7298,8.4106,8.9869,8.5587,0.7927,35
spider,phi,uncoupled,189,8.7560,8.4110,8.9898,8.5645,0.7944,35
spider,phi,uncoupled,190,8.7560,8.4143,8.9908,8.5714,0.7951,35
spider,phi,uncoupled,191,8.7560,8.4176,8.9908,8.5729,0.7956,35
spider,phi,uncoupled,192,8.7560,8.4458,8.9908,8.5832,0.7666,35
spider,phi,uncoupled,193,8.7560,8.4465,8.9944,8.5852,0.7668,35
spider,phi,uncoupled,194,8.7810,8.4599,8.9980,8.6020,0.7208,35
spider,phi,uncoupled,195,8.7911,8.4640,8.9999,8.6059,0.7204,35
spider,phi,uncoupled,196,8.7911,8.4640,9.0067,8.6226,0.6760,35
spider,phi,uncoupled,197,8.7977,8.4640,9.0110,8.6254,0.6769,35
spider,phi,uncoupled,198,8.8055,8.4697,9.0110,8.6296,0.6771,35
spider,phi,uncoupled,199,8.8055,8.4719,9.0110,8.6356,0.6777,35
spider,phi,uncoupled,200,8.8085,8.4719,9.0110,8.6392,0.6766,35
spider,phi,uncoupled,201,8.8169,8.4719,9.0201,8.6637,0.5994,35
spider,phi,uncoupled,202,8.8169,8.4981,9.0201,8.6671,0.5986,35
spider,phi,uncoupled,203,8.8236,8.5148,9.0235,8.6717,0.5946,35
spider,phi,uncoupled,204,8.8236,8.5505,9.0235,8.6762,0.5947,35
spider,phi,uncoupled,205,8.8236,8.5579,9.0235,8.6769,0.5944,35
spider,phi,uncoupled,206,8.8236,8.5801,9.0238,8.6822,0.5925,35
spider,phi,uncoupled,207,8.8273,8.5801,9.0246,8.6854,0.5928,35
spider,phi,uncoupled,208,8.8273,8.5801,9.0246,8.6905,0.5935,35
spider,phi,uncoupled,209,8.8273,8.5801,9.0246,8.6921,0.5944,35
spider,phi,uncoupled,210,8.8274,8.5801,9.0285,8.6953,0.5963,35
spider,phi,uncoupled,211,8.8418,8.5801,9.0332,8.6975,0.5964,35
spider,phi,uncoupled,212,8.8418,8.5801,9.0332,8.6988,0.5970,35
spider,phi,uncoupled,213,8.8418,8.5801,9.0332,8.7024,0.5970,35
spider,phi,uncoupled,214,8.8418,8.5980,9.0344,8.7063,0.5989,35
spider,phi,uncoupled,215,8.8457,8.5980,9.0355,8.7092,0.5999,35
spider,phi,uncoupled,216,8.8545,8.6000,9.0398,8.7111,0.6002,35
spider,phi,uncoupled,217,8.8545,8.6000,9.0403,8.7143,0.5988,35
spider,phi,uncoupled,218,8.8545,8.6000,9.0403,8.7157,0.5980,35
spider,phi,uncoupled,219,8.8545,8.6000,9.0403,8.7223,0.5787,35
spider,phi,uncoupled,220,8.8545,8.6009,9.0403,8.7246,0.5800,35
spider,phi,uncoupled,221,8.8631,8.6009,9.0403,8.7296,0.5806,35
spider,phi,uncoupled,222,8.8639,8.6042,9.0403,8.7311,0.5809,35
spider,phi,uncoupled,223,8.8665,8.6052,9.0422,8.7342,0.5769,35
spider,phi,uncoupled,224,8.8696,8.6260,9.0466,8.7384,0.5778,35
spider,phi,uncoupled,225,8.8735,8.6260,9.0466,8.7405,0.5772,35
spider,phi,uncoupled,226,8.8735,8.6280,9.0471,8.7413,0.5777,35
spider,phi,uncoupled,227,8.8735,8.6280,9.0471,8.7433,0.5785,35
spider,phi,uncoupled,228,8.8735,8.6304,9.0471,8.7450,0.5796,35
spider,phi,uncoupled,229,8.8750,8.6322,9.0471,8.7513,0.5674,35
spider,phi,uncoupled,230,8.8780,8.6357,9.0524,8.7552,0.5695,35
spider,phi,uncoupled,231,8.8821,8.6357,9.0524,8.7609,0.5563,35
spider,phi,uncoupled,232,8.8821,8.6417,9.0563,8.7662,0.5482,35
spider,phi,uncoupled,233,8.8821,8.6439,9.0563,8.7681,0.5481,35
spider,phi,uncoupled,234,8.8821,8.6439,9.0563,8.7703,0.5494,35
spider,phi,uncoupled,235,8.9020,8.6439,9.0563,8.7723,0.5498,35
spider,phi,uncoupled,236,8.9031,8.6439,9.0563,8.7750,0.5497,35
spider,phi,uncoupled,237,8.9034,8.6459,9.0563,8.7776,0.5496,35
spider,phi,uncoupled,238,8.9034,8.6498,9.0604,8.7889,0.5274,35
spider,phi,uncoupled,239,8.9046,8.6498,9.0604,8.7902,0.5285,35
spider,phi,uncoupled,240,8.9059,8.6503,9.0611,8.7909,0.5281,35
spider,phi,uncoupled,241,8.9114,8.6546,9.0611,8.8002,0.5084,35
spider,phi,uncoupled,242,8.9114,8.6546,9.0611,8.8017,0.5095,35
spider,phi,uncoupled,243,8.9140,8.6568,9.0611,8.8034,0.5099,35
spider,phi,uncoupled,244,8.9171,8.6579,9.0617,8.8037,0.5095,35
spider,phi,uncoupled,245,8.9171,8.6614,9.0618,8.8044,0.5097,35
spider,phi,uncoupled,246,8.9174,8.6614,9.0632,8.8083,0.5147,35
spider,phi,uncoupled,247,8.9174,8.6653,9.0634,8.8100,0.5150,35
spider,phi,uncoupled,248,8.9198,8.6672,9.0642,8.8116,0.5152,35
spider,phi,uncoupled,249,8.9260,8.6685,9.0671,8.8144,0.5161,35
spider,phi,uncoupled,250,8.9290,8.6685,9.0687,8.8149,0.5166,35
spider,phi,uncoupled,251,8.9310,8.6685,9.0687,8.8160,0.5159,35
spider,phi,uncoupled,252,8.9356,8.6685,9.0687,8.8167,0.5164,35
spider,phi,uncoupled,253,8.9356,8.6692,9.0687,8.8173,0.5170,35
spider,phi,uncoupled,254,8.9356,8.6698,9.0687,8.8180,0.5171,35
spider,phi,uncoupled,255,8.9356,8.6731,9.0699,8.8188,0.5174,35
spider,phi,uncoupled,256,8.9406,8.6751,9.0699,8.8217,0.5175,35
spider,phi,uncoupled,257,8.9406,8.6751,9.0699,8.8231,0.5156,35
spider,phi,uncoupled,258,8.9417,8.6751,9.0699,8.8237,0.5148,35
spider,phi,uncoupled,259,8.9417,8.6764,9.0711,8.8249,0.5145,35
spider,phi,uncoupled,260,8.9429,8.6764,9.0714,8.8266,0.5152,35
spider,phi,uncoupled,261,8.9482,8.6773,9.0733,8.8284,0.5178,35
spider,phi,uncoupled,262,8.9482,8.6779,9.0733,8.8329,0.5107,35
spider,phi,uncoupled,263,8.9482,8.6825,9.0736,8.8344,0.5114,35
spider,phi,uncoupled,264,8.9482,8.6825,9.0749,8.8352,0.5112,35
spider,phi,uncoupled,265,8.9482,8.6825,9.0759,8.8365,0.5115,35
spider,phi,uncoupled,266,8.9512,8.6825,9.0841,8.8383,0.5111,35
spider,phi,uncoupled,267,8.9512,8.6842,9.0846,8.8398,0.5126,35
spider,phi,uncoupled,268,8.9512,8.6842,9.0866,8.8415,0.5132,35
spider,phi,uncoupled,269,8.9520,8.6842,9.0867,8.8422,0.5134,35
spider,phi,uncoupled,270,8.9524,8.6867,9.0867,8.8425,0.5134,35
spider,phi,uncoupled,271,8.9624,8.6868,9.0867,8.8440,0.5126,35
spider,phi,uncoupled,272,8.9624,8.6868,9.0874,8.8446,0.5125,35
spider,phi,uncoupled,273,8.9624,8.6882,9.0874,8.8473,0.5150,35
spider,phi,uncoupled,274,8.9624,8.6896,9.0874,8.8508,0.5102,35
spider,phi,uncoupled,275,8.9624,8.6908,9.0874,8.8546,0.5064,35
spider,phi,uncoupled,276,8.9624,8.6908,9.0874,8.8555,0.5070,35
spider,phi,uncoupled,277,8.9624,8.6908,9.0874,8.8561,0.5072,35
spider,phi,uncoupled,278,8.9624,8.6908,9.0874,8.8570,0.5071,35
spider,phi,uncoupled,279,8.9624,8.6924,9.0874,8.8572,0.5070,35
spider,phi,uncoupled,280,8.9624,8.6924,9.0874,8.8576,0.5071,35
spider,phi,uncoupled,281,8.9624,8.6936,9.0874,8.8579,0.5071,35
spider,phi,uncoupled,282,8.9624,8.6938,9.0874,8.8580,0.5070,35
spider,phi,uncoupled,283,8.9668,8.6938,9.0874,8.8589,0.5078,35
spider,phi,uncoupled,284,8.9668,8.6938,9.0889,8.8598,0.5073,35
spider,phi,uncoupled,285,8.9668,8.6938,9.0889,8.8601,0.5071,35
spider,phi,uncoupled,286,8.9668,8.6938,9.0889,8.8616,0.5081,35
spider,phi,uncoupled,287,8.9693,8.6938,9.0889,8.8617,0.5081,35
spider,phi,uncoupled,288,8.9740,8.6938,9.0889,8.8634,0.5099,35
spider,phi,uncoupled,289,8.9740,8.6938,9.0906,8.8641,0.5097,35
spider,phi,uncoupled,290,8.9740,8.6938,9.0906,8.8660,0.5076,35
spider,phi,uncoupled,291,8.9740,8.6958,9.0906,8.8663,0.5074,35
spider,phi,uncoupled,292,8.9740,8.6958,9.0906,8.8672,0.5070,35
spider,phi,uncoupled,293,8.9740,8.6958,9.0906,8.8675,0.5070,35
spider,phi,uncoupled,294,8.9740,8.6985,9.0916,8.8683,0.5074,35
spider,phi,uncoupled,295,8.9740,8.6986,9.0917,8.8685,0.5074,35
spider,phi,uncoupled,296,8.9740,8.6986,9.0917,8.8692,0.5083,35
spider,phi,uncoupled,297,8.9740,8.6986,9.0917,8.8707,0.5072,35
spider,phi,uncoupled,298,8.9740,8.6986,9.0917,8.8718,0.5096,35
spider,phi,uncoupled,299,8.9740,8.6986,9.0917,8.8731,0.5084,35
spider,phi,uncoupled,300,8.9740,8.6987,9.0917,8.8734,0.5082,35
