robot,variant,coupling,terrain,generation,median,q25,q75,mean,std,n
babya,base,blf,flat,1,1.588503357746498,1.3210051268552059,2.0691445000162894,1.7327418119215237,0.616747179089504,30
babya,base,blf,flat,2,2.0569935273851137,1.7135335500067632,2.4907770741210404,2.1775308400350446,0.6652085189164341,30
babya,base,blf,flat,3,2.5249586057666455,2.226400059617393,3.4231187824066795,2.7867322469178797,0.8103130039074702,30
babya,base,blf,flat,4,2.815535293979406,2.4329057954018563,3.566549214644688,3.025452531588931,0.7702187986600548,30
babya,base,blf,flat,5,3.0844293515136387,2.6018692779213426,3.579125443910892,3.169570109678348,0.6939365945795078,30
babya,base,blf,flat,6,3.3255485849841153,2.7672433811281287,3.681048311424286,3.2878550222903042,0.6528854781623196,30
babya,base,blf,flat,7,3.37282065148794,2.970639454664031,3.726784568867051,3.4062387771875136,0.5847623403371135,30
babya,base,blf,flat,8,3.578131948864214,3.175542879961986,4.044522407520983,3.589029833394077,0.6967839579927295,30
babya,base,blf,flat,9,3.7839349143064,3.3070587696814986,4.1011945723342595,3.8063040869381077,0.8163474272622973,30
babya,base,blf,flat,10,3.965648064082308,3.4285048868173194,4.2241788367868764,3.9412781782946045,0.8571945637981289,30
babya,base,blf,flat,11,3.995117754934049,3.4993979678624783,4.6212001635452085,4.014102173672656,0.8832940293902438,30
babya,base,blf,flat,12,4.031114264452682,3.5302833777434732,4.732471832083281,4.122070157514929,0.9287649747982941,30
babya,base,blf,flat,13,4.177829588631587,3.7636419819463844,4.984566795414826,4.311009379660675,0.9484743757829917,30
babya,base,blf,flat,14,4.1995299817558,3.9541740271436696,4.984566795414826,4.379446323130492,0.9176532077814441,30
babya,base,blf,flat,15,4.536681924017202,4.030540098790957,5.126820837669799,4.5477305223197,0.93175148960026,30
babya,base,blf,flat,16,4.536681924017202,4.030540098790957,5.126820837669799,4.609556832108045,0.9845453972309317,30
babya,base,blf,flat,17,4.536681924017202,4.030540098790957,5.412948471439621,4.7279206128466145,1.1484574421113831,30
babya,base,blf,flat,18,4.6718098152617,4.030540098790957,5.634418759385426,4.817640238236313,1.185778897048951,30
babya,base,blf,flat,19,4.745300287480841,4.033101764054459,5.736121362839325,4.878063160985115,1.1950051608139436,30
babya,base,blf,flat,20,4.745300287480841,4.033101764054459,5.736121362839325,4.884031956924184,1.1865852038641547,30
babya,base,blf,flat,21,4.745300287480841,4.114683569158292,5.736121362839325,4.944370105881017,1.122304553374324,30
babya,base,blf,flat,22,4.898964163733313,4.114683569158292,5.736121362839325,4.9587488285066055,1.116712114764384,30
babya,base,blf,flat,23,5.124993854995317,4.175083744906818,5.736121362839325,5.095496332121973,1.1549961884474806,30
babya,base,blf,flat,24,5.124993854995317,4.175083744906818,5.819995170867821,5.138565298054947,1.1813478212851323,30
babya,base,blf,flat,25,5.124993854995317,4.175083744906818,5.819995170867821,5.16027293285647,1.1724243935305818,30
babya,base,blf,flat,26,5.19617784669619,4.240803304993824,5.819995170867821,5.21214930960053,1.1726709182893902,30
babya,base,blf,flat,27,5.296544725580803,4.240803304993824,6.153709372594339,5.322178676717328,1.159100355454864,30
babya,base,blf,flat,28,5.6340699512641,4.352129519420673,6.226904097575166,5.450943080867827,1.0996194639961572,30
babya,base,blf,flat,29,5.6340699512641,4.352129519420673,6.226904097575166,5.450943080867827,1.0996194639961572,30
babya,base,blf,flat,30,5.6340699512641,4.4931380892580846,6.226904097575166,5.5104512864462025,1.0944141014595832,30
babya,base,blf,flat,31,5.6340699512641,4.4931380892580846,6.2669536933295396,5.52634554801139,1.099094046501927,30
babya,base,blf,flat,32,5.6340699512641,4.4931380892580846,6.2669536933295396,5.536598210543556,1.0925270775199412,30
babya,base,blf,flat,33,5.7038850396504746,4.599161147259167,6.2669536933295396,5.582389080645483,1.0777359444239685,30
babya,base,blf,flat,34,5.7038850396504746,4.599161147259167,6.296443211000897,5.609198562806223,1.104626314110176,30
babya,base,blf,flat,35,5.740905095756855,4.6572967312741484,6.296443211000897,5.7010904508499065,1.1662975171109995,30
babya,base,blf,flat,36,5.740905095756855,4.789655688945802,6.296443211000897,5.7235303026506905,1.1490510715045235,30
babya,base,blf,flat,37,5.759850217906442,4.932120120906233,6.296443211000897,5.796681176212187,1.1750382943681064,30
babya,base,blf,flat,38,5.759850217906442,5.100453764999411,6.296443211000897,5.862340285231918,1.1667496170299272,30
babya,base,blf,flat,39,5.759850217906442,5.100453764999411,6.296443211000897,5.880040190957392,1.1505733102083548,30
babya,base,blf,flat,40,6.059313758171037,5.45871363789473,6.5496782593473615,6.063250465410161,1.1635060821360046,30
babya,base,blf,flat,41,6.092694804057949,5.541281055376027,6.652409694250712,6.15796367258283,1.1673878771604793,30
babya,base,blf,flat,42,6.092694804057949,5.541281055376027,6.652409694250712,6.168523426812532,1.183529724385868,30
babya,base,blf,flat,43,6.094467424859481,5.692575338020491,6.844988431247067,6.239610483361322,1.162799383825923,30
babya,base,blf,flat,44,6.22652355347452,5.769044906729812,6.844988431247067,6.3095914071850725,1.1351746499904922,30
babya,base,blf,flat,45,6.2776801184522135,5.769044906729812,7.023615068536303,6.425448833859166,1.1949890457344963,30
babya,base,blf,flat,46,6.313304048963866,5.830091864790072,7.089423000598685,6.485927242625115,1.1593834867838833,30
babya,base,blf,flat,47,6.313465056220725,5.830091864790072,7.271276287314198,6.525794651180887,1.185331479227906,30
babya,base,blf,flat,48,6.490632044933513,6.0432485778512355,7.271276287314198,6.598474271050851,1.1834735293832133,30
babya,base,blf,flat,49,6.490632044933513,6.0432485778512355,7.452001576967302,6.6226501599026095,1.1990346453359564,30
babya,base,blf,flat,50,6.533523521352208,6.0432485778512355,7.452001576967302,6.672520930173283,1.2305315783841402,30
babya,base,blf,flat,51,6.626882574556957,6.0432485778512355,7.452001576967302,6.6928703010703625,1.2396751534586743,30
babya,base,blf,flat,52,6.671246898997771,6.069653203644435,7.452001576967302,6.724095216531753,1.2338625889564239,30
babya,base,blf,flat,53,6.671246898997771,6.069653203644435,7.634007190139224,6.768053169028715,1.254175017478305,30
babya,base,blf,flat,54,6.935367754703158,6.260002719681704,7.6603561052683204,6.905895768530448,1.2574866053451546,30
babya,base,blf,flat,55,6.946666550625839,6.260002719681704,7.722156635957418,6.9117725370294485,1.2601819996916153,30
babya,base,blf,flat,56,6.946666550625839,6.260002719681704,7.726855611889963,6.929671400859331,1.2741250744166646,30
babya,base,blf,flat,57,6.946666550625839,6.263989769633117,8.172095001745463,6.976188711743641,1.3031661162609596,30
babya,base,blf,flat,58,6.9784909427610895,6.263989769633117,8.172095001745463,7.01446787831916,1.3300904622370973,30
babya,base,blf,flat,59,7.073258222390959,6.314499709307215,8.175141167786188,7.040089948377213,1.330803398340473,30
babya,base,blf,flat,60,7.073266853647366,6.314499709307215,8.175141167786188,7.062912880247676,1.3253307208422076,30
babya,base,blf,flat,61,7.1394490941938695,6.314499709307215,8.175141167786188,7.117074772419996,1.3060696298535577,30
babya,base,blf,flat,62,7.1394490941938695,6.335945447516563,8.18769092885872,7.172531153515673,1.3052840012509357,30
babya,base,blf,flat,63,7.185633375444251,6.335945447516563,8.18769092885872,7.182228565608608,1.3051380222800393,30
babya,base,blf,flat,64,7.258324050547349,6.574317153125851,8.344141844781475,7.2477639906930085,1.315775284127271,30
babya,base,blf,flat,65,7.258324050547349,6.6388957627581275,8.344141844781475,7.300495140095432,1.3277667251184837,30
babya,base,blf,flat,66,7.2947558307035845,6.6388957627581275,8.344141844781475,7.357453052533975,1.391084656147099,30
babya,base,blf,flat,67,7.2947558307035845,6.663541094925652,8.344141844781475,7.372971148326828,1.385124868481738,30
babya,base,blf,flat,68,7.337884650435764,6.663541094925652,8.477903028925173,7.456718504786211,1.4695694236744987,30
babya,base,blf,flat,69,7.5468856929044765,6.663541094925652,8.493182581083666,7.499805041599624,1.4667068728923762,30
babya,base,blf,flat,70,7.5468856929044765,6.669821984788677,8.493182581083666,7.505941224942171,1.472355981997379,30
babya,base,blf,flat,71,7.5468856929044765,6.669821984788677,8.56471725611662,7.565035250500582,1.4940708309987436,30
babya,base,blf,flat,72,7.777308646862917,6.669821984788677,8.56471725611662,7.600099689590641,1.4983592356330397,30
babya,base,blf,flat,73,7.777308646862917,6.669821984788677,8.616508887333353,7.631702830220838,1.4782659630320334,30
babya,base,blf,flat,74,7.779670277322333,6.669821984788677,8.616508887333353,7.6656571914420315,1.4878532593244547,30
babya,base,blf,flat,75,7.8119023656832045,6.669821984788677,8.916631671113976,7.7228155046991365,1.505781651417755,30
babya,base,blf,flat,76,7.818593306614922,6.821756573485212,8.916631671113976,7.782214978679514,1.482500472768576,30
babya,base,blf,flat,77,7.8306343372523095,6.943069517872683,8.916631671113976,7.856248595016814,1.4563562532620449,30
babya,base,blf,flat,78,7.856207336771476,7.011052611878533,8.916631671113976,7.922749882282322,1.4962915255525733,30
babya,base,blf,flat,79,7.856207336771476,7.011052611878533,8.916631671113976,7.926144319694509,1.4941089678272197,30
babya,base,blf,flat,80,7.856207336771476,7.2946816165303545,8.927477658481296,8.006173664970968,1.452991083376007,30
babya,base,blf,flat,81,7.856207336771476,7.2946816165303545,9.127363055636344,8.057919949614732,1.479687799211193,30
babya,base,blf,flat,82,7.856207336771476,7.2946816165303545,9.127363055636344,8.059510483503235,1.4781453355990024,30
babya,base,blf,flat,83,8.057429764792712,7.322212829207017,9.1405588687435,8.111903751314756,1.471620799031973,30
babya,base,blf,flat,84,8.149119495004458,7.4375330677775615,9.1405588687435,8.1687249886268,1.439467636506256,30
babya,base,blf,flat,85,8.149119495004458,7.4375330677775615,9.171365190529649,8.184952553846623,1.431891769557902,30
babya,base,blf,flat,86,8.241054966303734,7.4375330677775615,9.273164621951887,8.229244132662346,1.4423969544020534,30
babya,base,blf,flat,87,8.377655574738373,7.521599094824042,9.273164621951887,8.309576975506745,1.4618583677364847,30
babya,base,blf,flat,88,8.377655574738373,7.524679282937629,9.483661517312873,8.334041158148153,1.4757172536730563,30
babya,base,blf,flat,89,8.377655574738373,7.602463377635623,9.497746657665447,8.359017683097688,1.481246371479299,30
babya,base,blf,flat,90,8.377655574738373,7.653877027655019,9.548610388416662,8.421594941169293,1.4297433172968608,30
babya,base,blf,flat,91,8.46505557370961,7.857576852127297,9.548610388416662,8.49408658016297,1.4507731730987812,30
babya,base,blf,flat,92,8.46505557370961,7.863680992090534,9.548610388416662,8.521879329976837,1.434464481772958,30
babya,base,blf,flat,93,8.510148232961559,7.863680992090534,9.548610388416662,8.549182247558054,1.4088432229358725,30
babya,base,blf,flat,94,8.537233698795028,7.896054025663656,9.568110153442358,8.617849843171326,1.3894386669880257,30
babya,base,blf,flat,95,8.537233698795028,7.896054025663656,9.754716190562801,8.66160176246834,1.389965319027964,30
babya,base,blf,flat,96,8.631314354615029,7.924405317206583,9.807233830363401,8.712769294035159,1.4306196137443608,30
babya,base,blf,flat,97,8.641760097193188,7.924405317206583,9.807233830363401,8.728151369893673,1.4212792727474122,30
babya,base,blf,flat,98,8.641760097193188,7.924405317206583,9.807233830363401,8.739545133595898,1.43213539481851,30
babya,base,blf,flat,99,8.650719107515375,7.9634760230715536,9.807233830363401,8.767282376455967,1.4303399261004368,30
babya,base,blf,flat,100,8.650719107515375,7.9634760230715536,9.807233830363401,8.7909302262547,1.4432048565899729,30
babya,base,blf,flat,101,8.650719107515375,7.9634760230715536,9.807233830363401,8.8123847693577,1.422649516662658,30
babya,base,blf,flat,102,8.745050197693978,7.9634760230715536,9.83650952845018,8.849804407309879,1.4358814021748438,30
babya,base,blf,flat,103,8.832744286227255,7.9634760230715536,9.926457651685958,8.930688719644932,1.4490587578760017,30
babya,base,blf,flat,104,8.832744286227255,8.225445726967752,9.926457651685958,8.949228600994653,1.4312045465258967,30
babya,base,blf,flat,105,8.923948913148914,8.225445726967752,9.992259291210837,9.000104578965049,1.472976526839999,30
babya,base,blf,flat,106,9.305747778592394,8.225445726967752,9.992259291210837,9.057435866423475,1.4694758223694129,30
babya,base,blf,flat,107,9.305747778592394,8.225445726967752,9.992259291210837,9.081480485258133,1.4846928720547201,30
babya,base,blf,flat,108,9.305747778592394,8.262435175704207,9.994113399435413,9.115642982877688,1.4777189198814298,30
babya,base,blf,flat,109,9.305747778592394,8.359882822643154,9.994113399435413,9.150157751242812,1.4313654737194217,30
babya,base,blf,flat,110,9.305747778592394,8.497298973767961,9.994113399435413,9.195777446442786,1.4163333200077466,30
babya,base,blf,flat,111,9.305747778592394,8.497298973767961,9.994113399435413,9.220878220819895,1.4222527006246084,30
babya,base,blf,flat,112,9.34707858517353,8.497298973767961,9.994113399435413,9.278221620342,1.4770698746299733,30
babya,base,blf,flat,113,9.34707858517353,8.529409555878642,9.994113399435413,9.285991947528329,1.4746143900992164,30
babya,base,blf,flat,114,9.44133024775829,8.529409555878642,9.994113399435413,9.313312207134704,1.4523561343662719,30
babya,base,blf,flat,115,9.44133024775829,8.529409555878642,9.994113399435413,9.316013698592988,1.4571336466979765,30
babya,base,blf,flat,116,9.538625055146717,8.529409555878642,9.994113399435413,9.342279696329744,1.4437334767307552,30
babya,base,blf,flat,117,9.538625055146717,8.569578421993274,9.994113399435413,9.353550038562975,1.4391773038345375,30
babya,base,blf,flat,118,9.538625055146717,8.645688238000345,10.139666580292184,9.389304900989695,1.424023808053807,30
babya,base,blf,flat,119,9.546546764029866,8.645688238000345,10.145998834684889,9.408895537237289,1.428570091670981,30
babya,base,blf,flat,120,9.613972623227294,8.785459360063589,10.14995141584264,9.462901897937327,1.3898909991874553,30
babya,base,blf,flat,121,9.737484304346653,8.785459360063589,10.14995141584264,9.48422959407211,1.3895326897681046,30
babya,base,blf,flat,122,9.737484304346653,8.785459360063589,10.228580295283304,9.498528742305682,1.3832136099216814,30
babya,base,blf,flat,123,9.854272408973632,8.785459360063589,10.228580295283304,9.531135017467433,1.3810109655926572,30
babya,base,blf,flat,124,9.854272408973632,8.785459360063589,10.234921468814477,9.557207815170043,1.3691250362942418,30
babya,base,blf,flat,125,9.854272408973632,8.785459360063589,10.234998137675309,9.578469982999943,1.3797353240619732,30
babya,base,blf,flat,126,9.854272408973632,8.882578655520845,10.42299270547162,9.623463435976367,1.390054910780309,30
babya,base,blf,flat,127,9.854272408973632,8.922218262589514,10.42299270547162,9.640112352142543,1.3791685583335904,30
babya,base,blf,flat,128,9.896835548885004,8.932514927696914,10.42299270547162,9.692872743025891,1.461571524240748,30
babya,base,blf,flat,129,9.896835548885004,8.932514927696914,10.42299270547162,9.720107580407921,1.4260453131824598,30
babya,base,blf,flat,130,9.91510518952429,8.94450172231658,10.42299270547162,9.73716540088903,1.4231852961182785,30
babya,base,blf,flat,131,9.91510518952429,8.94759240386113,10.42299270547162,9.779863112001467,1.4042850945714982,30
babya,base,blf,flat,132,9.961000389962521,8.94759240386113,10.42299270547162,9.815490655217877,1.4057565418018447,30
babya,base,blf,flat,133,10.013782824719414,8.94759240386113,10.424961650215202,9.871189239919524,1.3732270224321839,30
babya,base,blf,flat,134,10.080620540918037,9.080235256134165,10.425840170985927,9.888121592459024,1.3635675772091644,30
babya,base,blf,flat,135,10.084108665866406,9.256973921349825,10.43697020703457,9.91884410706617,1.3831178744745047,30
babya,base,blf,flat,136,10.088843425329374,9.256973921349825,10.492377726783522,9.962729238713207,1.4060493049510376,30
babya,base,blf,flat,137,10.088843425329374,9.256973921349825,10.503066747975502,9.980474722853051,1.3977264106701868,30
babya,base,blf,flat,138,10.088843425329374,9.256973921349825,10.564398984919817,10.006730887299243,1.3944287324028244,30
babya,base,blf,flat,139,10.088843425329374,9.354680630658901,10.56455804105012,10.01341142716005,1.3912141134265539,30
babya,base,blf,flat,140,10.14922588624901,9.354680630658901,10.56455804105012,10.028545357460107,1.3980743022260027,30
babya,base,blf,flat,141,10.14922588624901,9.40010242414575,10.56455804105012,10.057770131403169,1.4026134768162095,30
babya,base,blf,flat,142,10.189439550234146,9.501374423980195,10.56455804105012,10.117431684682781,1.4086279503736503,30
babya,base,blf,flat,143,10.217346694798131,9.59936935427401,10.613100883767457,10.145454710905373,1.4049659567806205,30
babya,base,blf,flat,144,10.237351224402847,9.59936935427401,10.648573392063806,10.158564187815141,1.4070568812019688,30
babya,base,blf,flat,145,10.238333347628672,9.619447648766457,10.648573392063806,10.164363859120755,1.4050700933409197,30
babya,base,blf,flat,146,10.292958345334164,9.620588919335823,10.648573392063806,10.181346463744985,1.3955117491454052,30
babya,base,blf,flat,147,10.305841959428335,9.634236367478874,10.648573392063806,10.207334897707446,1.4074617131238167,30
babya,base,blf,flat,148,10.305841959428335,9.634236367478874,10.673252452084569,10.244051313786825,1.4403979095040178,30
babya,base,blf,flat,149,10.370164027561206,9.78099185423585,10.673252452084569,10.268616374165742,1.4319591706198842,30
babya,base,blf,flat,150,10.370164027561206,9.78099185423585,10.707808181912847,10.287909831606486,1.4304609797720087,30
babya,base,blf,flat,151,10.37261647618686,9.78099185423585,10.716911285939936,10.319783805827763,1.4592706854460187,30
babya,base,blf,flat,152,10.373874265118658,9.815942095642336,10.716911285939936,10.341854598637712,1.4733559255416258,30
babya,base,blf,flat,153,10.378689480719826,9.816515045322028,10.816205792373179,10.35834091930705,1.4955104492818752,30
babya,base,blf,flat,154,10.406143273988206,9.816515045322028,10.855570334222534,10.387727116110037,1.484697953834823,30
babya,base,blf,flat,155,10.406143273988206,9.824524337590917,10.855570334222534,10.434190462032166,1.4891096331197875,30
babya,base,blf,flat,156,10.415671187538141,9.824524337590917,10.855570334222534,10.460161233811059,1.519285065705532,30
babya,base,blf,flat,157,10.423260244623162,9.824524337590917,10.855649873855226,10.472892123891777,1.5108573815335022,30
babya,base,blf,flat,158,10.423260244623162,9.891788101776886,10.867336912978567,10.500223999229693,1.4994921710761773,30
babya,base,blf,flat,159,10.423260244623162,9.891788101776886,10.88786662955195,10.517964609609216,1.4995514741780749,30
babya,base,blf,flat,160,10.423472855151562,9.891788101776886,10.889216667464613,10.527168964886407,1.4961364792030605,30
babya,base,blf,flat,161,10.477781267445202,9.927981742220009,10.889216667464613,10.539254535734404,1.4869103155287522,30
babya,base,blf,flat,162,10.489261681174085,9.949396059103018,10.911902239215788,10.55116205831968,1.4808450761452272,30
babya,base,blf,flat,163,10.536665107737686,9.973755539593855,10.935870209338733,10.576789272732418,1.510118026296093,30
babya,base,blf,flat,164,10.536665107737686,9.973755539593855,10.935870209338733,10.592323365951275,1.5152878014667466,30
babya,base,blf,flat,165,10.536665107737686,10.016971177687049,10.987187360738686,10.61843883754792,1.546225861261881,30
babya,base,blf,flat,166,10.545388464066239,10.016971177687049,10.989684726753836,10.627962453228857,1.5429713244783312,30
babya,base,blf,flat,167,10.54593775166955,10.045987324963527,11.062858320146296,10.652410690765311,1.5704642799761586,30
babya,base,blf,flat,168,10.55746436348992,10.045987324963527,11.062858320146296,10.680962318767216,1.568365332621442,30
babya,base,blf,flat,169,10.55746436348992,10.074504593545164,11.10565217152288,10.691381268439706,1.5668408674262393,30
babya,base,blf,flat,170,10.55746436348992,10.133191336226108,11.119234243653766,10.717701921213662,1.5618626446866735,30
babya,base,blf,flat,171,10.55746436348992,10.133191336226108,11.168039067452945,10.732046957111608,1.574390795261363,30
babya,base,blf,flat,172,10.575160988779928,10.144062997957686,11.174975172211546,10.737618860155859,1.5709451175673488,30
babya,base,blf,flat,173,10.575160988779928,10.144062997957686,11.228032586494333,10.756275788867022,1.5698125770119453,30
babya,base,blf,flat,174,10.59362203994196,10.162361242261472,11.23049588948245,10.765012586168462,1.568616369798635,30
babya,base,blf,flat,175,10.59362203994196,10.197893565741014,11.238988321196414,10.775859479784812,1.5661627148875215,30
babya,base,blf,flat,176,10.598074040491467,10.22438598924473,11.238988321196414,10.789426548230843,1.5623020274341943,30
babya,base,blf,flat,177,10.610899642894058,10.31927322678712,11.238988321196414,10.806385646120285,1.555154545117153,30
babya,base,blf,flat,178,10.610899642894058,10.31927322678712,11.238988321196414,10.815055791129103,1.557344573873506,30
babya,base,blf,flat,179,10.627698819162568,10.31927322678712,11.241228016791528,10.82998857881501,1.564861391202027,30
babya,base,blf,flat,180,10.627698819162568,10.356285717659617,11.28807955433998,10.84675044587706,1.564320562417305,30
babya,base,blf,flat,181,10.66572521142406,10.356285717659617,11.28807955433998,10.86112096884143,1.5556608726884549,30
babya,base,blf,flat,182,10.66572521142406,10.356285717659617,11.310517440034591,10.866803812843393,1.556581225828167,30
babya,base,blf,flat,183,10.671120477954252,10.356285717659617,11.310517440034591,10.875046714392003,1.5587088936623545,30
babya,base,blf,flat,184,10.678498860416871,10.356285717659617,11.31587285237078,10.892432628124634,1.5774637632811146,30
babya,base,blf,flat,185,10.681429971095408,10.356285717659617,11.382378056671008,10.91102061691912,1.596688400916452,30
babya,base,blf,flat,186,10.681429971095408,10.384800930401022,11.414859494829535,10.935255076861733,1.597678164260415,30
babya,base,blf,flat,187,10.681429971095408,10.384800930401022,11.457385807988047,10.956241387854075,1.6013474137207542,30
babya,base,blf,flat,188,10.681429971095408,10.384800930401022,11.457385807988047,10.963438477332302,1.603853319951006,30
babya,base,blf,flat,189,10.70903915823053,10.384800930401022,11.469505368334762,10.977085762717994,1.602656278953054,30
babya,base,blf,flat,190,10.73695416987232,10.453364189952124,11.469505368334762,10.998402517245227,1.6012357444004417,30
babya,base,blf,flat,191,10.73695416987232,10.472401228365895,11.469505368334762,11.016857316960538,1.6274922338796534,30
babya,base,blf,flat,192,10.889818166500996,10.479809865005562,11.469505368334762,11.03675089162204,1.6255095762848597,30
babya,base,blf,flat,193,10.918306359826929,10.482246475168763,11.469505368334762,11.05657970738371,1.6172046304964116,30
babya,base,blf,flat,194,10.919010732506466,10.532595707367918,11.490335205029426,11.080031751390717,1.6610364098617856,30
babya,base,blf,flat,195,10.941437141786066,10.532595707367918,11.490335205029426,11.096829634502843,1.6587963174098344,30
babya,base,blf,flat,196,11.03136336438751,10.532595707367918,11.525468164475065,11.132032847420174,1.6667335294444736,30
babya,base,blf,flat,197,11.03136336438751,10.571657729920592,11.525468164475065,11.168207255707662,1.6659260340339257,30
babya,base,blf,flat,198,11.03136336438751,10.571657729920592,11.567241404831254,11.187692087922938,1.6792758364259208,30
babya,base,blf,flat,199,11.03136336438751,10.573060052941326,11.571505361122036,11.19090401820603,1.6775502377869644,30
babya,base,blf,flat,200,11.034907395446393,10.573060052941326,11.571505361122036,11.194679448091673,1.6770850761854603,30
babya,base,blf,flat,201,11.048222889112541,10.626672037463031,11.571505361122036,11.233671847098746,1.6819577334771108,30
babya,base,blf,flat,202,11.048222889112541,10.626672037463031,11.571505361122036,11.251310983142519,1.7240184373855734,30
babya,base,blf,flat,203,11.048222889112541,10.628210670286132,11.571505361122036,11.253892757182294,1.7241244355693117,30
babya,base,blf,flat,204,11.048222889112541,10.62918683126425,11.629353720552396,11.262326809277365,1.7303613450601907,30
babya,base,blf,flat,205,11.056897354561597,10.62918683126425,11.699607342381608,11.276538180833777,1.7410661638677036,30
babya,base,blf,flat,206,11.097459545069064,10.62918683126425,11.699607342381608,11.286027832677188,1.7441741655823026,30
babya,base,blf,flat,207,11.097459545069064,10.62918683126425,11.699607342381608,11.289760648405522,1.7493877103049993,30
babya,base,blf,flat,208,11.097459545069064,10.62918683126425,11.699607342381608,11.29924658746877,1.7542855412260159,30
babya,base,blf,flat,209,11.101990434818969,10.62918683126425,11.700814441685676,11.312071541231035,1.7550473102758992,30
babya,base,blf,flat,210,11.101990434818969,10.62918683126425,11.702879234404305,11.335620537879688,1.7808427152400086,30
babya,base,blf,flat,211,11.134538187378276,10.63024459407606,11.702879234404305,11.35598987923435,1.7872447610104207,30
babya,base,blf,flat,212,11.134538187378276,10.63217811017037,11.771456908443874,11.370175798958366,1.7888015961477983,30
babya,base,blf,flat,213,11.137784132102881,10.635562212651205,11.771456908443874,11.383118005975827,1.7839902266252807,30
babya,base,blf,flat,214,11.137784132102881,10.674452479596006,11.780220710955351,11.387700654514019,1.7827075392685225,30
babya,base,blf,flat,215,11.142103890342323,10.674452479596006,11.780220710955351,11.391418449469992,1.7817449015112359,30
babya,base,blf,flat,216,11.161072723836348,10.682819555252138,11.780220710955351,11.396779701167628,1.7811883256672834,30
babya,base,blf,flat,217,11.167712397029227,10.686735646281182,11.783904772734,11.40002777432282,1.7809934957352578,30
babya,base,blf,flat,218,11.204682111887974,10.686735646281182,11.783904772734,11.425269478654924,1.802442561150418,30
babya,base,blf,flat,219,11.204682111887974,10.687637635793493,11.813515971978482,11.435632526767801,1.8076383050138862,30
babya,base,blf,flat,220,11.204682111887974,10.687637635793493,11.813515971978482,11.453379746689997,1.8461390523988983,30
babya,base,blf,flat,221,11.204682111887974,10.691858827168787,11.813515971978482,11.466622033300963,1.8522171751317993,30
babya,base,blf,flat,222,11.204682111887974,10.69594687641479,11.813515971978482,11.469214051937602,1.8513866334032758,30
babya,base,blf,flat,223,11.204682111887974,10.719586366801668,11.825147985680948,11.481112757247073,1.8535818638894985,30
babya,base,blf,flat,224,11.350006050519852,10.719586366801668,11.826582035929542,11.494778622118597,1.853584853055335,30
babya,base,blf,flat,225,11.350006050519852,10.719586366801668,11.826582035929542,11.510647641334764,1.8687577544237095,30
babya,base,blf,flat,226,11.350006050519852,10.78910939092049,11.827948721158371,11.520505104017877,1.866655338325403,30
babya,base,blf,flat,227,11.350006050519852,10.78910939092049,11.827948721158371,11.527125435183308,1.8684676624374201,30
babya,base,blf,flat,228,11.350006050519852,10.78910939092049,11.832703473623646,11.53551239918666,1.880531203526954,30
babya,base,blf,flat,229,11.37978094765463,10.78910939092049,11.867753195954615,11.542778412354973,1.8795461021971396,30
babya,base,blf,flat,230,11.37978094765463,10.78910939092049,11.867753195954615,11.555637805132793,1.8935846459423296,30
babya,base,blf,flat,231,11.37978094765463,10.794096959445756,11.867753195954615,11.560516226971492,1.8931359958874634,30
babya,base,blf,flat,232,11.37978094765463,10.794096959445756,11.86968276154661,11.562898117285448,1.8952503150234983,30
babya,base,blf,flat,233,11.37978094765463,10.794096959445756,11.86968276154661,11.567306375482547,1.8955188823915103,30
babya,base,blf,flat,234,11.37978094765463,10.820631955813429,11.871231264526845,11.57612315287064,1.895077082056774,30
babya,base,blf,flat,235,11.39112515875632,10.821377492424972,11.878124736808825,11.58084393020209,1.894460453557204,30
babya,base,blf,flat,236,11.424281040823399,10.823925304049864,11.878124736808825,11.597026992108988,1.9009226198568618,30
babya,base,blf,flat,237,11.429670035215697,10.823925304049864,11.878124736808825,11.598815599864114,1.8992227616252442,30
babya,base,blf,flat,238,11.440469508555982,10.823925304049864,11.878124736808825,11.603520828678763,1.8967564668068368,30
babya,base,blf,flat,239,11.449776234691946,10.828297721390857,11.901875948750408,11.611892058061137,1.8959516962825869,30
babya,base,blf,flat,240,11.454538111872854,10.828297721390857,11.901875948750408,11.620021626693816,1.8954327548870886,30
babya,base,blf,flat,241,11.458673843261579,10.828297721390857,11.901875948750408,11.623314732929435,1.8957502345027504,30
babya,base,blf,flat,242,11.459360946674375,10.95765842945449,11.901875948750408,11.63439337909193,1.902743978126601,30
babya,base,blf,flat,243,11.459360946674375,10.957715862607966,11.901875948750408,11.641141481613255,1.9096334896153795,30
babya,base,blf,flat,244,11.462769363805982,10.957715862607966,11.901875948750408,11.648218956784818,1.9166716636282612,30
babya,base,blf,flat,245,11.475103046321523,10.981771212751909,11.901875948750408,11.659473292234951,1.9187119744919676,30
babya,base,blf,flat,246,11.49555997260662,10.997647665514746,11.901875948750408,11.666855920103076,1.9184476752753499,30
babya,base,blf,flat,247,11.508543532074341,10.997647665514746,11.901875948750408,11.671886303031682,1.9185211003068108,30
babya,base,blf,flat,248,11.508543532074341,11.018012918234543,11.901875948750408,11.68000335849182,1.9245414750645098,30
babya,base,blf,flat,249,11.508543532074341,11.02029351944831,11.916373703208661,11.693670695367405,1.9353081263148577,30
babya,base,blf,flat,250,11.508543532074341,11.02463466390604,11.929079635034896,11.698077169327968,1.9406514785247002,30
babya,base,blf,flat,251,11.508543532074341,11.026105629327125,11.941779501339518,11.703314847677538,1.9488642421318656,30
babya,base,blf,flat,252,11.508543532074341,11.026105629327125,12.014500435092684,11.713125295320106,1.9499302768794642,30
babya,base,blf,flat,253,11.518600196000062,11.039211652659352,12.014500435092684,11.723907891716234,1.9633837179618023,30
babya,base,blf,flat,254,11.518600196000062,11.039211652659352,12.014500435092684,11.728166881422613,1.9619896741297524,30
babya,base,blf,flat,255,11.523741743347966,11.039211652659352,12.014500435092684,11.730740768556773,1.9614515396265189,30
babya,base,blf,flat,256,11.52578545512639,11.039211652659352,12.141049389296843,11.741474163675372,1.9721009846576505,30
babya,base,blf,flat,257,11.52578545512639,11.039211652659352,12.141049389296843,11.74409010879249,1.9699688505009725,30
babya,base,blf,flat,258,11.52578545512639,11.039211652659352,12.141049389296843,11.746965757734104,1.9677021887553214,30
babya,base,blf,flat,259,11.531700766833243,11.043139292011038,12.141049389296843,11.752648420508633,1.972185493945036,30
babya,base,blf,flat,260,11.531700766833243,11.063919844005014,12.141049389296843,11.75458848969931,1.9736541192572958,30
babya,base,blf,flat,261,11.531700766833243,11.063919844005014,12.141049389296843,11.756631468665367,1.9744946946175004,30
babya,base,blf,flat,262,11.562008083155558,11.076565841131098,12.141049389296843,11.76711797168883,1.9794285164367704,30
babya,base,blf,flat,263,11.562008083155558,11.080539697325028,12.141049389296843,11.770234495653442,1.978404431825568,30
babya,base,blf,flat,264,11.562008083155558,11.080539697325028,12.141175296258861,11.775939158486786,1.9830910341795187,30
babya,base,blf,flat,265,11.566209978137266,11.080539697325028,12.182595924394757,11.78077652514433,1.9829486890366912,30
babya,base,blf,flat,266,11.566209978137266,11.082592622743435,12.200163636386085,11.790209421469855,1.9893307081213358,30
babya,base,blf,flat,267,11.566209978137266,11.082592622743435,12.200163636386085,11.793498479250998,1.9896394265502022,30
babya,base,blf,flat,268,11.566209978137266,11.082592622743435,12.218651350110996,11.803106559090898,1.996293995964545,30
babya,base,blf,flat,269,11.566209978137266,11.084420924257566,12.218651350110996,11.807240662191242,1.9950608949202078,30
babya,base,blf,flat,270,11.568263416618723,11.084420924257566,12.218996302394391,11.811357161914533,1.9951088764249947,30
babya,base,blf,flat,271,11.578654917409668,11.087492783985397,12.218996302394391,11.812881243180088,1.9949014990299918,30
babya,base,blf,flat,272,11.578654917409668,11.093543958854944,12.219701252639606,11.819337333350738,1.9965448820510867,30
babya,base,blf,flat,273,11.578654917409668,11.093543958854944,12.219701252639606,11.825939634393803,2.00372133654252,30
babya,base,blf,flat,274,11.58456081091651,11.093543958854944,12.219701252639606,11.8348853559735,2.014945590398018,30
babya,base,blf,flat,275,11.58456081091651,11.093543958854944,12.219701252639606,11.835817295022842,2.0137063993751325,30
babya,base,blf,flat,276,11.58456081091651,11.093543958854944,12.219701252639606,11.852044630553129,2.0251222326132337,30
babya,base,blf,flat,277,11.600113958775905,11.093543958854944,12.24658926770974,11.857444744816998,2.025491576849526,30
babya,base,blf,flat,278,11.600113958775905,11.093543958854944,12.246700309948123,11.863607406613049,2.032107332430884,30
babya,base,blf,flat,279,11.600113958775905,11.093543958854944,12.248272036383675,11.865463483187638,2.033238183051024,30
babya,base,blf,flat,280,11.600113958775905,11.100923856587048,12.248272036383675,11.866992417869916,2.0330883453363118,30
babya,base,blf,flat,281,11.602419279121277,11.100923856587048,12.254300371495296,11.869759749953154,2.032550294788189,30
babya,base,blf,flat,282,11.60813461837686,11.100923856587048,12.254300371495296,11.87623460521486,2.034363128984177,30
babya,base,blf,flat,283,11.60813461837686,11.109907389506084,12.25530125660796,11.88487447370692,2.0376305516011373,30
babya,base,blf,flat,284,11.60813461837686,11.115156878166697,12.25530125660796,11.886857936807912,2.037121752829869,30
babya,base,blf,flat,285,11.628118228505492,11.12058071473541,12.261363268855458,11.890475218134487,2.0366636861264853,30
babya,base,blf,flat,286,11.628118228505492,11.12058071473541,12.26206788810251,11.893683337092822,2.0370324362676224,30
babya,base,blf,flat,287,11.628118228505492,11.12058071473541,12.26206788810251,11.897366178758851,2.0400734026101346,30
babya,base,blf,flat,288,11.628118228505492,11.131533598453688,12.26484705675899,11.900735442811293,2.0400435724519967,30
babya,base,blf,flat,289,11.628118228505492,11.131533598453688,12.26484705675899,11.910132992152729,2.050922420582096,30
babya,base,blf,flat,290,11.628118228505492,11.131533598453688,12.26484705675899,11.911283368359554,2.0499867111886183,30
babya,base,blf,flat,291,11.628118228505492,11.131533598453688,12.26484705675899,11.920303844519998,2.054587999593398,30
babya,base,blf,flat,292,11.628957598167638,11.131533598453688,12.26484705675899,11.922065608529529,2.0554582960649315,30
babya,base,blf,flat,293,11.628957598167638,11.131533598453688,12.265676807430491,11.925828540202927,2.05333838128979,30
babya,base,blf,flat,294,11.63008927400362,11.143724014823306,12.265676807430491,11.92810668052245,2.0547031150350534,30
babya,base,blf,flat,295,11.651225235273913,11.143724014823306,12.265676807430491,11.929548966457576,2.0544588409426408,30
babya,base,blf,flat,296,11.652879149301189,11.143724014823306,12.265676807430491,11.9337282671355,2.0540013688372927,30
babya,base,blf,flat,297,11.66032213364163,11.146654225126216,12.268974076575013,11.937042491246133,2.055708681662629,30
babya,base,blf,flat,298,11.665381241331527,11.146654225126216,12.277388963704727,11.939870761213937,2.0588570267043225,30
babya,base,blf,flat,299,11.665381241331527,11.15205161932378,12.279043140212478,11.94506318167665,2.064580111710021,30
babya,base,blf,flat,300,11.669682477295519,11.15506914621334,12.279043140212478,11.949908744367118,2.0637189243957903,30
babya,base,blf,rugged,1,1.3688,1.1051,1.713,1.4235,0.4988,30
babya,base,blf,rugged,2,1.8578,1.4038,2.3213,1.9668,0.7528,30
babya,base,blf,rugged,3,2.0495,1.6751,2.5742,2.1786,0.7405,30
babya,base,blf,rugged,4,2.2252,1.8252,2.7586,2.323,0.6888,30
babya,base,blf,rugged,5,2.4568,1.9602,2.7883,2.4759,0.773,30
babya,base,blf,rugged,6,2.4826,2.0414,3.0596,2.7213,0.8814,30
babya,base,blf,rugged,7,2.6367,2.189,3.0828,2.8209,0.8524,30
babya,base,blf,rugged,8,2.7384,2.4626,3.3737,2.9186,0.8384,30
babya,base,blf,rugged,9,2.8533,2.5458,3.4727,3.048,0.8138,30
babya,base,blf,rugged,10,3.0512,2.6167,3.5158,3.1904,0.8537,30
babya,base,blf,rugged,11,3.1532,2.6167,4.013,3.3005,0.9181,30
babya,base,blf,rugged,12,3.4464,2.8,4.0391,3.4365,0.8681,30
babya,base,blf,rugged,13,3.4464,2.8,4.0438,3.4611,0.8672,30
babya,base,blf,rugged,14,3.4464,2.8548,4.0438,3.4909,0.8328,30
babya,base,blf,rugged,15,3.658,2.9436,4.2132,3.6308,0.8165,30
babya,base,blf,rugged,16,3.7121,3.0847,4.4254,3.7813,0.8685,30
babya,base,blf,rugged,17,3.9531,3.1668,4.462,3.8726,0.8476,30
babya,base,blf,rugged,18,3.9531,3.1668,4.462,3.8983,0.8154,30
babya,base,blf,rugged,19,3.9531,3.1668,4.5212,3.9677,0.8822,30
babya,base,blf,rugged,20,3.9531,3.4262,4.5212,3.9972,0.8882,30
babya,base,blf,rugged,21,4.0544,3.4637,4.5816,4.0408,0.8778,30
babya,base,blf,rugged,22,4.069,3.4727,4.5816,4.1842,1.0511,30
babya,base,blf,rugged,23,4.069,3.4727,4.6147,4.2044,1.0372,30
babya,base,blf,rugged,24,4.0758,3.5103,4.6257,4.2879,1.0427,30
babya,base,blf,rugged,25,4.2116,3.5882,4.9792,4.3972,1.0488,30
babya,base,blf,rugged,26,4.4579,3.9139,5.0188,4.5025,1.0053,30
babya,base,blf,rugged,27,4.4579,3.9139,5.0188,4.5424,1.0257,30
babya,base,blf,rugged,28,4.5195,3.9139,5.1102,4.5908,1.0406,30
babya,base,blf,rugged,29,4.5306,4.0674,5.1102,4.6275,1.0215,30
babya,base,blf,rugged,30,4.5306,4.0674,5.2232,4.6953,1.0582,30
babya,base,blf,rugged,31,4.5706,4.1172,5.2921,4.7759,1.0531,30
babya,base,blf,rugged,32,4.6368,4.1172,5.479,4.8428,1.0641,30
babya,base,blf,rugged,33,4.6917,4.1798,5.5365,4.9401,1.1114,30
babya,base,blf,rugged,34,4.6917,4.2185,5.8528,5.0478,1.1585,30
babya,base,blf,rugged,35,4.6917,4.2873,5.8869,5.0885,1.1644,30
babya,base,blf,rugged,36,5.1306,4.2873,5.8961,5.1644,1.1856,30
babya,base,blf,rugged,37,5.3266,4.3142,5.8961,5.221,1.2044,30
babya,base,blf,rugged,38,5.3391,4.3142,5.9942,5.2546,1.1909,30
babya,base,blf,rugged,39,5.4427,4.4727,5.9949,5.3445,1.1603,30
babya,base,blf,rugged,40,5.4677,4.5774,6.0209,5.4141,1.1074,30
babya,base,blf,rugged,41,5.5091,4.6968,6.0209,5.4682,1.0489,30
babya,base,blf,rugged,42,5.5091,4.6968,6.0209,5.5086,1.0433,30
babya,base,blf,rugged,43,5.5577,4.6968,6.1669,5.5563,1.0394,30
babya,base,blf,rugged,44,5.5577,4.7084,6.3183,5.6074,1.0854,30
babya,base,blf,rugged,45,5.5577,4.7299,6.3832,5.6381,1.0733,30
babya,base,blf,rugged,46,5.611,4.7626,6.3832,5.7031,1.0838,30
babya,base,blf,rugged,47,5.611,4.8011,6.4515,5.7615,1.1034,30
babya,base,blf,rugged,48,5.6238,4.8011,6.4515,5.7669,1.098,30
babya,base,blf,rugged,49,5.6759,4.8822,6.4515,5.8114,1.0799,30
babya,base,blf,rugged,50,5.7004,4.9826,6.4515,5.8387,1.0815,30
babya,base,blf,rugged,51,5.7847,4.9826,6.716,5.9241,1.0862,30
babya,base,blf,rugged,52,5.8957,5.0193,6.9286,6.0286,1.1225,30
babya,base,blf,rugged,53,5.9534,5.1651,6.9286,6.0732,1.1095,30
babya,base,blf,rugged,54,6.0608,5.1651,7.302,6.1685,1.1565,30
babya,base,blf,rugged,55,6.075,5.3851,7.3034,6.2226,1.1336,30
babya,base,blf,rugged,56,6.2058,5.4256,7.4822,6.3368,1.1939,30
babya,base,blf,rugged,57,6.4616,5.4348,7.4822,6.3618,1.1855,30
babya,base,blf,rugged,58,6.4748,5.4348,7.4822,6.408,1.181,30
babya,base,blf,rugged,59,6.5148,5.4348,7.507,6.4649,1.1601,30
babya,base,blf,rugged,60,6.5148,5.4931,7.5681,6.5025,1.1474,30
babya,base,blf,rugged,61,6.5148,5.4931,7.5681,6.5179,1.1456,30
babya,base,blf,rugged,62,6.5148,5.6906,7.6384,6.587,1.0954,30
babya,base,blf,rugged,63,6.5148,5.7923,7.6384,6.5958,1.0899,30
babya,base,blf,rugged,64,6.5632,5.7923,7.6384,6.6037,1.0949,30
babya,base,blf,rugged,65,6.8059,5.7923,7.6409,6.6508,1.1103,30
babya,base,blf,rugged,66,6.8059,5.7923,7.7594,6.7159,1.1702,30
babya,base,blf,rugged,67,6.8059,5.8275,7.7594,6.7366,1.1657,30
babya,base,blf,rugged,68,6.8532,5.8275,7.7594,6.7739,1.1545,30
babya,base,blf,rugged,69,6.8786,5.8275,7.7594,6.8307,1.1569,30
babya,base,blf,rugged,70,6.8786,6.0107,7.8954,6.8569,1.1575,30
babya,base,blf,rugged,71,6.8845,6.0107,7.8954,6.8868,1.1528,30
babya,base,blf,rugged,72,7.2209,6.0189,7.8954,7.0104,1.2676,30
babya,base,blf,rugged,73,7.2209,6.0189,7.9525,7.0467,1.3045,30
babya,base,blf,rugged,74,7.3031,6.093,7.9565,7.122,1.2967,30
babya,base,blf,rugged,75,7.3031,6.093,7.9565,7.1317,1.2914,30
babya,base,blf,rugged,76,7.3031,6.093,8.0182,7.1525,1.2951,30
babya,base,blf,rugged,77,7.3031,6.093,8.2079,7.2154,1.3173,30
babya,base,blf,rugged,78,7.3031,6.093,8.2302,7.235,1.3212,30
babya,base,blf,rugged,79,7.5005,6.3328,8.3052,7.3179,1.3038,30
babya,base,blf,rugged,80,7.5005,6.3328,8.3164,7.361,1.2788,30
babya,base,blf,rugged,81,7.5005,6.3328,8.3686,7.3679,1.2825,30
babya,base,blf,rugged,82,7.5005,6.5046,8.3804,7.3952,1.2772,30
babya,base,blf,rugged,83,7.8294,6.5071,8.4615,7.504,1.2909,30
babya,base,blf,rugged,84,7.8617,6.7388,8.5092,7.5412,1.267,30
babya,base,blf,rugged,85,7.8617,6.7388,8.5439,7.5888,1.3137,30
babya,base,blf,rugged,86,7.8617,6.7388,8.5439,7.603,1.3245,30
babya,base,blf,rugged,87,7.8617,6.7999,8.5439,7.6403,1.2959,30
babya,base,blf,rugged,88,7.8617,6.8578,8.5439,7.6704,1.2704,30
babya,base,blf,rugged,89,7.8761,7.0601,8.5439,7.7344,1.253,30
babya,base,blf,rugged,90,8.093,7.0601,8.5439,7.7691,1.2512,30
babya,base,blf,rugged,91,8.093,7.0601,8.5938,7.7999,1.259,30
babya,base,blf,rugged,92,8.1401,7.0838,8.6039,7.8278,1.2672,30
babya,base,blf,rugged,93,8.3921,7.0838,8.6814,7.8542,1.2777,30
babya,base,blf,rugged,94,8.3921,7.2179,8.6814,7.9034,1.2358,30
babya,base,blf,rugged,95,8.3921,7.2179,8.685,7.9372,1.2556,30
babya,base,blf,rugged,96,8.4536,7.2179,8.7716,7.9686,1.2719,30
babya,base,blf,rugged,97,8.4536,7.2179,8.7716,7.9816,1.2757,30
babya,base,blf,rugged,98,8.4536,7.2179,8.7893,8.0081,1.2531,30
babya,base,blf,rugged,99,8.4536,7.2878,8.7893,8.0356,1.2481,30
babya,base,blf,rugged,100,8.536,7.3361,8.8636,8.0794,1.2604,30
babya,base,blf,rugged,101,8.5383,7.3361,8.8636,8.0825,1.2623,30
babya,base,blf,rugged,102,8.5383,7.3361,8.9961,8.1092,1.2799,30
babya,base,blf,rugged,103,8.5383,7.5084,9.0227,8.2069,1.3477,30
babya,base,blf,rugged,104,8.5589,7.5084,9.0235,8.2117,1.3483,30
babya,base,blf,rugged,105,8.609,7.5084,9.04,8.2521,1.3764,30
babya,base,blf,rugged,106,8.609,7.5084,9.0403,8.2719,1.3813,30
babya,base,blf,rugged,107,8.6651,7.5084,9.0728,8.3029,1.4009,30
babya,base,blf,rugged,108,8.6798,7.5084,9.3414,8.3398,1.4149,30
babya,base,blf,rugged,109,8.6798,7.5469,9.3631,8.3544,1.4104,30
babya,base,blf,rugged,110,8.7459,7.5469,9.4524,8.3897,1.4175,30
babya,base,blf,rugged,111,8.7459,7.5823,9.4524,8.4247,1.4698,30
babya,base,blf,rugged,112,8.7459,7.5823,9.4524,8.4382,1.4644,30
babya,base,blf,rugged,113,8.7459,7.5968,9.4524,8.4726,1.4622,30
babya,base,blf,rugged,114,8.7459,7.5968,9.4709,8.4951,1.4509,30
babya,base,blf,rugged,115,8.7459,7.6383,9.4958,8.5195,1.4616,30
babya,base,blf,rugged,116,8.7551,7.6383,9.5205,8.5296,1.4632,30
babya,base,blf,rugged,117,8.8424,7.6383,9.5516,8.5464,1.463,30
babya,base,blf,rugged,118,8.844,7.7029,9.5865,8.5747,1.4517,30
babya,base,blf,rugged,119,8.844,7.704,9.6035,8.6051,1.4556,30
babya,base,blf,rugged,120,8.844,7.7131,9.6035,8.6234,1.4392,30
babya,base,blf,rugged,121,8.8588,7.7336,9.6035,8.6336,1.4414,30
babya,base,blf,rugged,122,8.8588,7.7514,9.6091,8.6633,1.4534,30
babya,base,blf,rugged,123,8.8588,7.8004,9.6091,8.6714,1.4417,30
babya,base,blf,rugged,124,8.8801,7.8004,9.806,8.6871,1.4502,30
babya,base,blf,rugged,125,8.9698,7.8004,9.806,8.7102,1.4473,30
babya,base,blf,rugged,126,8.9744,7.8224,9.8136,8.7319,1.4498,30
babya,base,blf,rugged,127,8.9759,7.8366,9.8543,8.7429,1.4467,30
babya,base,blf,rugged,128,9.035,7.8759,9.8798,8.7755,1.4607,30
babya,base,blf,rugged,129,9.091,7.8874,9.8816,8.791,1.467,30
babya,base,blf,rugged,130,9.091,7.9596,9.8995,8.8,1.4642,30
babya,base,blf,rugged,131,9.139,7.9596,9.9182,8.8504,1.4629,30
babya,base,blf,rugged,132,9.1747,7.9854,9.9182,8.882,1.4981,30
babya,base,blf,rugged,133,9.1747,7.9854,9.9182,8.8981,1.5231,30
babya,base,blf,rugged,134,9.2026,7.9854,9.9182,8.9293,1.5197,30
babya,base,blf,rugged,135,9.2026,7.9854,9.9182,8.9444,1.5326,30
babya,base,blf,rugged,136,9.2374,7.9854,9.9212,8.9543,1.5321,30
babya,base,blf,rugged,137,9.2374,7.9854,9.9949,8.9859,1.5339,30
babya,base,blf,rugged,138,9.2374,7.9854,9.9949,9.0045,1.5215,30
babya,base,blf,rugged,139,9.2374,8.0483,9.9949,9.031,1.5208,30
babya,base,blf,rugged,140,9.2588,8.0483,10.0038,9.0578,1.5648,30
babya,base,blf,rugged,141,9.2588,8.0483,10.0038,9.0578,1.5648,30
babya,base,blf,rugged,142,9.2591,8.0521,10.0584,9.1011,1.5977,30
babya,base,blf,rugged,143,9.2791,8.0521,10.0584,9.1149,1.6083,30
babya,base,blf,rugged,144,9.2791,8.0982,10.0584,9.129,1.6025,30
babya,base,blf,rugged,145,9.2791,8.0982,10.0584,9.1387,1.6027,30
babya,base,blf,rugged,146,9.2935,8.1107,10.0584,9.1615,1.6039,30
babya,base,blf,rugged,147,9.3449,8.1121,10.0584,9.1831,1.6071,30
babya,base,blf,rugged,148,9.3776,8.1121,10.0909,9.2163,1.6254,30
babya,base,blf,rugged,149,9.3776,8.1121,10.0909,9.2351,1.6444,30
babya,base,blf,rugged,150,9.3776,8.1689,10.1232,9.2575,1.6497,30
babya,base,blf,rugged,151,9.3776,8.1689,10.1295,9.2736,1.6681,30
babya,base,blf,rugged,152,9.3799,8.1689,10.1295,9.2737,1.6681,30
babya,base,blf,rugged,153,9.4001,8.2771,10.1295,9.2917,1.6737,30
babya,base,blf,rugged,154,9.4315,8.2771,10.1295,9.3037,1.6748,30
babya,base,blf,rugged,155,9.4914,8.2771,10.2731,9.3246,1.6858,30
babya,base,blf,rugged,156,9.519,8.291,10.2731,9.3421,1.6824,30
babya,base,blf,rugged,157,9.5296,8.291,10.3013,9.3525,1.691,30
babya,base,blf,rugged,158,9.5458,8.291,10.3299,9.3585,1.6939,30
babya,base,blf,rugged,159,9.5458,8.291,10.3299,9.3689,1.6931,30
babya,base,blf,rugged,160,9.5458,8.291,10.3299,9.3732,1.6956,30
babya,base,blf,rugged,161,9.5458,8.291,10.3299,9.3739,1.6944,30
babya,base,blf,rugged,162,9.6895,8.291,10.3303,9.3983,1.7088,30
babya,base,blf,rugged,163,9.6895,8.291,10.3303,9.4099,1.7138,30
babya,base,blf,rugged,164,9.7147,8.291,10.3303,9.4186,1.7206,30
babya,base,blf,rugged,165,9.7147,8.291,10.3303,9.4217,1.7202,30
babya,base,blf,rugged,166,9.7147,8.291,10.3518,9.4325,1.7227,30
babya,base,blf,rugged,167,9.7516,8.291,10.3518,9.4382,1.7236,30
babya,base,blf,rugged,168,9.756,8.291,10.3518,9.4582,1.7189,30
babya,base,blf,rugged,169,9.7811,8.3662,10.3518,9.4653,1.7174,30
babya,base,blf,rugged,170,9.7811,8.368,10.4362,9.4966,1.7504,30
babya,base,blf,rugged,171,9.7811,8.368,10.4362,9.4966,1.7504,30
babya,base,blf,rugged,172,9.7884,8.368,10.4362,9.512,1.7728,30
babya,base,blf,rugged,173,9.7884,8.4662,10.4362,9.5261,1.772,30
babya,base,blf,rugged,174,9.7898,8.4691,10.4362,9.5356,1.7761,30
babya,base,blf,rugged,175,9.7898,8.4756,10.4567,9.5515,1.7731,30
babya,base,blf,rugged,176,9.8215,8.4794,10.4684,9.5671,1.7801,30
babya,base,blf,rugged,177,9.9043,8.4794,10.4684,9.5789,1.7823,30
babya,base,blf,rugged,178,9.9043,8.4794,10.514,9.5944,1.7902,30
babya,base,blf,rugged,179,9.9043,8.4794,10.5147,9.5967,1.7898,30
babya,base,blf,rugged,180,9.9043,8.5096,10.5147,9.6002,1.7873,30
babya,base,blf,rugged,181,9.9074,8.5202,10.5151,9.6106,1.802,30
babya,base,blf,rugged,182,9.931,8.6102,10.5151,9.6318,1.7976,30
babya,base,blf,rugged,183,9.959,8.6102,10.5151,9.6356,1.7984,30
babya,base,blf,rugged,184,9.959,8.6102,10.5151,9.6356,1.7984,30
babya,base,blf,rugged,185,10.0358,8.6102,10.6008,9.6647,1.8057,30
babya,base,blf,rugged,186,10.0358,8.6102,10.6008,9.6687,1.804,30
babya,base,blf,rugged,187,10.04,8.6526,10.6008,9.6761,1.8058,30
babya,base,blf,rugged,188,10.0532,8.6526,10.6008,9.6783,1.8066,30
babya,base,blf,rugged,189,10.0532,8.6526,10.6008,9.6879,1.8135,30
babya,base,blf,rugged,190,10.0532,8.6526,10.6008,9.6917,1.8138,30
babya,base,blf,rugged,191,10.0532,8.6526,10.6008,9.6924,1.8136,30
babya,base,blf,rugged,192,10.0532,8.6541,10.6008,9.6953,1.8115,30
babya,base,blf,rugged,193,10.0532,8.6622,10.6008,9.6992,1.8133,30
babya,base,blf,rugged,194,10.0688,8.6622,10.6008,9.7014,1.813,30
babya,base,blf,rugged,195,10.0688,8.6683,10.6008,9.7078,1.8161,30
babya,base,blf,rugged,196,10.0688,8.6683,10.6008,9.7225,1.8277,30
babya,base,blf,rugged,197,10.0688,8.6683,10.6008,9.7329,1.8504,30
babya,base,blf,rugged,198,10.0688,8.6901,10.6008,9.7339,1.8498,30
babya,base,blf,rugged,199,10.0917,8.7267,10.6008,9.7384,1.8502,30
babya,base,blf,rugged,200,10.0917,8.7267,10.6008,9.7415,1.8504,30
babya,base,blf,rugged,201,10.0917,8.7267,10.6091,9.7485,1.8552,30
babya,base,blf,rugged,202,10.0985,8.7267,10.6091,9.7511,1.8548,30
babya,base,blf,rugged,203,10.0985,8.7267,10.6091,9.7556,1.8552,30
babya,base,blf,rugged,204,10.0985,8.7267,10.6091,9.7556,1.8552,30
babya,base,blf,rugged,205,10.1193,8.7267,10.6091,9.7591,1.8563,30
babya,base,blf,rugged,206,10.1193,8.7267,10.6091,9.7593,1.8563,30
babya,base,blf,rugged,207,10.1288,8.7267,10.6091,9.7668,1.849,30
babya,base,blf,rugged,208,10.1288,8.7267,10.6091,9.7698,1.8497,30
babya,base,blf,rugged,209,10.1348,8.7267,10.6123,9.8178,1.9114,30
babya,base,blf,rugged,210,10.1398,8.7267,10.6502,9.8212,1.9128,30
babya,base,blf,rugged,211,10.1554,8.747,10.6502,9.8251,1.9114,30
babya,base,blf,rugged,212,10.1554,8.747,10.6546,9.8264,1.9108,30
babya,base,blf,rugged,213,10.1554,8.747,10.6546,9.8407,1.9257,30
babya,base,blf,rugged,214,10.1554,8.747,10.6546,9.8407,1.9257,30
babya,base,blf,rugged,215,10.1762,8.747,10.6546,9.8433,1.926,30
babya,base,blf,rugged,216,10.1762,8.747,10.6546,9.8474,1.9261,30
babya,base,blf,rugged,217,10.1762,8.747,10.6608,9.8541,1.9307,30
babya,base,blf,rugged,218,10.1762,8.747,10.6608,9.873,1.9604,30
babya,base,blf,rugged,219,10.1762,8.747,10.6608,9.88,1.962,30
babya,base,blf,rugged,220,10.1762,8.747,10.6608,9.8934,1.9723,30
babya,base,blf,rugged,221,10.1762,8.747,10.6608,9.8952,1.9707,30
babya,base,blf,rugged,222,10.1762,8.747,10.6608,9.9037,1.9814,30
babya,base,blf,rugged,223,10.1792,8.747,10.6608,9.9096,1.9816,30
babya,base,blf,rugged,224,10.2128,8.747,10.7007,9.9166,1.9845,30
babya,base,blf,rugged,225,10.2128,8.747,10.7007,9.9174,1.9852,30
babya,base,blf,rugged,226,10.2128,8.747,10.7007,9.9174,1.9852,30
babya,base,blf,rugged,227,10.2128,8.747,10.7007,9.9216,1.9889,30
babya,base,blf,rugged,228,10.2128,8.747,10.7007,9.9282,1.992,30
babya,base,blf,rugged,229,10.2128,8.747,10.7007,9.929,1.9922,30
babya,base,blf,rugged,230,10.2128,8.7536,10.7101,9.9332,1.9924,30
babya,base,blf,rugged,231,10.2518,8.7582,10.7101,9.937,1.9918,30
babya,base,blf,rugged,232,10.2518,8.7899,10.7169,9.9441,1.9881,30
babya,base,blf,rugged,233,10.2518,8.7899,10.7169,9.9441,1.9881,30
babya,base,blf,rugged,234,10.2518,8.7899,10.7169,9.9526,1.9964,30
babya,base,blf,rugged,235,10.2518,8.7899,10.7169,9.9537,1.9987,30
babya,base,blf,rugged,236,10.2518,8.7899,10.7169,9.954,1.9991,30
babya,base,blf,rugged,237,10.2518,8.7899,10.7169,9.9551,1.9995,30
babya,base,blf,rugged,238,10.2518,8.7899,10.8475,9.9727,2.0166,30
babya,base,blf,rugged,239,10.2518,8.7899,10.8719,9.9761,2.0177,30
babya,base,blf,rugged,240,10.2518,8.7899,10.8719,9.9761,2.0177,30
babya,base,blf,rugged,241,10.2581,8.7899,10.8719,9.9895,2.038,30
babya,base,blf,rugged,242,10.2581,8.7899,10.8719,9.9895,2.038,30
babya,base,blf,rugged,243,10.2581,8.7899,10.8719,9.9895,2.038,30
babya,base,blf,rugged,244,10.2581,8.7899,10.8886,9.9917,2.039,30
babya,base,blf,rugged,245,10.2581,8.7899,10.8886,9.9954,2.0431,30
babya,base,blf,rugged,246,10.2581,8.7899,10.8886,9.996,2.042,30
babya,base,blf,rugged,247,10.2592,8.7899,10.8886,9.9961,2.042,30
babya,base,blf,rugged,248,10.2592,8.7899,10.8886,9.9968,2.0406,30
babya,base,blf,rugged,249,10.2637,8.7899,10.8886,10.0093,2.0566,30
babya,base,blf,rugged,250,10.2637,8.7899,10.8886,10.0094,2.0565,30
babya,base,blf,rugged,251,10.2637,8.7899,10.8886,10.0132,2.0598,30
babya,base,blf,rugged,252,10.2637,8.7899,10.8886,10.0153,2.0623,30
babya,base,blf,rugged,253,10.2637,8.7899,10.8886,10.0153,2.0623,30
babya,base,blf,rugged,254,10.2637,8.7899,10.9044,10.0263,2.0745,30
babya,base,blf,rugged,255,10.2637,8.7899,10.9044,10.0268,2.0738,30
babya,base,blf,rugged,256,10.2637,8.7899,10.9044,10.0282,2.0729,30
babya,base,blf,rugged,257,10.2637,8.7899,10.9044,10.0302,2.073,30
babya,base,blf,rugged,258,10.2637,8.7899,10.9044,10.0306,2.0732,30
babya,base,blf,rugged,259,10.2637,8.7899,10.9044,10.032,2.0737,30
babya,base,blf,rugged,260,10.2783,8.7899,10.9044,10.0349,2.0731,30
babya,base,blf,rugged,261,10.2783,8.7899,10.9044,10.0349,2.0731,30
babya,base,blf,rugged,262,10.2783,8.7899,10.9044,10.0349,2.0731,30
babya,base,blf,rugged,263,10.2783,8.7899,10.9044,10.0351,2.0731,30
babya,base,blf,rugged,264,10.2783,8.7899,10.9044,10.0426,2.0799,30
babya,base,blf,rugged,265,10.2783,8.7899,10.9044,10.0443,2.0789,30
babya,base,blf,rugged,266,10.2783,8.7899,10.9044,10.0446,2.0784,30
babya,base,blf,rugged,267,10.2798,8.7899,10.9044,10.0447,2.0785,30
babya,base,blf,rugged,268,10.284,8.7899,10.9044,10.0463,2.0788,30
babya,base,blf,rugged,269,10.284,8.7899,10.9044,10.0474,2.0784,30
babya,base,blf,rugged,270,10.284,8.7899,10.9044,10.0558,2.093,30
babya,base,blf,rugged,271,10.3007,8.7899,10.9044,10.0614,2.0865,30
babya,base,blf,rugged,272,10.3007,8.7899,10.9044,10.0645,2.0874,30
babya,base,blf,rugged,273,10.3007,8.7899,10.9044,10.0645,2.0874,30
babya,base,blf,rugged,274,10.3007,8.7899,10.9067,10.0651,2.0873,30
babya,base,blf,rugged,275,10.3007,8.7899,10.9067,10.0717,2.0803,30
babya,base,blf,rugged,276,10.3007,8.7899,10.9067,10.0742,2.0847,30
babya,base,blf,rugged,277,10.3007,8.7899,10.9067,10.0742,2.0847,30
babya,base,blf,rugged,278,10.3007,8.7899,10.9067,10.0781,2.0835,30
babya,base,blf,rugged,279,10.3007,8.7899,10.9067,10.0782,2.0834,30
babya,base,blf,rugged,280,10.3162,8.7899,10.9524,10.0829,2.085,30
babya,base,blf,rugged,281,10.3162,8.7899,10.9524,10.102,2.1159,30
babya,base,blf,rugged,282,10.3162,8.7899,10.9524,10.1022,2.1155,30
babya,base,blf,rugged,283,10.3162,8.7899,10.9524,10.104,2.1186,30
babya,base,blf,rugged,284,10.3162,8.7899,10.9524,10.104,2.1186,30
babya,base,blf,rugged,285,10.3179,8.7899,10.9524,10.1071,2.1238,30
babya,base,blf,rugged,286,10.3179,8.7899,10.9524,10.1113,2.1314,30
babya,base,blf,rugged,287,10.3179,8.7899,10.9524,10.1122,2.1316,30
babya,base,blf,rugged,288,10.3179,8.7899,10.9524,10.1169,2.1345,30
babya,base,blf,rugged,289,10.3179,8.7899,10.9524,10.1187,2.1327,30
babya,base,blf,rugged,290,10.3179,8.7899,10.9524,10.1191,2.1326,30
babya,base,blf,rugged,291,10.3179,8.7902,10.9524,10.1191,2.1326,30
babya,base,blf,rugged,292,10.3322,8.7902,10.9524,10.1204,2.1328,30
babya,base,blf,rugged,293,10.3322,8.7902,10.9524,10.1204,2.1328,30
babya,base,blf,rugged,294,10.3322,8.7902,10.9524,10.1226,2.1316,30
babya,base,blf,rugged,295,10.3322,8.7902,10.9524,10.147,2.1801,30
babya,base,blf,rugged,296,10.3322,8.7902,10.9524,10.1478,2.1802,30
babya,base,blf,rugged,297,10.3322,8.7902,10.9524,10.1523,2.1768,30
babya,base,blf,rugged,298,10.3322,8.7902,10.9524,10.1523,2.1768,30
babya,base,blf,rugged,299,10.3322,8.8055,10.9524,10.1544,2.1758,30
babya,base,blf,rugged,300,10.3322,8.8055,10.9524,10.1573,2.177,30
babya,phi,uncoupled,flat,1,1.8934373812312164,1.45759511682552,2.221424163868896,1.8909498368578521,0.6505537263099355,30
babya,phi,uncoupled,flat,2,2.203992327017963,1.793686048155227,2.615819972324447,2.2147805715771316,0.6823897266861324,30
babya,phi,uncoupled,flat,3,2.657085556606414,2.2039085666773506,3.0470207262096447,2.659708782978024,0.6915593642702068,30
babya,phi,uncoupled,flat,4,2.875765290986613,2.5667341194835664,3.1829012497641873,2.9500028386353976,0.6458065124047307,30
babya,phi,uncoupled,flat,5,3.0526652457185266,2.7973284433949255,3.7060421298285653,3.1525550165646963,0.7221598706296711,30
babya,phi,uncoupled,flat,6,3.112540825371742,2.8712283753003804,3.869958164414284,3.3329082814495683,0.7171425209836979,30
babya,phi,uncoupled,flat,7,3.22358380518794,2.8959046834308113,3.869958164414284,3.4221181105435847,0.7565390567075228,30
babya,phi,uncoupled,flat,8,3.404746980697759,2.958669819160822,3.903535265509162,3.526672427201513,0.8038443486073906,30
babya,phi,uncoupled,flat,9,3.517116005504671,3.1266709933056425,3.903535265509162,3.6574948367221336,0.7966794216455833,30
babya,phi,uncoupled,flat,10,3.6153917772232553,3.309983781098106,4.30204013914541,3.766321802885739,0.780643306483932,30
babya,phi,uncoupled,flat,11,3.786977075829978,3.3274419447540966,4.410151184112696,3.946319240717412,0.8175733584927888,30
babya,phi,uncoupled,flat,12,4.027808135364561,3.3713073767409982,4.644020293310927,4.121596471241187,0.7993449993386699,30
babya,phi,uncoupled,flat,13,4.027808135364561,3.634997859970286,4.767960156043413,4.2259936732935595,0.8218444127591269,30
babya,phi,uncoupled,flat,14,4.10920904692146,3.634997859970286,4.767960156043413,4.238909237564036,0.8168823687403959,30
babya,phi,uncoupled,flat,15,4.10920904692146,3.634997859970286,4.767960156043413,4.238909237564036,0.8168823687403959,30
babya,phi,uncoupled,flat,16,4.1342072649796435,3.810829769095392,4.886311796970913,4.340767916920672,0.7667550805292882,30
babya,phi,uncoupled,flat,17,4.348644189488951,3.922630485254489,5.068317157499326,4.4757926847108225,0.836001605991615,30
babya,phi,uncoupled,flat,18,4.399668334736793,3.922630485254489,5.162571598191298,4.593152881345736,0.9917895878201594,30
babya,phi,uncoupled,flat,19,4.478594543562426,4.06362570443289,5.220288271416661,4.684129467136897,0.9617344512449517,30
babya,phi,uncoupled,flat,20,4.478594543562426,4.06362570443289,5.269543262676567,4.715943811198079,0.9594049858654287,30
babya,phi,uncoupled,flat,21,4.568962998102981,4.071877418034262,5.269543262676567,4.742138631340949,0.9495017411579338,30
babya,phi,uncoupled,flat,22,4.8831976091135,4.099419458475318,5.570276527763554,4.870924361062539,0.9714725825920782,30
babya,phi,uncoupled,flat,23,4.8831976091135,4.164960302944641,5.687051196381555,4.9277925377306735,0.9820679507171588,30
babya,phi,uncoupled,flat,24,5.009127932545823,4.342871716840952,5.771981110961753,5.0701998269643305,1.0424703714464099,30
babya,phi,uncoupled,flat,25,5.009127932545823,4.391173482545831,5.96317671505923,5.1239124470157025,1.0561819151814598,30
babya,phi,uncoupled,flat,26,5.082212460690133,4.435001224326383,5.96317671505923,5.148048576001286,1.0622946773211301,30
babya,phi,uncoupled,flat,27,5.082212460690133,4.435001224326383,5.96317671505923,5.148048576001286,1.0622946773211301,30
babya,phi,uncoupled,flat,28,5.099336098671984,4.435001224326383,5.996930103281316,5.183497899893377,1.0737575451590122,30
babya,phi,uncoupled,flat,29,5.099336098671984,4.435001224326383,6.119219196841655,5.238975721721591,1.075514268768585,30
babya,phi,uncoupled,flat,30,5.170399359136444,4.435001224326383,6.159251389078893,5.297099910004263,1.0994290598196896,30
babya,phi,uncoupled,flat,31,5.170399359136444,4.435001224326383,6.159251389078893,5.3175575497445875,1.0999553471147199,30
babya,phi,uncoupled,flat,32,5.176226639772675,4.491056648869266,6.159251389078893,5.36597146210778,1.0978123924626646,30
babya,phi,uncoupled,flat,33,5.428896632864111,4.491056648869266,6.159251389078893,5.4367201721603875,1.0386742346614835,30
babya,phi,uncoupled,flat,34,5.633229893121559,4.54021452993473,6.159251389078893,5.521682198451459,1.0499280779403477,30
babya,phi,uncoupled,flat,35,5.633229893121559,5.08490834180262,6.159251389078893,5.588551617715481,1.0048768780418365,30
babya,phi,uncoupled,flat,36,5.642430585812413,5.094559538610614,6.159251389078893,5.642677209584692,1.0388055303116495,30
babya,phi,uncoupled,flat,37,5.800652507876647,5.094559538610614,6.170708062834082,5.716770980714384,1.0625678867070039,30
babya,phi,uncoupled,flat,38,5.800652507876647,5.094559538610614,6.362267404743619,5.735953825231194,1.0742559673127756,30
babya,phi,uncoupled,flat,39,5.943298823341979,5.094559538610614,6.362267404743619,5.748954377790986,1.075421252906267,30
babya,phi,uncoupled,flat,40,5.943298823341979,5.094559538610614,6.484260720147931,5.779072527415638,1.0836356219706837,30
babya,phi,uncoupled,flat,41,5.943298823341979,5.094559538610614,6.484260720147931,5.779072527415638,1.0836356219706837,30
babya,phi,uncoupled,flat,42,5.943298823341979,5.094559538610614,6.583831971834045,5.801869133800669,1.096051498758342,30
babya,phi,uncoupled,flat,43,5.973108879625749,5.135385933080608,6.583831971834045,5.885140963602759,1.1091090606290999,30
babya,phi,uncoupled,flat,44,5.973108879625749,5.135385933080608,6.583831971834045,5.911312276513093,1.0640923580857988,30
babya,phi,uncoupled,flat,45,5.996895425577456,5.135385933080608,6.732747352482081,5.9817823750773105,1.0858302065956955,30
babya,phi,uncoupled,flat,46,6.012659054575959,5.236688787598912,6.880564811674367,6.071193541485213,1.1091195270881689,30
babya,phi,uncoupled,flat,47,6.097623448961083,5.354546751043053,6.975575662021832,6.123542027633843,1.1125474996305478,30
babya,phi,uncoupled,flat,48,6.097623448961083,5.354546751043053,7.114087779175092,6.149239716262571,1.1282085290350317,30
babya,phi,uncoupled,flat,49,6.100166444346855,5.354546751043053,7.114087779175092,6.164593726385294,1.1321860709769274,30
babya,phi,uncoupled,flat,50,6.100166444346855,5.354546751043053,7.114087779175092,6.185059581843316,1.1142068197861201,30
babya,phi,uncoupled,flat,51,6.438378444920508,5.476398004576875,7.146129485946234,6.2845669337376275,1.1287967603410751,30
babya,phi,uncoupled,flat,52,6.568120308700401,5.48715076178715,7.245051784854738,6.356314566743728,1.120091665891806,30
babya,phi,uncoupled,flat,53,6.653747964039308,5.48715076178715,7.245051784854738,6.368450376151133,1.119951357244996,30
babya,phi,uncoupled,flat,54,6.748326536823677,5.657524882230313,7.26233013318837,6.442651890198112,1.1058896257001531,30
babya,phi,uncoupled,flat,55,6.748326536823677,5.657524882230313,7.334274051734912,6.504564610147398,1.1789883394976264,30
babya,phi,uncoupled,flat,56,6.80994969413247,5.657524882230313,7.504788143515533,6.5795513761198015,1.2447060664740957,30
babya,phi,uncoupled,flat,57,6.892928045513066,5.657524882230313,7.591626007932441,6.657396468715308,1.262176119478824,30
babya,phi,uncoupled,flat,58,6.975517117922761,5.701847479628996,7.645614278789276,6.766026069176194,1.3070876751584384,30
babya,phi,uncoupled,flat,59,6.975517117922761,5.701847479628996,7.689994173766248,6.819346327555977,1.3228120663665868,30
babya,phi,uncoupled,flat,60,6.975517117922761,5.701847479628996,7.689994173766248,6.839320655078777,1.2969477045394227,30
babya,phi,uncoupled,flat,61,7.005793405544239,5.714607295922239,7.689994173766248,6.867731569169257,1.2844273113840103,30
babya,phi,uncoupled,flat,62,7.135910969870109,5.714607295922239,7.689994173766248,6.910574715769423,1.3016061979451634,30
babya,phi,uncoupled,flat,63,7.306087371964868,5.714607295922239,7.785155711475591,6.960996570393522,1.3208431122439657,30
babya,phi,uncoupled,flat,64,7.418710427220178,5.714607295922239,7.9332909972282,6.99865369589783,1.3447242552847296,30
babya,phi,uncoupled,flat,65,7.5841567500297735,5.784244153126804,8.085164561036589,7.143592967163248,1.413376061587831,30
babya,phi,uncoupled,flat,66,7.625473576894953,5.784244153126804,8.180034046075855,7.259060764646664,1.4456503966473646,30
babya,phi,uncoupled,flat,67,7.647272470647132,5.900417679756101,8.201521283827681,7.2968768300354006,1.451352286803139,30
babya,phi,uncoupled,flat,68,7.798545102866374,6.085173343690555,8.381265345359477,7.398992770833527,1.424513829758237,30
babya,phi,uncoupled,flat,69,7.892199076908248,6.22280355450919,8.4223309653555,7.469022633221555,1.4336898069873607,30
babya,phi,uncoupled,flat,70,8.018816674835826,6.22280355450919,8.422359894399225,7.512298948543547,1.409239908481497,30
babya,phi,uncoupled,flat,71,8.018816674835826,6.22280355450919,8.563471588024317,7.56780134052878,1.3668788642443261,30
babya,phi,uncoupled,flat,72,8.018816674835826,6.263474930361736,8.563471588024317,7.59833230814185,1.358888519557366,30
babya,phi,uncoupled,flat,73,8.018816674835826,6.263474930361736,8.563471588024317,7.62245925990936,1.3722674502637053,30
babya,phi,uncoupled,flat,74,8.018816674835826,6.294315718612006,8.563471588024317,7.657467417933524,1.3715175485701103,30
babya,phi,uncoupled,flat,75,8.018816674835826,6.294315718612006,8.621514517362117,7.6979042474789745,1.3940216235540956,30
babya,phi,uncoupled,flat,76,8.018816674835826,6.4697253059743645,8.684319346753615,7.72296778176081,1.3831014739386178,30
babya,phi,uncoupled,flat,77,8.018816674835826,6.4697253059743645,8.82321446006084,7.782068546651566,1.4364120904619693,30
babya,phi,uncoupled,flat,78,8.018816674835826,6.4697253059743645,8.843212482467711,7.80886283342118,1.4643252940809035,30
babya,phi,uncoupled,flat,79,8.018816674835826,6.499204078501599,9.042227549818236,7.9081456619438635,1.503155186214714,30
babya,phi,uncoupled,flat,80,8.018816674835826,6.51754961222558,9.042227549818236,7.9962837006472975,1.6439410938420276,30
babya,phi,uncoupled,flat,81,8.018816674835826,6.51754961222558,9.250987231071809,8.046560527936263,1.680825850349866,30
babya,phi,uncoupled,flat,82,8.018816674835826,6.518866286679524,9.312187496301235,8.087173459486811,1.693041871304912,30
babya,phi,uncoupled,flat,83,8.018816674835826,6.743296601857095,9.313080539198948,8.106963639724432,1.6820685052455033,30
babya,phi,uncoupled,flat,84,8.018816674835826,6.743296601857095,9.560799025569112,8.150707957094381,1.6891382419280119,30
babya,phi,uncoupled,flat,85,8.103649171168236,6.753506413395563,9.574108099465299,8.207074447101595,1.6901311675660162,30
babya,phi,uncoupled,flat,86,8.103649171168236,7.059311593131508,9.62252592352516,8.291709101006225,1.7036915985957581,30
babya,phi,uncoupled,flat,87,8.21873236230055,7.0949738076743865,9.62252592352516,8.324824633794952,1.6948121987145346,30
babya,phi,uncoupled,flat,88,8.21873236230055,7.09581658295622,9.62252592352516,8.34407983027958,1.7161856596079537,30
babya,phi,uncoupled,flat,89,8.21873236230055,7.09581658295622,9.707769288637095,8.383128095273184,1.7463844651695375,30
babya,phi,uncoupled,flat,90,8.21873236230055,7.09581658295622,9.707769288637095,8.394406649210607,1.7337377159505651,30
babya,phi,uncoupled,flat,91,8.262088749573724,7.09581658295622,9.726159281505037,8.445821047157853,1.732204083366477,30
babya,phi,uncoupled,flat,92,8.262088749573724,7.692192719303801,9.726159281505037,8.500726198049659,1.7013653899134265,30
babya,phi,uncoupled,flat,93,8.43931843295439,7.759549384958843,9.726159281505037,8.543393697900237,1.6915448655469925,30
babya,phi,uncoupled,flat,94,8.43931843295439,7.759549384958843,9.726159281505037,8.547282934629926,1.692251940187586,30
babya,phi,uncoupled,flat,95,8.533073137517611,7.759549384958843,9.877000929435168,8.607411260397393,1.7245609127438026,30
babya,phi,uncoupled,flat,96,8.595409356020575,7.759549384958843,9.877000929435168,8.644318905952048,1.7354383406616964,30
babya,phi,uncoupled,flat,97,8.595409356020575,7.759549384958843,9.939073578571836,8.707195608098347,1.6692757969033565,30
babya,phi,uncoupled,flat,98,9.049746733124962,7.759549384958843,9.96935223119986,8.839233015719977,1.7450761505787293,30
babya,phi,uncoupled,flat,99,9.049746733124962,7.759549384958843,10.012825137486761,8.893903233658524,1.74529967328381,30
babya,phi,uncoupled,flat,100,9.1087741029326,7.772675718173657,10.012825137486761,8.939672313148769,1.73427741880724,30
babya,phi,uncoupled,flat,101,9.1087741029326,7.772675718173657,10.176484015617678,8.993807402698632,1.7834143257418575,30
babya,phi,uncoupled,flat,102,9.1087741029326,7.772675718173657,10.210803650152785,9.023677981750438,1.79166016878132,30
babya,phi,uncoupled,flat,103,9.13800606158188,7.772675718173657,10.252510618300622,9.099522975066543,1.8076360409487762,30
babya,phi,uncoupled,flat,104,9.194930852868875,7.910658236233429,10.261740936402207,9.122752112908973,1.7993956566004068,30
babya,phi,uncoupled,flat,105,9.240234956577233,7.910658236233429,10.261740936402207,9.169020808268128,1.8465056103733501,30
babya,phi,uncoupled,flat,106,9.338294383575057,7.910658236233429,10.261740936402207,9.200156071313115,1.8508664909927686,30
babya,phi,uncoupled,flat,107,9.338294383575057,7.910658236233429,10.367381131846027,9.244274525519605,1.856256320139642,30
babya,phi,uncoupled,flat,108,9.338294383575057,7.950315180251075,10.367381131846027,9.274417158465232,1.83867510173074,30
babya,phi,uncoupled,flat,109,9.338294383575057,8.001537899636217,10.367381131846027,9.356165874557567,1.8414298563766052,30
babya,phi,uncoupled,flat,110,9.467091240494053,8.001537899636217,10.383754472493372,9.391019120324497,1.8414592482624987,30
babya,phi,uncoupled,flat,111,9.566939522122318,8.001537899636217,10.383754472493372,9.433621580132955,1.845277170615759,30
babya,phi,uncoupled,flat,112,9.566939522122318,8.001537899636217,10.521671658371627,9.48466014000124,1.8701144739224722,30
babya,phi,uncoupled,flat,113,9.566939522122318,8.001537899636217,10.521671658371627,9.547268761308999,1.9793613634486973,30
babya,phi,uncoupled,flat,114,9.60827172815151,8.001537899636217,10.521671658371627,9.584077683523754,2.0049424782608174,30
babya,phi,uncoupled,flat,115,9.646902452666701,8.09825182582543,10.521671658371627,9.629723543070098,2.002526017872526,30
babya,phi,uncoupled,flat,116,9.646902452666701,8.14319113293529,10.832245463078268,9.67390036834367,2.0039665248015908,30
babya,phi,uncoupled,flat,117,9.696491789434987,8.336749907947743,10.839484031697204,9.76307089725431,2.01478867955234,30
babya,phi,uncoupled,flat,118,9.748713818315496,8.387525473183484,10.839484031697204,9.825080944025997,2.030886143966694,30
babya,phi,uncoupled,flat,119,9.748713818315496,8.399238375694186,10.868951252576684,9.853143205876178,2.0336338125628615,30
babya,phi,uncoupled,flat,120,9.748713818315496,8.399238375694186,10.886205297680888,9.867378241620942,2.035917129082063,30
babya,phi,uncoupled,flat,121,9.934330774827526,8.399238375694186,10.914170184804913,9.927603224700968,2.0702995212664397,30
babya,phi,uncoupled,flat,122,9.934330774827526,8.57854509054097,10.914170184804913,9.946862585981696,2.0594469412484533,30
babya,phi,uncoupled,flat,123,9.934330774827526,8.57854509054097,10.940607297798477,9.995926242748881,2.038628191991214,30
babya,phi,uncoupled,flat,124,9.962719508574526,8.58016258333927,10.940607297798477,10.021562671211619,2.0510284495739546,30
babya,phi,uncoupled,flat,125,9.962719508574526,8.655256942241408,10.940607297798477,10.05828471531572,2.0540921740547087,30
babya,phi,uncoupled,flat,126,9.962719508574526,8.655256942241408,11.099320984156353,10.10650242906446,2.125716673888887,30
babya,phi,uncoupled,flat,127,10.013653749652168,8.655256942241408,11.099320984156353,10.12203990931607,2.118218188976748,30
babya,phi,uncoupled,flat,128,10.013653749652168,8.779674363822304,11.099320984156353,10.17392909034468,2.1362882700874026,30
babya,phi,uncoupled,flat,129,10.035065807787552,8.89648945880211,11.099320984156353,10.210953341318012,2.1198377779690336,30
babya,phi,uncoupled,flat,130,10.035065807787552,8.89648945880211,11.099320984156353,10.237899393127673,2.132059341193548,30
babya,phi,uncoupled,flat,131,10.035065807787552,8.89648945880211,11.10042713395129,10.251897906376989,2.143247981997659,30
babya,phi,uncoupled,flat,132,10.039186662231353,8.89648945880211,11.279380995857508,10.309233374777587,2.180731364375981,30
babya,phi,uncoupled,flat,133,10.169849013594845,8.89648945880211,11.279380995857508,10.368159471344471,2.166665126941396,30
babya,phi,uncoupled,flat,134,10.210642454571964,8.89648945880211,11.279380995857508,10.405767114100124,2.1911816508938844,30
babya,phi,uncoupled,flat,135,10.216236780879177,8.89648945880211,11.70065826620856,10.48134804561112,2.227654983022997,30
babya,phi,uncoupled,flat,136,10.262030381730415,8.89648945880211,11.70065826620856,10.508037204745515,2.229651768960532,30
babya,phi,uncoupled,flat,137,10.304179289527294,8.91738275600347,11.70065826620856,10.5295691625007,2.2359437034688434,30
babya,phi,uncoupled,flat,138,10.304179289527294,9.039450871643375,11.723282571401334,10.575239179700494,2.255158761020281,30
babya,phi,uncoupled,flat,139,10.304179289527294,9.044629025928078,11.737851577957915,10.599483137724757,2.2730693889264835,30
babya,phi,uncoupled,flat,140,10.304179289527294,9.044629025928078,11.737851577957915,10.608586702604134,2.279119133980424,30
babya,phi,uncoupled,flat,141,10.338283870207349,9.11558085606855,11.745799316779056,10.664576904084969,2.2469952675134395,30
babya,phi,uncoupled,flat,142,10.338283870207349,9.141236952697286,11.939804728540915,10.729959234709794,2.2882647825691818,30
babya,phi,uncoupled,flat,143,10.361729929069442,9.164611666197882,11.958295689771449,10.751170724917568,2.291174533383677,30
babya,phi,uncoupled,flat,144,10.41296011415222,9.242963811885536,11.958295689771449,10.764754694547438,2.2914000092824818,30
babya,phi,uncoupled,flat,145,10.41296011415222,9.242963811885536,11.958295689771449,10.784685197888585,2.27249206323445,30
babya,phi,uncoupled,flat,146,10.41296011415222,9.274322924548681,11.970466347421198,10.795886695260016,2.265692151736187,30
babya,phi,uncoupled,flat,147,10.522635895833076,9.275349868830435,11.970466347421198,10.829045671646835,2.263569701371138,30
babya,phi,uncoupled,flat,148,10.583186148438834,9.275349868830435,12.140459520702091,10.87861057739428,2.2834271255854266,30
babya,phi,uncoupled,flat,149,10.626642017912896,9.28223963444904,12.160798868706983,10.888288166908183,2.2816888532618034,30
babya,phi,uncoupled,flat,150,10.626642017912896,9.28223963444904,12.19229597344349,10.914671338715555,2.2786341578936766,30
babya,phi,uncoupled,flat,151,10.635883836099698,9.28223963444904,12.19229597344349,10.936147667090042,2.295146225319257,30
babya,phi,uncoupled,flat,152,10.659571417855819,9.331486082991077,12.303574226342597,10.958888541786456,2.2908451364994162,30
babya,phi,uncoupled,flat,153,10.700374870066835,9.331486082991077,12.309504703807622,10.968926482143985,2.299144536662011,30
babya,phi,uncoupled,flat,154,10.744436605134467,9.331486082991077,12.406642590141608,10.98392388267478,2.3062699364428094,30
babya,phi,uncoupled,flat,155,10.744436605134467,9.331486082991077,12.457160422660774,11.004253633939985,2.3129071368501877,30
babya,phi,uncoupled,flat,156,10.744436605134467,9.331486082991077,12.457160422660774,11.023576738017047,2.30042975572514,30
babya,phi,uncoupled,flat,157,10.744436605134467,9.348951499144524,12.61783197285464,11.06398442430713,2.2999603680024383,30
babya,phi,uncoupled,flat,158,10.788071238213249,9.453117077226484,12.661929976845087,11.102673797377422,2.305271472103123,30
babya,phi,uncoupled,flat,159,10.788071238213249,9.453117077226484,12.788331201466086,11.12766352077078,2.317097592921265,30
babya,phi,uncoupled,flat,160,10.788071238213249,9.453117077226484,12.943907805746269,11.153422881428813,2.311863101535048,30
babya,phi,uncoupled,flat,161,10.788071238213249,9.498357303672977,12.943907805746269,11.183125002242356,2.3150969855925907,30
babya,phi,uncoupled,flat,162,10.788071238213249,9.523321672624835,12.943907805746269,11.197023474713689,2.303957029683293,30
babya,phi,uncoupled,flat,163,10.871132652992145,9.543211210988373,12.943907805746269,11.211954598628518,2.2926984725138504,30
babya,phi,uncoupled,flat,164,10.871132652992145,9.543211210988373,12.965617990443171,11.233630171755708,2.3269344607725544,30
babya,phi,uncoupled,flat,165,10.871132652992145,9.832754921404685,12.965617990443171,11.284645920980724,2.3328371460134245,30
babya,phi,uncoupled,flat,166,10.871132652992145,9.832754921404685,12.965617990443171,11.308745285443413,2.352404654144662,30
babya,phi,uncoupled,flat,167,10.871132652992145,9.83789223696933,13.007453799348648,11.324076834121854,2.359057232558356,30
babya,phi,uncoupled,flat,168,10.871132652992145,10.067247406276167,13.070602043323287,11.368475869223458,2.3489610123692626,30
babya,phi,uncoupled,flat,169,10.920123886109351,10.067247406276167,13.229085048260071,11.401817893145896,2.390240465654963,30
babya,phi,uncoupled,flat,170,10.920123886109351,10.14053063609928,13.229621943716609,11.43677974056309,2.404349073915745,30
babya,phi,uncoupled,flat,171,10.949818932748503,10.14053063609928,13.2301616059167,11.446598207923689,2.4026370698277852,30
babya,phi,uncoupled,flat,172,10.97901441042754,10.140759604697386,13.256796297875933,11.483305253684602,2.435515869852273,30
babya,phi,uncoupled,flat,173,10.988339599742346,10.164374910868734,13.256796297875933,11.517419773742148,2.4404150436637666,30
babya,phi,uncoupled,flat,174,10.988339599742346,10.164374910868734,13.286689123321327,11.533612885858561,2.4457310945122903,30
babya,phi,uncoupled,flat,175,10.988339599742346,10.380169204089102,13.286689123321327,11.60009325418515,2.437888107671597,30
babya,phi,uncoupled,flat,176,10.988339599742346,10.380169204089102,13.389635250972827,11.623622959750461,2.455890331249668,30
babya,phi,uncoupled,flat,177,10.988339599742346,10.380169204089102,13.392027847366936,11.63217068898784,2.454912777948004,30
babya,phi,uncoupled,flat,178,11.087024281327343,10.380169204089102,13.392027847366936,11.657500036181426,2.4477520216938236,30
babya,phi,uncoupled,flat,179,11.099935774105955,10.380169204089102,13.392027847366936,11.70398954328589,2.477954564490705,30
babya,phi,uncoupled,flat,180,11.106805512017514,10.380169204089102,13.392027847366936,11.727491598974163,2.4781991207122482,30
babya,phi,uncoupled,flat,181,11.193674185355508,10.380169204089102,13.392027847366936,11.751979679873436,2.4911555982223597,30
babya,phi,uncoupled,flat,182,11.193674185355508,10.384678394857245,13.39341264632368,11.807086530778854,2.5156035939971435,30
babya,phi,uncoupled,flat,183,11.193674185355508,10.384678394857245,13.39341264632368,11.830452308957453,2.5377244679021325,30
babya,phi,uncoupled,flat,184,11.215914624553136,10.449068398657671,13.39341264632368,11.843688310754304,2.5382493619559736,30
babya,phi,uncoupled,flat,185,11.224127695036866,10.449068398657671,13.39341264632368,11.871945806919745,2.55599082891563,30
babya,phi,uncoupled,flat,186,11.224127695036866,10.449068398657671,13.39341264632368,11.893359414225536,2.567238893988945,30
babya,phi,uncoupled,flat,187,11.224127695036866,10.450234324138727,13.399443714225043,11.92110290864566,2.568985567874355,30
babya,phi,uncoupled,flat,188,11.271251227553115,10.450234324138727,13.513557396656008,11.972243796374418,2.5785868425115352,30
babya,phi,uncoupled,flat,189,11.271251227553115,10.493700656264682,13.513557396656008,11.980457704228366,2.582771804279372,30
babya,phi,uncoupled,flat,190,11.282984195665758,10.493700656264682,13.513557396656008,11.986727276960597,2.5847447146175417,30
babya,phi,uncoupled,flat,191,11.284754112965015,10.493700656264682,13.513557396656008,11.987322678174921,2.584414901189052,30
babya,phi,uncoupled,flat,192,11.32228816220446,10.493700656264682,13.513557396656008,12.020944631002434,2.6098634621259245,30
babya,phi,uncoupled,flat,193,11.32228816220446,10.53303418241283,13.513557396656008,12.058953534018338,2.634526556918653,30
babya,phi,uncoupled,flat,194,11.32228816220446,10.542068962306715,13.513557396656008,12.07666243667338,2.660520141327989,30
babya,phi,uncoupled,flat,195,11.32228816220446,10.542068962306715,13.513557396656008,12.088141424629027,2.6537988763579174,30
babya,phi,uncoupled,flat,196,11.331176890080691,10.542068962306715,13.513557396656008,12.09544959337556,2.6509645832796815,30
babya,phi,uncoupled,flat,197,11.339332604727023,10.62454267230401,13.513557396656008,12.109717216041133,2.649839401786061,30
babya,phi,uncoupled,flat,198,11.339393958660704,10.656996735752227,13.518584702167809,12.133292694208563,2.667182458653667,30
babya,phi,uncoupled,flat,199,11.359741436898044,10.656996735752227,13.528320531109685,12.160726383015975,2.689991620524405,30
babya,phi,uncoupled,flat,200,11.359741436898044,10.656996735752227,13.528320531109685,12.168245566237756,2.694364682446192,30
babya,phi,uncoupled,flat,201,11.423840080201588,10.656996735752227,13.528320531109685,12.18567982758282,2.6945743676695186,30
babya,phi,uncoupled,flat,202,11.423840080201588,10.688773313951328,13.656020909984486,12.199244357447965,2.6931927019638,30
babya,phi,uncoupled,flat,203,11.423840080201588,10.74995615558741,13.656020909984486,12.213729836164061,2.68840971974199,30
babya,phi,uncoupled,flat,204,11.43524188957737,10.760437277709155,13.656253665157235,12.228632349974143,2.6930873660500168,30
babya,phi,uncoupled,flat,205,11.43524188957737,10.760437277709155,13.70730221271953,12.240744030898101,2.702149179703951,30
babya,phi,uncoupled,flat,206,11.471967510217915,10.763037347061152,14.227934591531326,12.271569998255435,2.719657201412682,30
babya,phi,uncoupled,flat,207,11.479976826345872,10.765071713118498,14.227934591531326,12.286290060518178,2.7306226907370768,30
babya,phi,uncoupled,flat,208,11.48284228551324,10.765719735910837,14.608963324258227,12.34602439813481,2.800469554489842,30
babya,phi,uncoupled,flat,209,11.578899847357867,10.765719735910837,14.620099675993483,12.354169255565502,2.798878795404109,30
babya,phi,uncoupled,flat,210,11.590454499898904,10.765719735910837,14.621006257767823,12.369768046702742,2.7993167181568572,30
babya,phi,uncoupled,flat,211,11.590454499898904,10.857203809903883,14.621006257767823,12.375621770012543,2.7961270513654695,30
babya,phi,uncoupled,flat,212,11.59830580814384,10.857203809903883,14.622344254836221,12.393666435291944,2.79023647033284,30
babya,phi,uncoupled,flat,213,11.59830580814384,10.857203809903883,14.622344254836221,12.4060073271258,2.7967070749362843,30
babya,phi,uncoupled,flat,214,11.59830580814384,10.857203809903883,14.622344254836221,12.407380284293833,2.7966861477065184,30
babya,phi,uncoupled,flat,215,11.59830580814384,10.857203809903883,14.622344254836221,12.423376924531324,2.82073870983212,30
babya,phi,uncoupled,flat,216,11.6474281659344,10.857203809903883,14.622344254836221,12.444341899778093,2.8335453348240245,30
babya,phi,uncoupled,flat,217,11.6474281659344,10.879636685947514,14.626119899152604,12.469727089029828,2.8377702882045446,30
babya,phi,uncoupled,flat,218,11.667357308232102,10.879636685947514,14.632126457982334,12.475693119022486,2.8374075574685693,30
babya,phi,uncoupled,flat,219,11.667357308232102,10.879636685947514,14.698879854543996,12.485202341437056,2.845746689302867,30
babya,phi,uncoupled,flat,220,11.667357308232102,10.879636685947514,14.818517186501957,12.499615901115883,2.8615845315907684,30
babya,phi,uncoupled,flat,221,11.668656134505035,10.879636685947514,14.818517186501957,12.506734336033468,2.8650993080919918,30
babya,phi,uncoupled,flat,222,11.668656134505035,11.020241083501016,14.818517186501957,12.514984441064621,2.8598266061990034,30
babya,phi,uncoupled,flat,223,11.67866574145499,11.081676896325634,14.818890208361175,12.542487714593689,2.8736816288977884,30
babya,phi,uncoupled,flat,224,11.67866574145499,11.081676896325634,14.876241439487686,12.555464271407939,2.8787519505975214,30
babya,phi,uncoupled,flat,225,11.771077377239672,11.081676896325634,14.950394007675865,12.57200670253903,2.8791575519319,30
babya,phi,uncoupled,flat,226,11.772923774781392,11.114077464823275,14.950394007675865,12.584016000869282,2.8879156652481544,30
babya,phi,uncoupled,flat,227,11.774574161111701,11.118407808853402,15.066303555540237,12.598489489024132,2.899414565413904,30
babya,phi,uncoupled,flat,228,11.774574161111701,11.118407808853402,15.131563464668202,12.605271847081964,2.9003704210726253,30
babya,phi,uncoupled,flat,229,11.778848066718353,11.119526345394853,15.136968521879556,12.610420961965287,2.9006476150751834,30
babya,phi,uncoupled,flat,230,11.780710040845928,11.126184333854052,15.212092125366691,12.631306180151451,2.922367600163901,30
babya,phi,uncoupled,flat,231,11.78720148846776,11.126184333854052,15.212092125366691,12.640898804191595,2.9250867809307883,30
babya,phi,uncoupled,flat,232,11.78720148846776,11.144389939421965,15.212529636802717,12.65216083369262,2.9339388898564676,30
babya,phi,uncoupled,flat,233,11.78720148846776,11.144389939421965,15.212529636802717,12.67156464498924,2.9532652525084866,30
babya,phi,uncoupled,flat,234,11.788686466021755,11.16040732470664,15.212529636802717,12.675551527241332,2.9574300434178844,30
babya,phi,uncoupled,flat,235,11.788686466021755,11.16040732470664,15.212529636802717,12.694476656830023,2.9832059242933187,30
babya,phi,uncoupled,flat,236,11.825075238845333,11.16040732470664,15.325864456697627,12.703415692871909,2.9866977589782615,30
babya,phi,uncoupled,flat,237,11.825075238845333,11.166228425883956,15.325864456697627,12.70861605976402,2.9876447367707804,30
babya,phi,uncoupled,flat,238,11.825075238845333,11.177452839913121,15.325864456697627,12.719015322261718,2.98968206945103,30
babya,phi,uncoupled,flat,239,11.83304303207797,11.186742404853906,15.325864456697627,12.731598234668896,3.002752892735389,30
babya,phi,uncoupled,flat,240,11.865878235318128,11.186742404853906,15.325864456697627,12.75081709353095,3.011222452742427,30
babya,phi,uncoupled,flat,241,11.866417325910476,11.186742404853906,15.325864456697627,12.754457920866217,3.0104422101293684,30
babya,phi,uncoupled,flat,242,11.876932481786966,11.205183224258857,15.33292452271295,12.76901930034132,3.0190740332569392,30
babya,phi,uncoupled,flat,243,11.898566417986256,11.205183224258857,15.33292452271295,12.783481224523422,3.032035745335902,30
babya,phi,uncoupled,flat,244,11.898566417986256,11.212465160615777,15.507434425348585,12.80707577028184,3.0587796906247386,30
babya,phi,uncoupled,flat,245,11.898566417986256,11.212465160615777,15.507434425348585,12.813391436576532,3.0577777060878635,30
babya,phi,uncoupled,flat,246,11.898566417986256,11.23096297356576,15.507434425348585,12.815197430563318,3.0560802773049525,30
babya,phi,uncoupled,flat,247,11.898566417986256,11.285769172812781,15.507434425348585,12.819500687643409,3.0530578016427623,30
babya,phi,uncoupled,flat,248,11.898566417986256,11.285769172812781,15.507434425348585,12.830044500403371,3.056660282532939,30
babya,phi,uncoupled,flat,249,11.898566417986256,11.285769172812781,15.507434425348585,12.838687486495584,3.055609397893823,30
babya,phi,uncoupled,flat,250,11.898566417986256,11.285769172812781,15.507434425348585,12.846236311975616,3.0640315173876096,30
babya,phi,uncoupled,flat,251,11.898566417986256,11.30256872871127,15.507434425348585,12.854376431648442,3.07328056741581,30
babya,phi,uncoupled,flat,252,11.92443007917605,11.31007363157584,15.507434425348585,12.861525274294943,3.068488775447689,30
babya,phi,uncoupled,flat,253,11.92443007917605,11.31007363157584,15.507434425348585,12.872467134493139,3.0736799705424787,30
babya,phi,uncoupled,flat,254,11.92443007917605,11.315764239941338,15.507434425348585,12.891230955452649,3.1019888226231953,30
babya,phi,uncoupled,flat,255,11.92443007917605,11.315764239941338,15.507434425348585,12.905303379581106,3.116174232481479,30
babya,phi,uncoupled,flat,256,11.92443007917605,11.315764239941338,15.583685997915003,12.9120711357079,3.1167730412984027,30
babya,phi,uncoupled,flat,257,11.92443007917605,11.315764239941338,15.592308668602124,12.916839929846734,3.1190550954877274,30
babya,phi,uncoupled,flat,258,11.92443007917605,11.315764239941338,15.592308668602124,12.928379064636179,3.1354188150308215,30
babya,phi,uncoupled,flat,259,11.947717821756463,11.315764239941338,15.592308668602124,12.933532132578595,3.1370488163233707,30
babya,phi,uncoupled,flat,260,11.947717821756463,11.32483891435005,15.592308668602124,12.941848072423905,3.1416488642216094,30
babya,phi,uncoupled,flat,261,11.964201400265587,11.32483891435005,15.592308668602124,12.953229030173237,3.15225282872389,30
babya,phi,uncoupled,flat,262,11.971357151431517,11.32483891435005,15.616512438878285,12.959954894864039,3.1544299371455455,30
babya,phi,uncoupled,flat,263,11.971357151431517,11.335433046736496,15.616512438878285,12.96430258730685,3.154105570614886,30
babya,phi,uncoupled,flat,264,11.971357151431517,11.335433046736496,15.616512438878285,12.977792917636469,3.1711066254232008,30
babya,phi,uncoupled,flat,265,11.971357151431517,11.335433046736496,15.639613361363471,12.98619304213969,3.1776853356588113,30
babya,phi,uncoupled,flat,266,11.983478872347684,11.335488650644134,15.639613361363471,12.990112748374555,3.175139595039557,30
babya,phi,uncoupled,flat,267,11.983478872347684,11.335488650644134,15.67415728186895,12.99834685929362,3.17772681652723,30
babya,phi,uncoupled,flat,268,12.00597594520515,11.335488650644134,15.67415728186895,13.005652684114311,3.17784873403804,30
babya,phi,uncoupled,flat,269,12.01446182312257,11.33599564849007,15.67415728186895,13.011519984541334,3.1817395790376732,30
babya,phi,uncoupled,flat,270,12.052544987449313,11.33599564849007,15.67415728186895,13.014415694791627,3.1804697011452148,30
babya,phi,uncoupled,flat,271,12.052544987449313,11.336028743937998,15.67415728186895,13.024361920992122,3.1881977270506985,30
babya,phi,uncoupled,flat,272,12.064523266171115,11.336060721650632,15.686768878463598,13.030704408507562,3.1919658142647958,30
babya,phi,uncoupled,flat,273,12.064523266171115,11.341750808113112,15.686768878463598,13.03827664873651,3.1944041873214695,30
babya,phi,uncoupled,flat,274,12.064523266171115,11.341750808113112,15.686768878463598,13.042453670884717,3.193946903771151,30
babya,phi,uncoupled,flat,275,12.064523266171115,11.342716961786799,15.686768878463598,13.045419320894043,3.192868545035792,30
babya,phi,uncoupled,flat,276,12.064523266171115,11.348089018690525,15.699151419385421,13.048366343810823,3.191667284596884,30
babya,phi,uncoupled,flat,277,12.064523266171115,11.348089018690525,15.699151419385421,13.051176914205316,3.1924694891754988,30
babya,phi,uncoupled,flat,278,12.064523266171115,11.355880642012858,15.699151419385421,13.058568102422065,3.1979358386283327,30
babya,phi,uncoupled,flat,279,12.064523266171115,11.363668378079982,15.699151419385421,13.062153246931695,3.1965971814353256,30
babya,phi,uncoupled,flat,280,12.064523266171115,11.388319824917508,15.700778513437362,13.066477675576845,3.1957570305784744,30
babya,phi,uncoupled,flat,281,12.075185955806901,11.388319824917508,15.700778513437362,13.076443971652585,3.2008132148190223,30
babya,phi,uncoupled,flat,282,12.075185955806901,11.390547804745147,15.700778513437362,13.081100180780648,3.2030995371309916,30
babya,phi,uncoupled,flat,283,12.075185955806901,11.390547804745147,15.700778513437362,13.086898045632513,3.201136647919055,30
babya,phi,uncoupled,flat,284,12.075185955806901,11.390547804745147,15.708783450787383,13.090263327689236,3.2029523191400204,30
babya,phi,uncoupled,flat,285,12.075185955806901,11.392097331763289,15.708783450787383,13.092471783970954,3.202083208147059,30
babya,phi,uncoupled,flat,286,12.075185955806901,11.392097331763289,15.708783450787383,13.09470824897368,3.200900101056542,30
babya,phi,uncoupled,flat,287,12.090760975588694,11.399546842437232,15.715754198219953,13.100585415353747,3.2036685678574526,30
babya,phi,uncoupled,flat,288,12.113731923002033,11.399951782440418,15.715754198219953,13.107253533531312,3.2052890865441452,30
babya,phi,uncoupled,flat,289,12.113731923002033,11.401010065575978,15.752836355600227,13.113988266169665,3.208603493740927,30
babya,phi,uncoupled,flat,290,12.113731923002033,11.401010065575978,15.752836355600227,13.123769898698388,3.225184712960009,30
babya,phi,uncoupled,flat,291,12.113731923002033,11.401010065575978,15.752836355600227,13.12453216633392,3.22566050765642,30
babya,phi,uncoupled,flat,292,12.130470929888588,11.401010065575978,15.752836355600227,13.126969185100855,3.2254964606175047,30
babya,phi,uncoupled,flat,293,12.130470929888588,11.403718646790477,15.75977778304656,13.130312594203152,3.22445090240506,30
babya,phi,uncoupled,flat,294,12.130470929888588,11.415355583320908,15.760128325423544,13.13166185788467,3.2239513074376047,30
babya,phi,uncoupled,flat,295,12.130470929888588,11.416792085307014,15.768342257315734,13.140889721373405,3.2261498049654,30
babya,phi,uncoupled,flat,296,12.138560634750792,11.418416110036084,15.768342257315734,13.146745310919155,3.2223248579790376,30
babya,phi,uncoupled,flat,297,12.138560634750792,11.420274105454048,15.770893968180392,13.152511540343905,3.227266091647941,30
babya,phi,uncoupled,flat,298,12.152817104205141,11.420274105454048,15.773963486519778,13.15647006216784,3.225985725140323,30
babya,phi,uncoupled,flat,299,12.152817104205141,11.420274105454048,15.773963486519778,13.168427150249403,3.2407102275069573,30
babya,phi,uncoupled,flat,300,12.152817104205141,11.420274105454048,15.773963486519778,13.172284044631185,3.2430054899664302,30
babya,phi,uncoupled,rugged,1,1.6892,1.2692,2.1722,1.8711,0.7243,30
babya,phi,uncoupled,rugged,2,2.2087,1.6885,2.9912,2.3587,0.8838,30
babya,phi,uncoupled,rugged,3,2.7439,2.0199,3.2276,2.7465,0.9476,30
babya,phi,uncoupled,rugged,4,2.8076,2.5153,3.2543,2.9523,0.8139,30
babya,phi,uncoupled,rugged,5,2.9032,2.6008,3.3219,3.0821,0.7283,30
babya,phi,uncoupled,rugged,6,3.1573,2.7763,3.4903,3.2633,0.7961,30
babya,phi,uncoupled,rugged,7,3.2462,2.7763,3.6487,3.4287,0.8953,30
babya,phi,uncoupled,rugged,8,3.3839,3.003,4.3919,3.6547,0.9299,30
babya,phi,uncoupled,rugged,9,3.4648,3.0156,4.7821,3.794,0.9894,30
babya,phi,uncoupled,rugged,10,3.4648,3.018,4.7821,3.8094,0.9699,30
babya,phi,uncoupled,rugged,11,3.9135,3.0581,4.9945,3.9782,1.0111,30
babya,phi,uncoupled,rugged,12,3.9135,3.0646,4.9945,3.9894,0.9969,30
babya,phi,uncoupled,rugged,13,3.9818,3.2823,4.9945,4.0819,0.9729,30
babya,phi,uncoupled,rugged,14,4.1517,3.3429,5.0687,4.1743,0.9335,30
babya,phi,uncoupled,rugged,15,4.2951,3.3572,5.0687,4.2055,0.9181,30
babya,phi,uncoupled,rugged,16,4.2951,3.3987,5.0687,4.2358,0.8865,30
babya,phi,uncoupled,rugged,17,4.2951,3.7667,5.0687,4.3743,0.8015,30
babya,phi,uncoupled,rugged,18,4.4131,3.7969,5.0687,4.4491,0.8388,30
babya,phi,uncoupled,rugged,19,4.6199,3.9048,5.0687,4.5168,0.8475,30
babya,phi,uncoupled,rugged,20,4.7683,3.9048,5.1131,4.5979,0.894,30
babya,phi,uncoupled,rugged,21,4.7683,3.9048,5.2047,4.6397,0.9221,30
babya,phi,uncoupled,rugged,22,4.7827,4.0507,5.2289,4.7346,0.8435,30
babya,phi,uncoupled,rugged,23,4.7827,4.0507,5.2289,4.7656,0.8488,30
babya,phi,uncoupled,rugged,24,4.7827,4.0507,5.2289,4.7912,0.8889,30
babya,phi,uncoupled,rugged,25,4.791,4.1236,5.2289,4.8154,0.887,30
babya,phi,uncoupled,rugged,26,4.791,4.1236,5.2289,4.8251,0.8815,30
babya,phi,uncoupled,rugged,27,4.791,4.2848,5.3405,4.9056,0.9416,30
babya,phi,uncoupled,rugged,28,4.929,4.2848,5.6807,5.1038,1.1739,30
babya,phi,uncoupled,rugged,29,4.929,4.3748,5.749,5.1915,1.2497,30
babya,phi,uncoupled,rugged,30,5.0631,4.5149,5.749,5.2381,1.26,30
babya,phi,uncoupled,rugged,31,5.0688,4.5149,5.749,5.2988,1.2973,30
babya,phi,uncoupled,rugged,32,5.2087,4.5966,6.2042,5.4408,1.2999,30
babya,phi,uncoupled,rugged,33,5.2727,4.6039,6.5126,5.5513,1.2948,30
babya,phi,uncoupled,rugged,34,5.2727,4.6039,6.6331,5.5653,1.308,30
babya,phi,uncoupled,rugged,35,5.3198,4.6039,6.6331,5.5828,1.2904,30
babya,phi,uncoupled,rugged,36,5.3198,4.7558,6.6331,5.5973,1.278,30
babya,phi,uncoupled,rugged,37,5.3198,4.7874,6.6395,5.6335,1.2751,30
babya,phi,uncoupled,rugged,38,5.3198,4.8321,6.8572,5.662,1.294,30
babya,phi,uncoupled,rugged,39,5.3198,4.8321,6.8572,5.6691,1.293,30
babya,phi,uncoupled,rugged,40,5.3772,4.9349,6.8572,5.7449,1.307,30
babya,phi,uncoupled,rugged,41,5.5311,4.9676,6.9169,5.8491,1.3047,30
babya,phi,uncoupled,rugged,42,5.6093,5.065,6.9169,5.9181,1.263,30
babya,phi,uncoupled,rugged,43,5.6093,5.065,6.9169,5.9704,1.3329,30
babya,phi,uncoupled,rugged,44,5.8983,5.1071,6.9169,6.0122,1.3178,30
babya,phi,uncoupled,rugged,45,5.8983,5.1071,6.9169,6.0207,1.3277,30
babya,phi,uncoupled,rugged,46,5.9382,5.1071,6.9415,6.1037,1.3547,30
babya,phi,uncoupled,rugged,47,6.0293,5.1071,7.1308,6.1925,1.391,30
babya,phi,uncoupled,rugged,48,6.0293,5.1071,7.1308,6.1993,1.4,30
babya,phi,uncoupled,rugged,49,6.1184,5.1118,7.1669,6.2239,1.4054,30
babya,phi,uncoupled,rugged,50,6.2039,5.2423,7.174,6.277,1.438,30
babya,phi,uncoupled,rugged,51,6.413,5.2423,7.174,6.3263,1.4416,30
babya,phi,uncoupled,rugged,52,6.413,5.2423,7.174,6.334,1.4278,30
babya,phi,uncoupled,rugged,53,6.413,5.2792,7.2017,6.3949,1.4366,30
babya,phi,uncoupled,rugged,54,6.5311,5.2792,7.2424,6.4225,1.4357,30
babya,phi,uncoupled,rugged,55,6.6474,5.352,7.2969,6.5182,1.3827,30
babya,phi,uncoupled,rugged,56,6.6474,5.4201,7.4158,6.6129,1.328,30
babya,phi,uncoupled,rugged,57,6.6474,5.5881,7.4878,6.6914,1.3043,30
babya,phi,uncoupled,rugged,58,6.7516,5.8789,7.4878,6.7874,1.2611,30
babya,phi,uncoupled,rugged,59,6.7733,5.8789,7.565,6.8484,1.2801,30
babya,phi,uncoupled,rugged,60,6.7733,5.8789,7.565,6.863,1.2951,30
babya,phi,uncoupled,rugged,61,6.7733,5.8789,7.565,6.8751,1.2872,30
babya,phi,uncoupled,rugged,62,6.7733,5.8789,8.0181,6.9865,1.3803,30
babya,phi,uncoupled,rugged,63,6.8747,5.9459,8.0181,6.999,1.3753,30
babya,phi,uncoupled,rugged,64,7.0725,5.98,8.1466,7.1232,1.4633,30
babya,phi,uncoupled,rugged,65,7.0725,5.98,8.2317,7.1958,1.4495,30
babya,phi,uncoupled,rugged,66,7.1803,5.98,8.2317,7.2355,1.4476,30
babya,phi,uncoupled,rugged,67,7.1803,6.269,8.2317,7.2723,1.4425,30
babya,phi,uncoupled,rugged,68,7.2656,6.3336,8.5029,7.3543,1.4496,30
babya,phi,uncoupled,rugged,69,7.4014,6.3336,8.5029,7.373,1.4551,30
babya,phi,uncoupled,rugged,70,7.4631,6.3336,8.5029,7.3914,1.4688,30
babya,phi,uncoupled,rugged,71,7.7021,6.4065,8.5029,7.4684,1.4398,30
babya,phi,uncoupled,rugged,72,7.8408,6.6376,8.5496,7.5691,1.4081,30
babya,phi,uncoupled,rugged,73,7.9192,6.7422,8.5496,7.5991,1.4047,30
babya,phi,uncoupled,rugged,74,7.9192,6.7422,8.5496,7.6374,1.42,30
babya,phi,uncoupled,rugged,75,7.9734,6.9825,8.5496,7.685,1.4211,30
babya,phi,uncoupled,rugged,76,8.014,6.9825,8.5496,7.7031,1.4173,30
babya,phi,uncoupled,rugged,77,8.014,6.9894,8.5496,7.7198,1.4235,30
babya,phi,uncoupled,rugged,78,8.014,7.0678,8.5496,7.7599,1.4095,30
babya,phi,uncoupled,rugged,79,8.153,7.245,8.6263,7.8911,1.3924,30
babya,phi,uncoupled,rugged,80,8.153,7.245,8.6263,7.9458,1.3691,30
babya,phi,uncoupled,rugged,81,8.166,7.245,8.6263,7.969,1.3677,30
babya,phi,uncoupled,rugged,82,8.2672,7.245,8.6847,8.0707,1.4378,30
babya,phi,uncoupled,rugged,83,8.4295,7.245,8.8771,8.1741,1.4511,30
babya,phi,uncoupled,rugged,84,8.4295,7.245,8.9749,8.2214,1.4948,30
babya,phi,uncoupled,rugged,85,8.4657,7.245,8.9894,8.2739,1.4807,30
babya,phi,uncoupled,rugged,86,8.4657,7.3423,8.9906,8.3267,1.4632,30
babya,phi,uncoupled,rugged,87,8.5007,7.3423,8.9906,8.332,1.4584,30
babya,phi,uncoupled,rugged,88,8.5526,7.3423,9.0957,8.3896,1.4921,30
babya,phi,uncoupled,rugged,89,8.5618,7.6665,9.0957,8.443,1.5217,30
babya,phi,uncoupled,rugged,90,8.6827,7.6665,9.0957,8.4862,1.5368,30
babya,phi,uncoupled,rugged,91,8.7774,7.6665,9.1835,8.5463,1.531,30
babya,phi,uncoupled,rugged,92,8.7774,7.6665,9.1835,8.563,1.5217,30
babya,phi,uncoupled,rugged,93,8.8208,7.6665,9.1835,8.5809,1.5085,30
babya,phi,uncoupled,rugged,94,8.8208,7.6833,9.1835,8.5882,1.5015,30
babya,phi,uncoupled,rugged,95,8.8407,7.6833,9.1845,8.621,1.4534,30
babya,phi,uncoupled,rugged,96,8.8487,7.8013,9.1939,8.6561,1.4715,30
babya,phi,uncoupled,rugged,97,8.8487,7.8013,9.2007,8.6643,1.4723,30
babya,phi,uncoupled,rugged,98,8.9081,7.9342,9.2007,8.6938,1.4691,30
babya,phi,uncoupled,rugged,99,8.9731,8.2667,9.3702,8.7497,1.4825,30
babya,phi,uncoupled,rugged,100,9.0384,8.2667,9.3887,8.7675,1.4754,30
babya,phi,uncoupled,rugged,101,9.0384,8.2667,9.4121,8.7821,1.4683,30
babya,phi,uncoupled,rugged,102,9.1118,8.2806,9.7555,8.8958,1.4923,30
babya,phi,uncoupled,rugged,103,9.1228,8.2806,9.7555,8.931,1.5291,30
babya,phi,uncoupled,rugged,104,9.1339,8.2806,9.9368,8.9827,1.5578,30
babya,phi,uncoupled,rugged,105,9.1339,8.2806,9.9368,9.0438,1.5283,30
babya,phi,uncoupled,rugged,106,9.2152,8.2806,9.9368,9.0716,1.5296,30
babya,phi,uncoupled,rugged,107,9.23,8.3941,9.9368,9.1019,1.5173,30
babya,phi,uncoupled,rugged,108,9.3004,8.3941,9.9368,9.1253,1.5259,30
babya,phi,uncoupled,rugged,109,9.3004,8.5576,9.9368,9.2008,1.5975,30
babya,phi,uncoupled,rugged,110,9.3579,8.6033,9.9571,9.2521,1.5858,30
babya,phi,uncoupled,rugged,111,9.3947,8.6033,10.0783,9.334,1.6375,30
babya,phi,uncoupled,rugged,112,9.3947,8.6033,10.0783,9.351,1.6123,30
babya,phi,uncoupled,rugged,113,9.4089,8.6033,10.0783,9.3762,1.6006,30
babya,phi,uncoupled,rugged,114,9.4089,8.6118,10.0783,9.3883,1.5981,30
babya,phi,uncoupled,rugged,115,9.4089,8.6828,10.5585,9.4419,1.6132,30
babya,phi,uncoupled,rugged,116,9.4089,8.6828,10.5819,9.4658,1.5793,30
babya,phi,uncoupled,rugged,117,9.4089,8.7544,10.6224,9.48,1.5809,30
babya,phi,uncoupled,rugged,118,9.4089,8.7544,10.6224,9.5028,1.6196,30
babya,phi,uncoupled,rugged,119,9.4089,8.7544,10.6224,9.5178,1.6165,30
babya,phi,uncoupled,rugged,120,9.4603,8.7544,10.6224,9.5365,1.6244,30
babya,phi,uncoupled,rugged,121,9.4627,8.7827,10.6224,9.577,1.6533,30
babya,phi,uncoupled,rugged,122,9.4627,8.7827,10.6224,9.5835,1.6554,30
babya,phi,uncoupled,rugged,123,9.4627,8.7827,10.6224,9.5957,1.6703,30
babya,phi,uncoupled,rugged,124,9.4627,9.1367,10.6224,9.6399,1.6792,30
babya,phi,uncoupled,rugged,125,9.467,9.1367,10.7918,9.6682,1.6806,30
babya,phi,uncoupled,rugged,126,9.467,9.1367,10.7918,9.6882,1.6978,30
babya,phi,uncoupled,rugged,127,9.4694,9.1367,11.0494,9.7351,1.7248,30
babya,phi,uncoupled,rugged,128,9.5392,9.1839,11.1364,9.7733,1.7296,30
babya,phi,uncoupled,rugged,129,9.5392,9.1941,11.1364,9.8131,1.7398,30
babya,phi,uncoupled,rugged,130,9.5392,9.2541,11.2227,9.8615,1.715,30
babya,phi,uncoupled,rugged,131,9.5392,9.2541,11.2227,9.8863,1.7311,30
babya,phi,uncoupled,rugged,132,9.5691,9.3011,11.2227,9.9001,1.7316,30
babya,phi,uncoupled,rugged,133,9.571,9.3011,11.3414,9.9424,1.7414,30
babya,phi,uncoupled,rugged,134,9.5739,9.3011,11.3414,9.9465,1.7357,30
babya,phi,uncoupled,rugged,135,9.5841,9.3011,11.3414,9.9907,1.6802,30
babya,phi,uncoupled,rugged,136,9.5841,9.3011,11.3414,9.9979,1.6781,30
babya,phi,uncoupled,rugged,137,9.6778,9.3011,11.3414,10.0081,1.6762,30
babya,phi,uncoupled,rugged,138,9.6778,9.3011,11.3414,10.0232,1.6775,30
babya,phi,uncoupled,rugged,139,9.7041,9.3287,11.3414,10.051,1.7033,30
babya,phi,uncoupled,rugged,140,9.7041,9.3289,11.3414,10.0753,1.7223,30
babya,phi,uncoupled,rugged,141,9.7451,9.3289,11.3414,10.1134,1.7735,30
babya,phi,uncoupled,rugged,142,9.8047,9.3745,11.3414,10.1472,1.7657,30
babya,phi,uncoupled,rugged,143,9.83,9.3745,11.3414,10.1614,1.7661,30
babya,phi,uncoupled,rugged,144,9.8415,9.3903,11.3701,10.2028,1.7976,30
babya,phi,uncoupled,rugged,145,9.8776,9.3903,11.3701,10.2222,1.7934,30
babya,phi,uncoupled,rugged,146,9.8776,9.4046,11.3701,10.2229,1.7931,30
babya,phi,uncoupled,rugged,147,9.8776,9.4274,11.3701,10.2375,1.7897,30
babya,phi,uncoupled,rugged,148,9.8776,9.4274,11.3701,10.2558,1.771,30
babya,phi,uncoupled,rugged,149,9.8776,9.4569,11.4946,10.2788,1.7913,30
babya,phi,uncoupled,rugged,150,9.8776,9.5091,11.4946,10.293,1.7868,30
babya,phi,uncoupled,rugged,151,9.8776,9.5166,11.4946,10.3206,1.8227,30
babya,phi,uncoupled,rugged,152,9.9389,9.5166,11.4946,10.3607,1.8137,30
babya,phi,uncoupled,rugged,153,9.9389,9.5166,11.4946,10.368,1.8084,30
babya,phi,uncoupled,rugged,154,9.9671,9.5166,11.4946,10.3782,1.815,30
babya,phi,uncoupled,rugged,155,9.9671,9.5596,11.4946,10.4063,1.8034,30
babya,phi,uncoupled,rugged,156,9.9671,9.5596,11.4946,10.4311,1.7873,30
babya,phi,uncoupled,rugged,157,9.9671,9.5934,11.5905,10.4591,1.7924,30
babya,phi,uncoupled,rugged,158,9.969,9.5989,11.6053,10.4754,1.7848,30
babya,phi,uncoupled,rugged,159,9.969,9.5989,11.6053,10.4775,1.7864,30
babya,phi,uncoupled,rugged,160,10.024,9.5989,11.6053,10.5018,1.7843,30
babya,phi,uncoupled,rugged,161,10.0342,9.5989,11.7752,10.5227,1.7898,30
babya,phi,uncoupled,rugged,162,10.0448,9.626,11.7752,10.5373,1.7788,30
babya,phi,uncoupled,rugged,163,10.0774,9.626,11.7752,10.5763,1.8042,30
babya,phi,uncoupled,rugged,164,10.123,9.6802,11.7752,10.5831,1.8014,30
babya,phi,uncoupled,rugged,165,10.123,9.6802,11.7752,10.5837,1.8012,30
babya,phi,uncoupled,rugged,166,10.123,9.7258,11.7752,10.5995,1.8019,30
babya,phi,uncoupled,rugged,167,10.123,9.7258,11.7815,10.6084,1.7987,30
babya,phi,uncoupled,rugged,168,10.2735,9.7997,11.7815,10.6533,1.811,30
babya,phi,uncoupled,rugged,169,10.2735,9.813,11.7832,10.6774,1.8422,30
babya,phi,uncoupled,rugged,170,10.2735,9.8434,11.801,10.7064,1.8202,30
babya,phi,uncoupled,rugged,171,10.2735,9.8434,11.8305,10.7171,1.8316,30
babya,phi,uncoupled,rugged,172,10.2735,9.8434,11.8305,10.7272,1.8387,30
babya,phi,uncoupled,rugged,173,10.2735,9.8434,11.8305,10.7295,1.8411,30
babya,phi,uncoupled,rugged,174,10.2735,9.8936,11.8305,10.7379,1.8394,30
babya,phi,uncoupled,rugged,175,10.2735,9.8936,11.8305,10.755,1.8283,30
babya,phi,uncoupled,rugged,176,10.2735,9.8936,11.8751,10.7574,1.8296,30
babya,phi,uncoupled,rugged,177,10.2785,9.8936,11.9586,10.7663,1.8304,30
babya,phi,uncoupled,rugged,178,10.2785,9.8936,11.9586,10.7665,1.8303,30
babya,phi,uncoupled,rugged,179,10.3291,9.8936,11.9946,10.7759,1.829,30
babya,phi,uncoupled,rugged,180,10.3291,9.8936,11.9946,10.7771,1.8284,30
babya,phi,uncoupled,rugged,181,10.3291,9.8936,11.9946,10.7821,1.8235,30
babya,phi,uncoupled,rugged,182,10.4163,9.8936,11.9946,10.7951,1.8257,30
babya,phi,uncoupled,rugged,183,10.4163,9.8936,11.9946,10.7966,1.825,30
babya,phi,uncoupled,rugged,184,10.4192,9.8936,11.9946,10.8227,1.822,30
babya,phi,uncoupled,rugged,185,10.4192,9.9021,11.9946,10.847,1.8338,30
babya,phi,uncoupled,rugged,186,10.4472,9.9021,11.9946,10.862,1.8463,30
babya,phi,uncoupled,rugged,187,10.4472,9.9073,11.9946,10.8703,1.8543,30
babya,phi,uncoupled,rugged,188,10.4472,9.9164,11.9946,10.8873,1.8805,30
babya,phi,uncoupled,rugged,189,10.4472,9.9995,11.9946,10.8958,1.8791,30
babya,phi,uncoupled,rugged,190,10.4472,10.0217,11.9946,10.9003,1.8772,30
babya,phi,uncoupled,rugged,191,10.4472,10.0217,12.0329,10.929,1.8778,30
babya,phi,uncoupled,rugged,192,10.4472,10.0674,12.0329,10.9352,1.8801,30
babya,phi,uncoupled,rugged,193,10.4472,10.0684,12.0329,10.9385,1.8786,30
babya,phi,uncoupled,rugged,194,10.4472,10.0684,12.0329,10.9391,1.8784,30
babya,phi,uncoupled,rugged,195,10.4737,10.0684,12.0329,10.9512,1.8908,30
babya,phi,uncoupled,rugged,196,10.4756,10.0684,12.0455,10.9641,1.9003,30
babya,phi,uncoupled,rugged,197,10.4756,10.0684,12.0518,10.9737,1.9075,30
babya,phi,uncoupled,rugged,198,10.4897,10.0684,12.0518,10.9831,1.9137,30
babya,phi,uncoupled,rugged,199,10.4966,10.0684,12.0723,10.9965,1.91,30
babya,phi,uncoupled,rugged,200,10.4966,10.0684,12.0723,11.0167,1.8973,30
babya,phi,uncoupled,rugged,201,10.4966,10.0684,12.0907,11.0301,1.9006,30
babya,phi,uncoupled,rugged,202,10.4974,10.0684,12.1044,11.0437,1.8956,30
babya,phi,uncoupled,rugged,203,10.4974,10.0684,12.1044,11.0447,1.8952,30
babya,phi,uncoupled,rugged,204,10.4974,10.0684,12.1243,11.067,1.9212,30
babya,phi,uncoupled,rugged,205,10.4974,10.0855,12.1819,11.0893,1.9368,30
babya,phi,uncoupled,rugged,206,10.4974,10.0855,12.2116,11.0918,1.9377,30
babya,phi,uncoupled,rugged,207,10.4974,10.0855,12.2116,11.0929,1.9376,30
babya,phi,uncoupled,rugged,208,10.4974,10.1392,12.2116,11.1022,1.9483,30
babya,phi,uncoupled,rugged,209,10.4974,10.143,12.254,11.1104,1.9493,30
babya,phi,uncoupled,rugged,210,10.4974,10.1491,12.254,11.1196,1.9475,30
babya,phi,uncoupled,rugged,211,10.4974,10.1491,12.2876,11.126,1.9489,30
babya,phi,uncoupled,rugged,212,10.5367,10.1491,12.2876,11.1406,1.9471,30
babya,phi,uncoupled,rugged,213,10.5367,10.1491,12.3154,11.1474,1.9488,30
babya,phi,uncoupled,rugged,214,10.5367,10.1491,12.3154,11.1492,1.9487,30
babya,phi,uncoupled,rugged,215,10.5765,10.1491,12.3154,11.1638,1.9531,30
babya,phi,uncoupled,rugged,216,10.5765,10.1491,12.3154,11.1782,1.9738,30
babya,phi,uncoupled,rugged,217,10.5854,10.1491,12.3154,11.1799,1.9734,30
babya,phi,uncoupled,rugged,218,10.5854,10.1491,12.3154,11.1809,1.9724,30
babya,phi,uncoupled,rugged,219,10.5854,10.1491,12.6118,11.1997,1.9777,30
babya,phi,uncoupled,rugged,220,10.606,10.1491,12.6118,11.2154,1.9692,30
babya,phi,uncoupled,rugged,221,10.6279,10.1802,12.6118,11.2281,1.9748,30
babya,phi,uncoupled,rugged,222,10.6279,10.1802,12.6118,11.2377,1.9701,30
babya,phi,uncoupled,rugged,223,10.6279,10.1802,12.6118,11.241,1.9702,30
babya,phi,uncoupled,rugged,224,10.6279,10.1802,12.6225,11.2439,1.9702,30
babya,phi,uncoupled,rugged,225,10.6279,10.2287,12.6225,11.2485,1.9677,30
babya,phi,uncoupled,rugged,226,10.632,10.2287,12.7678,11.2641,1.976,30
babya,phi,uncoupled,rugged,227,10.632,10.2287,12.7678,11.2641,1.976,30
babya,phi,uncoupled,rugged,228,10.632,10.2287,12.7678,11.2641,1.976,30
babya,phi,uncoupled,rugged,229,10.632,10.2287,12.7678,11.2641,1.976,30
babya,phi,uncoupled,rugged,230,10.632,10.2287,12.7678,11.2645,1.9759,30
babya,phi,uncoupled,rugged,231,10.632,10.2287,12.8604,11.2687,1.9796,30
babya,phi,uncoupled,rugged,232,10.632,10.2287,12.8604,11.2761,1.979,30
babya,phi,uncoupled,rugged,233,10.632,10.2287,12.8604,11.2761,1.979,30
babya,phi,uncoupled,rugged,234,10.636,10.2334,12.8604,11.2872,1.9804,30
babya,phi,uncoupled,rugged,235,10.636,10.2334,12.8604,11.3,1.9711,30
babya,phi,uncoupled,rugged,236,10.636,10.2334,12.8604,11.3001,1.9711,30
babya,phi,uncoupled,rugged,237,10.636,10.2334,12.8604,11.3003,1.9709,30
babya,phi,uncoupled,rugged,238,10.636,10.2334,12.8604,11.3016,1.971,30
babya,phi,uncoupled,rugged,239,10.636,10.2334,12.8885,11.3054,1.973,30
babya,phi,uncoupled,rugged,240,10.636,10.2334,12.9256,11.307,1.9746,30
babya,phi,uncoupled,rugged,241,10.6379,10.2334,13.0044,11.3135,1.9787,30
babya,phi,uncoupled,rugged,242,10.6379,10.2334,13.0044,11.3165,1.9827,30
babya,phi,uncoupled,rugged,243,10.6379,10.2334,13.0044,11.3165,1.9827,30
babya,phi,uncoupled,rugged,244,10.6379,10.2334,13.021,11.3192,1.9839,30
babya,phi,uncoupled,rugged,245,10.6379,10.2334,13.021,11.3192,1.9839,30
babya,phi,uncoupled,rugged,246,10.6379,10.2334,13.021,11.3192,1.9839,30
babya,phi,uncoupled,rugged,247,10.6379,10.2334,13.021,11.3193,1.9838,30
babya,phi,uncoupled,rugged,248,10.6379,10.2334,13.021,11.3226,1.9821,30
babya,phi,uncoupled,rugged,249,10.6379,10.2334,13.021,11.3227,1.982,30
babya,phi,uncoupled,rugged,250,10.6379,10.2334,13.021,11.3227,1.982,30
babya,phi,uncoupled,rugged,251,10.6673,10.2334,13.021,11.3247,1.9812,30
babya,phi,uncoupled,rugged,252,10.6673,10.2334,13.021,11.3247,1.9812,30
babya,phi,uncoupled,rugged,253,10.6673,10.2456,13.021,11.329,1.9786,30
babya,phi,uncoupled,rugged,254,10.6673,10.2456,13.021,11.329,1.9786,30
babya,phi,uncoupled,rugged,255,10.6673,10.2917,13.021,11.3334,1.9796,30
babya,phi,uncoupled,rugged,256,10.6673,10.2917,13.021,11.341,1.9768,30
babya,phi,uncoupled,rugged,257,10.6673,10.2917,13.0384,11.3507,1.9816,30
babya,phi,uncoupled,rugged,258,10.6673,10.2917,13.0384,11.3519,1.981,30
babya,phi,uncoupled,rugged,259,10.6673,10.2924,13.0384,11.3522,1.9808,30
babya,phi,uncoupled,rugged,260,10.6673,10.2924,13.0384,11.3525,1.9807,30
babya,phi,uncoupled,rugged,261,10.6673,10.2924,13.0384,11.3525,1.9807,30
babya,phi,uncoupled,rugged,262,10.6673,10.2924,13.0384,11.3525,1.9807,30
babya,phi,uncoupled,rugged,263,10.7232,10.2924,13.0384,11.3587,1.9781,30
babya,phi,uncoupled,rugged,264,10.7232,10.2924,13.0384,11.3587,1.9781,30
babya,phi,uncoupled,rugged,265,10.7232,10.2924,13.0384,11.3587,1.9781,30
babya,phi,uncoupled,rugged,266,10.7232,10.2931,13.0605,11.3615,1.9808,30
babya,phi,uncoupled,rugged,267,10.7232,10.2931,13.0702,11.3643,1.9808,30
babya,phi,uncoupled,rugged,268,10.7232,10.2931,13.0702,11.3643,1.9808,30
babya,phi,uncoupled,rugged,269,10.7232,10.2931,13.0702,11.3643,1.9808,30
babya,phi,uncoupled,rugged,270,10.7232,10.2931,13.0702,11.3791,1.9947,30
babya,phi,uncoupled,rugged,271,10.7232,10.2931,13.0702,11.3791,1.9947,30
babya,phi,uncoupled,rugged,272,10.7232,10.2931,13.081,11.3805,1.9956,30
babya,phi,uncoupled,rugged,273,10.7232,10.2931,13.081,11.3828,1.9991,30
babya,phi,uncoupled,rugged,274,10.7232,10.2931,13.081,11.3851,2.0031,30
babya,phi,uncoupled,rugged,275,10.7232,10.2931,13.081,11.3883,2.0066,30
babya,phi,uncoupled,rugged,276,10.739,10.2931,13.081,11.3954,2.0147,30
babya,phi,uncoupled,rugged,277,10.739,10.2938,13.081,11.4015,2.0229,30
babya,phi,uncoupled,rugged,278,10.739,10.2938,13.081,11.4021,2.0216,30
babya,phi,uncoupled,rugged,279,10.7439,10.2938,13.081,11.4057,2.0193,30
babya,phi,uncoupled,rugged,280,10.859,10.2938,13.0854,11.4146,2.0171,30
babya,phi,uncoupled,rugged,281,10.859,10.2938,13.0854,11.4146,2.0171,30
babya,phi,uncoupled,rugged,282,10.859,10.2942,13.0854,11.4193,2.0171,30
babya,phi,uncoupled,rugged,283,10.859,10.2942,13.0854,11.4517,2.0629,30
babya,phi,uncoupled,rugged,284,10.859,10.2942,13.0854,11.4517,2.0629,30
babya,phi,uncoupled,rugged,285,10.859,10.2942,13.0854,11.4525,2.0624,30
babya,phi,uncoupled,rugged,286,10.859,10.2942,13.0854,11.4525,2.0624,30
babya,phi,uncoupled,rugged,287,10.859,10.2942,13.0854,11.4525,2.0624,30
babya,phi,uncoupled,rugged,288,10.8715,10.2942,13.0854,11.4534,2.0621,30
babya,phi,uncoupled,rugged,289,10.8715,10.2942,13.0915,11.4542,2.0626,30
babya,phi,uncoupled,rugged,290,10.8715,10.2942,13.0915,11.4625,2.058,30
babya,phi,uncoupled,rugged,291,10.8715,10.2942,13.0915,11.4625,2.058,30
babya,phi,uncoupled,rugged,292,10.8715,10.2942,13.0915,11.4625,2.058,30
babya,phi,uncoupled,rugged,293,10.8715,10.2942,13.0915,11.4631,2.0572,30
babya,phi,uncoupled,rugged,294,10.8715,10.2942,13.0915,11.4631,2.0572,30
babya,phi,uncoupled,rugged,295,10.8715,10.2942,13.0915,11.4635,2.057,30
babya,phi,uncoupled,rugged,296,10.8715,10.2942,13.0915,11.4635,2.057,30
babya,phi,uncoupled,rugged,297,10.8715,10.2942,13.0915,11.4635,2.057,30
babya,phi,uncoupled,rugged,298,10.8715,10.2942,13.0915,11.4728,2.0564,30
babya,phi,uncoupled,rugged,299,10.8715,10.2942,13.2327,11.4791,2.0623,30
babya,phi,uncoupled,rugged,300,10.8715,10.2942,13.2327,11.4791,2.0623,30
ege,base,blf,flat,1,1.4188251881501017,1.131797891172557,1.6669221486485462,1.4240443418085733,0.38504809385738753,30
ege,base,blf,flat,2,1.9299901731205629,1.5098037367083306,2.165266594303536,1.879621070868668,0.4512608845077036,30
ege,base,blf,flat,3,2.069922050744397,1.8617981510171309,2.4333657907394173,2.1400626305504318,0.4729212995795941,30
ege,base,blf,flat,4,2.1578733976780855,2.0155224882710767,2.5438035088165094,2.2525970384261296,0.4634362893381941,30
ege,base,blf,flat,5,2.320464616450499,2.097862112486517,2.567197481805929,2.4294104735843436,0.5595294224527291,30
ege,base,blf,flat,6,2.4989316046776056,2.1670960921870464,2.8816161581739963,2.542933622407753,0.5633613595231505,30
ege,base,blf,flat,7,2.5543454889710655,2.2551657833986987,3.0053717512309523,2.692321518375398,0.5859873134102975,30
ege,base,blf,flat,8,2.6080782451622957,2.380339973508777,3.0053717512309523,2.7429103986867718,0.5599988680741572,30
ege,base,blf,flat,9,2.778327839461773,2.466838782339271,3.0595373062824716,2.8069767670482753,0.5461387496580448,30
ege,base,blf,flat,10,2.804367104401803,2.466838782339271,3.1651474649887663,2.861601707139633,0.5623668710726728,30
ege,base,blf,flat,11,2.804367104401803,2.532892452815412,3.233631699830017,2.9280082473601783,0.5601482491798928,30
ege,base,blf,flat,12,2.804367104401803,2.532892452815412,3.233631699830017,2.9280082473601783,0.5601482491798928,30
ege,base,blf,flat,13,2.985682677295287,2.650055227649949,3.3203319229935806,3.041371505415194,0.5309214612445794,30
ege,base,blf,flat,14,3.176490629095175,2.8607372621680174,3.388922920843836,3.1387498749943195,0.4887621837611764,30
ege,base,blf,flat,15,3.2034761863438717,2.909636971998924,3.530497922778747,3.2100700791843924,0.5444452965859,30
ege,base,blf,flat,16,3.210139129444678,2.9332671289019525,3.5513199244395097,3.25892611021856,0.5569264555604169,30
ege,base,blf,flat,17,3.2207173881077042,2.9332671289019525,3.6896537789729895,3.321080032490055,0.5980022600034103,30
ege,base,blf,flat,18,3.2207173881077042,2.971321035923607,3.6896537789729895,3.3464737450956137,0.6123636226631813,30
ege,base,blf,flat,19,3.2939844419828788,2.971321035923607,3.6896537789729895,3.35910740910923,0.6110615860217177,30
ege,base,blf,flat,20,3.3772104409427066,3.006039610637121,3.9177768018915238,3.433254615239954,0.6674185613052303,30
ege,base,blf,flat,21,3.3880041572893234,3.155382470758733,3.932683920593732,3.4769304080702192,0.6430373199927879,30
ege,base,blf,flat,22,3.3880041572893234,3.208745644031628,3.932683920593732,3.5063128269450887,0.6200236574495167,30
ege,base,blf,flat,23,3.3880041572893234,3.208745644031628,3.9462584959463274,3.513668991348029,0.6198857808798308,30
ege,base,blf,flat,24,3.4374499670449286,3.208745644031628,4.198219568021818,3.5996323512866346,0.6344211790420979,30
ege,base,blf,flat,25,3.493352179318012,3.208745644031628,4.198219568021818,3.6261443380114375,0.6745009780747441,30
ege,base,blf,flat,26,3.5005412558039817,3.208745644031628,4.198219568021818,3.6692554259380166,0.6921110547770981,30
ege,base,blf,flat,27,3.5678338205474933,3.218975355041182,4.275301994899929,3.7277073495228676,0.701416330020045,30
ege,base,blf,flat,28,3.604312843594085,3.2336638082661975,4.275301994899929,3.7409628845705174,0.6919543843773716,30
ege,base,blf,flat,29,3.695982968623942,3.2336638082661975,4.275301994899929,3.7791785293591884,0.6872717335788517,30
ege,base,blf,flat,30,3.7549009947222576,3.2844537034542434,4.275301994899929,3.832305288769143,0.6659913223870702,30
ege,base,blf,flat,31,3.7549009947222576,3.3061138925169544,4.345121642218169,3.8609571840654966,0.6741546863180311,30
ege,base,blf,flat,32,3.83677958292862,3.3816885355615023,4.345121642218169,3.9148634551321893,0.6289748794987695,30
ege,base,blf,flat,33,3.9726017865241676,3.3982879168146853,4.4043654922482,3.9470802455736638,0.6441244051819909,30
ege,base,blf,flat,34,3.9726017865241676,3.3982879168146853,4.4043654922482,3.9470802455736638,0.6441244051819909,30
ege,base,blf,flat,35,3.9726017865241676,3.3982879168146853,4.425423547668976,3.962937791058816,0.6579540040849214,30
ege,base,blf,flat,36,4.062340474256222,3.4885517040142497,4.5451922274873,4.020633622650862,0.6580085936199923,30
ege,base,blf,flat,37,4.062340474256222,3.5174547536371685,4.5451922274873,4.034472933947233,0.6634160518410985,30
ege,base,blf,flat,38,4.062340474256222,3.5174547536371685,4.5451922274873,4.034472933947233,0.6634160518410985,30
ege,base,blf,flat,39,4.062340474256222,3.5174547536371685,4.5859560052177475,4.05607609158938,0.687285883506037,30
ege,base,blf,flat,40,4.062340474256222,3.5612745396378886,4.664396976503081,4.09458217338311,0.683335738592467,30
ege,base,blf,flat,41,4.104054843258103,3.6647819463004603,4.664396976503081,4.137115500411501,0.6833899489276379,30
ege,base,blf,flat,42,4.2325731612400155,3.8050169909097584,4.664396976503081,4.222326749129446,0.6638470855610122,30
ege,base,blf,flat,43,4.282651461250387,3.808913304037181,4.8921305928020224,4.2822615476968275,0.7024714455794218,30
ege,base,blf,flat,44,4.288903429486265,3.8770432437773623,5.039475820045647,4.341930929171785,0.7211368214144547,30
ege,base,blf,flat,45,4.330738233815952,3.8770432437773623,5.1969218217846045,4.368654040631815,0.7400824776832675,30
ege,base,blf,flat,46,4.334524656913937,3.8770432437773623,5.1969218217846045,4.383353112398315,0.7550591032955638,30
ege,base,blf,flat,47,4.334524656913937,3.8770432437773623,5.207170395170346,4.41631111540795,0.8031696148624179,30
ege,base,blf,flat,48,4.380471476929643,3.8770432437773623,5.297828760932607,4.440133065376832,0.8215145217941784,30
ege,base,blf,flat,49,4.380471476929643,3.893763200456713,5.331689089059962,4.493784207205086,0.7880952129360907,30
ege,base,blf,flat,50,4.380471476929643,3.893763200456713,5.331689089059962,4.508271381641991,0.8215728229895737,30
ege,base,blf,flat,51,4.380562642893084,3.893763200456713,5.331689089059962,4.512305976155363,0.824625972690681,30
ege,base,blf,flat,52,4.380562642893084,3.893763200456713,5.376094630402937,4.533740331364746,0.8417107274216501,30
ege,base,blf,flat,53,4.449919096069317,3.9357177351438826,5.376094630402937,4.579592981589468,0.8313480033748957,30
ege,base,blf,flat,54,4.449919096069317,3.9357177351438826,5.376094630402937,4.585215525037965,0.8385919646585456,30
ege,base,blf,flat,55,4.491913249226421,3.9357177351438826,5.393064960198734,4.609778059254798,0.8547097974857174,30
ege,base,blf,flat,56,4.491913249226421,4.067520653253636,5.393064960198734,4.629236145305895,0.8537582234695783,30
ege,base,blf,flat,57,4.491913249226421,4.067520653253636,5.497518569595145,4.641133084437247,0.8618442838374824,30
ege,base,blf,flat,58,4.491913249226421,4.067520653253636,5.497518569595145,4.643857043790234,0.8593392516465795,30
ege,base,blf,flat,59,4.603926279362931,4.075930881215597,5.497518569595145,4.70273405479792,0.8651519983859082,30
ege,base,blf,flat,60,4.603926279362931,4.127993935210067,5.5099189318906685,4.735706234937679,0.8653410780509708,30
ege,base,blf,flat,61,4.6303993945356545,4.127993935210067,5.584058576559846,4.779609858451445,0.9002124984711924,30
ege,base,blf,flat,62,4.6537775677840845,4.318137990589427,5.584058576559846,4.87965954799,0.9126091491922034,30
ege,base,blf,flat,63,4.732372754632889,4.318137990589427,5.6805455168942895,4.892104911794235,0.9170518962203082,30
ege,base,blf,flat,64,4.826337246639402,4.318137990589427,5.6805455168942895,4.906825550163533,0.9121902883303914,30
ege,base,blf,flat,65,4.9593085823537795,4.417672290283241,5.6805455168942895,4.97352604495852,0.8912453793922637,30
ege,base,blf,flat,66,5.035867443237063,4.417672290283241,5.696321389443396,5.01965371639244,0.8936964735488264,30
ege,base,blf,flat,67,5.0805748950199625,4.417672290283241,5.716776691115287,5.0450955059950395,0.902193700740349,30
ege,base,blf,flat,68,5.1138358746700305,4.417672290283241,5.718567506715143,5.047551680051692,0.902377846834418,30
ege,base,blf,flat,69,5.1138358746700305,4.417672290283241,5.859042958875902,5.056148283503311,0.9104643114275579,30
ege,base,blf,flat,70,5.1138358746700305,4.451097376423261,5.92257413803154,5.100018329970718,0.9048378213395949,30
ege,base,blf,flat,71,5.128940259350696,4.451097376423261,5.92257413803154,5.109041680679056,0.9079834105422127,30
ege,base,blf,flat,72,5.128940259350696,4.451097376423261,5.961168924439017,5.117355461992492,0.9167379341619316,30
ege,base,blf,flat,73,5.1326496896644205,4.451097376423261,6.006033370530828,5.161337902168408,0.9097731017072301,30
ege,base,blf,flat,74,5.271230479888536,4.451097376423261,6.086017605932855,5.233937281278062,0.9168857910984458,30
ege,base,blf,flat,75,5.358268569155233,4.451097376423261,6.086017605932855,5.2494542367532855,0.9193767349919929,30
ege,base,blf,flat,76,5.391709755435981,4.451097376423261,6.0970939515738225,5.258284553368229,0.9262594452723011,30
ege,base,blf,flat,77,5.391709755435981,4.77531123099946,6.0970939515738225,5.310632712027132,0.8962959956815612,30
ege,base,blf,flat,78,5.392914297691773,4.77531123099946,6.15462522243558,5.351939008595229,0.8895176843190473,30
ege,base,blf,flat,79,5.40182515154981,4.868706672466509,6.195229704854022,5.363931184725576,0.8894077703716533,30
ege,base,blf,flat,80,5.40182515154981,4.900038628098819,6.195229704854022,5.405733708221498,0.9038057678993536,30
ege,base,blf,flat,81,5.40182515154981,4.9245894061733795,6.195229704854022,5.428121792736346,0.9053205147748508,30
ege,base,blf,flat,82,5.536126679006669,4.933265802311372,6.195229704854022,5.447202202507075,0.9040101468122635,30
ege,base,blf,flat,83,5.536126679006669,4.9758664846987175,6.195229704854022,5.4666427643029545,0.9057670770756799,30
ege,base,blf,flat,84,5.6116841653863805,4.9758664846987175,6.218208743236383,5.486422758704617,0.9071158147051556,30
ege,base,blf,flat,85,5.775761107670656,5.0774634072710825,6.339903512524559,5.566388625411308,0.9337564321189626,30
ege,base,blf,flat,86,5.775761107670656,5.0774634072710825,6.3802433234656855,5.58883964626106,0.9419824239580694,30
ege,base,blf,flat,87,5.798129469040969,5.078198704244511,6.3802433234656855,5.61237453887789,0.9497554233236901,30
ege,base,blf,flat,88,5.903901928018332,5.1100673559864855,6.3802433234656855,5.6278231477975975,0.9537569550121966,30
ege,base,blf,flat,89,5.903901928018332,5.130125290925607,6.3802433234656855,5.652660154826408,0.9448533889793578,30
ege,base,blf,flat,90,5.980212910634467,5.240548040992234,6.385113185751462,5.692816107060876,0.9336678917669693,30
ege,base,blf,flat,91,5.980212910634467,5.24197202626554,6.395369009573145,5.71079368898415,0.9381721374068344,30
ege,base,blf,flat,92,6.067205290805263,5.247742302357537,6.423344268662719,5.734494767419464,0.9529188989974161,30
ege,base,blf,flat,93,6.079316125410612,5.268920448179237,6.473461750723162,5.756470327164469,0.958926126291056,30
ege,base,blf,flat,94,6.079316125410612,5.41436431579299,6.473461750723162,5.782870089824669,0.95223480022979,30
ege,base,blf,flat,95,6.079316125410612,5.41436431579299,6.525314676086635,5.806561460276968,0.9750607066136388,30
ege,base,blf,flat,96,6.088309428121203,5.41436431579299,6.547172225016853,5.829402181309207,0.974850107089168,30
ege,base,blf,flat,97,6.088309428121203,5.460901821611059,6.614136874268729,5.865085452252239,0.9727869837239298,30
ege,base,blf,flat,98,6.088309428121203,5.460901821611059,6.614136874268729,5.882421824336254,0.9807488949549853,30
ege,base,blf,flat,99,6.088309428121203,5.659649100225689,6.625847438941172,5.919484251872531,0.9645336439992969,30
ege,base,blf,flat,100,6.095788873037752,5.675215332472365,6.62678266909939,5.950188725388512,0.957230139075616,30
ege,base,blf,flat,101,6.178519411209571,5.675215332472365,6.689413377670658,5.971082029230952,0.9695898439598454,30
ege,base,blf,flat,102,6.30952923405833,5.740676238887881,6.717899192235384,6.007229921273929,0.9793911071134533,30
ege,base,blf,flat,103,6.361097379778957,5.740676238887881,6.723652609267784,6.027427644806766,0.9853183859901308,30
ege,base,blf,flat,104,6.399886442247475,5.740676238887881,6.723652609267784,6.03847184198954,0.9878979790436927,30
ege,base,blf,flat,105,6.451664325504935,5.740676238887881,6.731371010026805,6.070554167739818,0.965892954091281,30
ege,base,blf,flat,106,6.471377553417277,5.740676238887881,6.746731538167353,6.077130441407679,0.9671410261615145,30
ege,base,blf,flat,107,6.471377553417277,5.868099423672642,6.766428496521929,6.1105451718295365,0.9829014204358414,30
ege,base,blf,flat,108,6.471377553417277,5.941774104480562,6.789817781190244,6.184522846349519,0.9512635449849136,30
ege,base,blf,flat,109,6.476981957452417,6.008636961757337,6.789817781190244,6.19416855764557,0.9557944353716311,30
ege,base,blf,flat,110,6.476981957452417,6.008636961757337,6.789817781190244,6.201514842602082,0.9572781647660394,30
ege,base,blf,flat,111,6.476981957452417,6.008636961757337,6.789817781190244,6.211445046895062,0.962585967740836,30
ege,base,blf,flat,112,6.481265876089087,6.008636961757337,6.869376496524777,6.223528823929511,0.9663790262126649,30
ege,base,blf,flat,113,6.515214991146916,6.008636961757337,6.906058538059527,6.26122861041523,0.9712250074236563,30
ege,base,blf,flat,114,6.565624209753325,6.008636961757337,6.906058538059527,6.2833805868950465,0.9620233569699496,30
ege,base,blf,flat,115,6.5721591868329625,6.008636961757337,6.906058538059527,6.290837022798517,0.9638793133177623,30
ege,base,blf,flat,116,6.5721591868329625,6.0671940772387725,6.911622945170121,6.3041850891067,0.9598009609113044,30
ege,base,blf,flat,117,6.581991455414737,6.0671940772387725,6.911622945170121,6.340342422624848,0.8947778742361716,30
ege,base,blf,flat,118,6.61497632015168,6.096293173001667,6.911622945170121,6.358851180965302,0.8831156064331478,30
ege,base,blf,flat,119,6.61497632015168,6.139741673496216,6.9421744463012125,6.406360811057609,0.8217035053390938,30
ege,base,blf,flat,120,6.61497632015168,6.148621668099842,6.967700167083336,6.429564105263746,0.8365548852610633,30
ege,base,blf,flat,121,6.6712738753829,6.172181390621211,6.967700167083336,6.464336570354727,0.8557144337065298,30
ege,base,blf,flat,122,6.6712738753829,6.174544625368658,6.981824103631485,6.469406087511174,0.8576768564184228,30
ege,base,blf,flat,123,6.6728435040947485,6.174544625368658,7.050403543690331,6.480213979470192,0.856966997838978,30
ege,base,blf,flat,124,6.738460768303216,6.174544625368658,7.050403543690331,6.497848286940053,0.8637404997532271,30
ege,base,blf,flat,125,6.738460768303216,6.17558400623461,7.1032544322327915,6.512604795960725,0.8613725171213674,30
ege,base,blf,flat,126,6.738460768303216,6.282156812978282,7.1032544322327915,6.538183398879395,0.8608542004355573,30
ege,base,blf,flat,127,6.738460768303216,6.282156812978282,7.158727261405088,6.5538962080627305,0.8678982100903553,30
ege,base,blf,flat,128,6.747717082708407,6.282156812978282,7.158727261405088,6.565939000541243,0.8760541755834182,30
ege,base,blf,flat,129,6.747717082708407,6.286694610587215,7.158727261405088,6.573163028382562,0.8784250572080674,30
ege,base,blf,flat,130,6.76699702439528,6.286694610587215,7.226045928604771,6.587358927457981,0.8862038674926576,30
ege,base,blf,flat,131,6.77287220574417,6.352749878336081,7.226045928604771,6.6080158339522495,0.8790949553727151,30
ege,base,blf,flat,132,6.776967573892364,6.352749878336081,7.229871362507187,6.617100879887109,0.8815539761369213,30
ege,base,blf,flat,133,6.7863290854431515,6.36770792041613,7.229871362507187,6.635859432418287,0.8616107927950883,30
ege,base,blf,flat,134,6.786868188102455,6.376566260388879,7.229871362507187,6.6496077424786675,0.868721849116145,30
ege,base,blf,flat,135,6.786868188102455,6.376566260388879,7.271018939807076,6.66203938900813,0.8748191274257737,30
ege,base,blf,flat,136,6.80581020709406,6.424655034829408,7.271812366932789,6.682972295974119,0.841505345434253,30
ege,base,blf,flat,137,6.866052446564199,6.451519209024033,7.271812366932789,6.697798010278896,0.8356522890668442,30
ege,base,blf,flat,138,6.866052446564199,6.451519209024033,7.28312122198437,6.717824946607337,0.8431762554327455,30
ege,base,blf,flat,139,6.866052446564199,6.451519209024033,7.2858439343751105,6.731566384834204,0.8501806068739096,30
ege,base,blf,flat,140,6.8920224758080515,6.451519209024033,7.290740917510918,6.750769851224349,0.8279110723915614,30
ege,base,blf,flat,141,6.903041732633617,6.500801521570823,7.290740917510918,6.7605721127122544,0.8300250553499763,30
ege,base,blf,flat,142,6.903041732633617,6.547942782839224,7.292560302816645,6.783155814317871,0.8286005667511729,30
ege,base,blf,flat,143,6.903041732633617,6.63801901355003,7.292560302816645,6.791157773557647,0.8252654655077937,30
ege,base,blf,flat,144,6.903041732633617,6.63801901355003,7.292560302816645,6.799776880377041,0.8269755634719527,30
ege,base,blf,flat,145,6.903041732633617,6.63801901355003,7.292560302816645,6.808205398442649,0.8230399383875941,30
ege,base,blf,flat,146,6.905017761705832,6.63801901355003,7.292734094949005,6.811227647155297,0.8258155735551183,30
ege,base,blf,flat,147,6.997177868582591,6.639276913384595,7.342609386690789,6.823990342748784,0.8312843346966814,30
ege,base,blf,flat,148,7.061465033297756,6.640342442307315,7.3553342826385215,6.837159595484247,0.8341492400998687,30
ege,base,blf,flat,149,7.061465033297756,6.640342442307315,7.355358562202137,6.852398511365189,0.8450656729041022,30
ege,base,blf,flat,150,7.089140457644717,6.640342442307315,7.370598455535632,6.873997011798719,0.8251391239877537,30
ege,base,blf,flat,151,7.089140457644717,6.640342442307315,7.446479111561207,6.885093194109263,0.8310554698934604,30
ege,base,blf,flat,152,7.096971075557159,6.640342442307315,7.493500396485223,6.899145167775809,0.8350068222223257,30
ege,base,blf,flat,153,7.096971075557159,6.640342442307315,7.493500396485223,6.905738355720603,0.8364754292944105,30
ege,base,blf,flat,154,7.096971075557159,6.640342442307315,7.493500396485223,6.9194711328621885,0.837397093711054,30
ege,base,blf,flat,155,7.096971075557159,6.640555573779142,7.493500396485223,6.937254598565295,0.8296058142578374,30
ege,base,blf,flat,156,7.096971075557159,6.640555573779142,7.493500396485223,6.948484598563423,0.8066451755712097,30
ege,base,blf,flat,157,7.096971075557159,6.641173961846929,7.5629767212845405,6.954752528009744,0.8084984259996594,30
ege,base,blf,flat,158,7.096971075557159,6.641561013563619,7.588368022268102,6.982750514786658,0.8099591715478959,30
ege,base,blf,flat,159,7.096971075557159,6.641561013563619,7.588368022268102,7.0066847310389955,0.7714022055483383,30
ege,base,blf,flat,160,7.096971075557159,6.641864326160269,7.588368022268102,7.025494251485856,0.7480877513049609,30
ege,base,blf,flat,161,7.096971075557159,6.642601686837381,7.596522310995065,7.032134517777791,0.7502591174225688,30
ege,base,blf,flat,162,7.096971075557159,6.642601686837381,7.596522310995065,7.032581150892154,0.7501507610689209,30
ege,base,blf,flat,163,7.0989072924831405,6.666578129673586,7.596522310995065,7.036406634020292,0.7489086317488579,30
ege,base,blf,flat,164,7.0989072924831405,6.677044748253324,7.609206330936213,7.038137606336592,0.7492365922528371,30
ege,base,blf,flat,165,7.0989072924831405,6.677044748253324,7.628855240716161,7.052448558436564,0.7616937978197391,30
ege,base,blf,flat,166,7.108595059610273,6.677044748253324,7.628855240716161,7.056056889129518,0.7631459061830653,30
ege,base,blf,flat,167,7.108595059610273,6.677044748253324,7.657185148466899,7.0635687665432645,0.7722148838886125,30
ege,base,blf,flat,168,7.114943460625254,6.677044748253324,7.667517927389747,7.07286279276692,0.7613154381214648,30
ege,base,blf,flat,169,7.114943460625254,6.677044748253324,7.667517927389747,7.076045585850322,0.7638172849219576,30
ege,base,blf,flat,170,7.114943460625254,6.68272932566705,7.673959418884598,7.086071461841071,0.7650684099235658,30
ege,base,blf,flat,171,7.157860987184967,6.68272932566705,7.681011678958132,7.095883393679815,0.7673984220128808,30
ege,base,blf,flat,172,7.157860987184967,6.68272932566705,7.681329152381309,7.1033889991014,0.7570560881682077,30
ege,base,blf,flat,173,7.16364104816566,6.68272932566705,7.68448346041838,7.107744494691073,0.7566203860464178,30
ege,base,blf,flat,174,7.21220253871811,6.68272932566705,7.688704860613633,7.119861292560306,0.759378571330316,30
ege,base,blf,flat,175,7.21220253871811,6.7063835782631935,7.688704860613633,7.129272153708141,0.7451529930003165,30
ege,base,blf,flat,176,7.21220253871811,6.7063835782631935,7.688704860613633,7.135630956411813,0.7479504682477897,30
ege,base,blf,flat,177,7.21220253871811,6.7063835782631935,7.688704860613633,7.137154382813647,0.747486793901693,30
ege,base,blf,flat,178,7.213037145667613,6.740825050865799,7.705341889947159,7.15295867135789,0.7467991337827319,30
ege,base,blf,flat,179,7.213037145667613,6.76855708470622,7.7562797544157895,7.179264354898307,0.7307736031855879,30
ege,base,blf,flat,180,7.214937065712586,6.76855708470622,7.7562797544157895,7.193506924380188,0.7085736846810368,30
ege,base,blf,flat,181,7.22581227756207,6.795851595712685,7.759893300553634,7.203425334884748,0.7090295069914005,30
ege,base,blf,flat,182,7.263561280478425,6.797989822587746,7.759893300553634,7.210787559297226,0.7056870340416085,30
ege,base,blf,flat,183,7.270900761311416,6.820836934502722,7.759893300553634,7.217227179786586,0.7090436218070709,30
ege,base,blf,flat,184,7.275796923599801,6.822884280879791,7.767211721411472,7.228915648979024,0.7074674901592548,30
ege,base,blf,flat,185,7.284536060547971,6.823438759538503,7.77511932340436,7.235082794454132,0.7071662807982574,30
ege,base,blf,flat,186,7.284536060547971,6.839281287637366,7.78122552247126,7.238227168158341,0.7051353529884177,30
ege,base,blf,flat,187,7.286438985621793,6.916519654995168,7.79176665381506,7.250857013435519,0.6950961426883229,30
ege,base,blf,flat,188,7.286438985621793,6.916519654995168,7.79176665381506,7.258709782435701,0.6923091025411284,30
ege,base,blf,flat,189,7.286438985621793,6.92764364471908,7.79176665381506,7.2688340140728345,0.6844366264542995,30
ege,base,blf,flat,190,7.286438985621793,6.9293814288916,7.79176665381506,7.275363144789298,0.6813456575571754,30
ege,base,blf,flat,191,7.286438985621793,6.9293814288916,7.798222679803045,7.282968270089371,0.6902415916660899,30
ege,base,blf,flat,192,7.298999150205066,6.9293814288916,7.801512259832937,7.288046836174008,0.6902165215740764,30
ege,base,blf,flat,193,7.299438334742358,6.9293814288916,7.801512259832937,7.288792687432262,0.6893291753325627,30
ege,base,blf,flat,194,7.299438334742358,6.930386748829899,7.81112499153697,7.29276289373307,0.6860549638805115,30
ege,base,blf,flat,195,7.301165247623278,6.9371669547865045,7.81112499153697,7.29656983019576,0.6823476241244649,30
ege,base,blf,flat,196,7.301165247623278,6.941906524486939,7.81112499153697,7.304974102994952,0.6785547280406121,30
ege,base,blf,flat,197,7.315098690862493,6.946805445420647,7.83670544718663,7.313987536635405,0.6822690935079527,30
ege,base,blf,flat,198,7.323653282846623,6.946805445420647,7.838913101616013,7.316303365864552,0.6818558835821585,30
ege,base,blf,flat,199,7.323653282846623,6.950716854433145,7.838913101616013,7.333284758258069,0.6699927004221575,30
ege,base,blf,flat,200,7.323653282846623,6.9540760888595665,7.838913101616013,7.33624344160914,0.6641572336601811,30
ege,base,blf,flat,201,7.323653282846623,6.9540760888595665,7.838913101616013,7.338656058402853,0.6624537806771824,30
ege,base,blf,flat,202,7.323653282846623,6.955346129896518,7.845290691453892,7.344370081516003,0.663242167587957,30
ege,base,blf,flat,203,7.323653282846623,6.976333743609897,7.845290691453892,7.353744592397215,0.6642436238668693,30
ege,base,blf,flat,204,7.323653282846623,7.001242011495846,7.848298517043977,7.36235885940087,0.6590308832438724,30
ege,base,blf,flat,205,7.357850708384855,7.004924231082833,7.8568331215758,7.36741210884588,0.6620171860922884,30
ege,base,blf,flat,206,7.357850708384855,7.004924231082833,7.8780284830502705,7.370616649045435,0.6575321980611046,30
ege,base,blf,flat,207,7.382452775372489,7.007169624061186,7.8780284830502705,7.377216178158046,0.6532683827540744,30
ege,base,blf,flat,208,7.382452775372489,7.007169624061186,7.882323845210842,7.378706316234645,0.652427341988536,30
ege,base,blf,flat,209,7.382452775372489,7.007169624061186,7.898121681504494,7.3872204916855075,0.6541642920457184,30
ege,base,blf,flat,210,7.382452775372489,7.007169624061186,7.898121681504494,7.394040015094931,0.6595026142296118,30
ege,base,blf,flat,211,7.382452775372489,7.013354110964963,7.9108878997127325,7.397185698615079,0.6578809023490927,30
ege,base,blf,flat,212,7.388941807059661,7.013354110964963,7.9108878997127325,7.402521492312601,0.6645707155797865,30
ege,base,blf,flat,213,7.388941807059661,7.0260762036100495,7.915148150370626,7.409103825966633,0.6627602748973669,30
ege,base,blf,flat,214,7.388941807059661,7.029758584571294,7.915148150370626,7.413260875580505,0.6611266468939824,30
ege,base,blf,flat,215,7.388941807059661,7.029758584571294,7.9273446704197195,7.421308771237352,0.6594903626586811,30
ege,base,blf,flat,216,7.388941807059661,7.0323094256249865,7.9273446704197195,7.422956086768481,0.6588215482501805,30
ege,base,blf,flat,217,7.388941807059661,7.088803784421453,7.9273446704197195,7.435543362034867,0.6615348019863458,30
ege,base,blf,flat,218,7.392003520506583,7.095130685858881,7.9273446704197195,7.437521545256226,0.6609288451942463,30
ege,base,blf,flat,219,7.3962751623039775,7.095130685858881,7.943536872773336,7.4405255919500295,0.6625507395506558,30
ege,base,blf,flat,220,7.421125385363506,7.095130685858881,7.943536872773336,7.448415008645908,0.660423330132261,30
ege,base,blf,flat,221,7.421125385363506,7.095130685858881,7.947746351372768,7.452863125516306,0.6595458712164007,30
ege,base,blf,flat,222,7.446708176238928,7.099471582359522,7.956600712935527,7.46225317559377,0.6619455594029606,30
ege,base,blf,flat,223,7.446708176238928,7.099471582359522,7.973680587499318,7.4667772227625955,0.6617346766718692,30
ege,base,blf,flat,224,7.453477485322723,7.099471582359522,7.999767377847716,7.473797029022976,0.6564648218149726,30
ege,base,blf,flat,225,7.462817601277667,7.100634273458438,7.999767377847716,7.476961731000386,0.6574775035667036,30
ege,base,blf,flat,226,7.462817601277667,7.100634273458438,8.036340551170717,7.481753727795684,0.6646868742732496,30
ege,base,blf,flat,227,7.498626443513681,7.100634273458438,8.036340551170717,7.488203963606055,0.6618320883806559,30
ege,base,blf,flat,228,7.499304712474885,7.100634273458438,8.039639329273438,7.500885703859422,0.6499517637509523,30
ege,base,blf,flat,229,7.499304712474885,7.100634273458438,8.068096822067988,7.502902614432073,0.6514158378673435,30
ege,base,blf,flat,230,7.517480987447919,7.10768178231303,8.096596540789603,7.508718388012076,0.6521625739606146,30
ege,base,blf,flat,231,7.517480987447919,7.10768178231303,8.096596540789603,7.509811727107068,0.651423202964914,30
ege,base,blf,flat,232,7.520752097145031,7.10768178231303,8.105097176875418,7.512562397240027,0.6534528056145236,30
ege,base,blf,flat,233,7.540914545649386,7.10768178231303,8.105097176875418,7.5158736429345625,0.6504816819949635,30
ege,base,blf,flat,234,7.543391823123718,7.10768178231303,8.105097176875418,7.519252401422891,0.6493484097582941,30
ege,base,blf,flat,235,7.543391823123718,7.10768178231303,8.123823522826576,7.525256532901716,0.6574728234880292,30
ege,base,blf,flat,236,7.543391823123718,7.10768178231303,8.127155855939806,7.526144993572346,0.6576268751377797,30
ege,base,blf,flat,237,7.5534945216772025,7.10768178231303,8.138154071779542,7.529757568977223,0.6586033330083726,30
ege,base,blf,flat,238,7.570126667161722,7.10768178231303,8.139754617341897,7.53362971475248,0.6589923773754331,30
ege,base,blf,flat,239,7.605173503150585,7.10768178231303,8.140669723688646,7.536835364943143,0.6594218612794733,30
ege,base,blf,flat,240,7.605173503150585,7.1133029823998974,8.141490608126448,7.538893892225809,0.6590124152926515,30
ege,base,blf,flat,241,7.605173503150585,7.1133029823998974,8.147044523755055,7.542176361073548,0.6594846638751838,30
ege,base,blf,flat,242,7.6094204733024515,7.115413567719912,8.147044523755055,7.5440223243646924,0.6591701870901753,30
ege,base,blf,flat,243,7.610832285621903,7.115413567719912,8.147044523755055,7.547442713607158,0.66025279943141,30
ege,base,blf,flat,244,7.610832285621903,7.115413567719912,8.147044523755055,7.547809693747553,0.6601771929791297,30
ege,base,blf,flat,245,7.629299500201798,7.115413567719912,8.149154829669474,7.55436956240004,0.6619932015661619,30
ege,base,blf,flat,246,7.629299500201798,7.115413567719912,8.149154829669474,7.5555792401697035,0.6618073997100326,30
ege,base,blf,flat,247,7.638786559138072,7.115413567719912,8.149154829669474,7.561408852313809,0.6624505882851911,30
ege,base,blf,flat,248,7.646572158167389,7.115413567719912,8.149154829669474,7.563194082418674,0.6622841031455556,30
ege,base,blf,flat,249,7.646572158167389,7.115413567719912,8.149154829669474,7.564421399349018,0.6617750234668806,30
ege,base,blf,flat,250,7.647734001056385,7.115413567719912,8.149154829669474,7.564933915820138,0.6615546397546715,30
ege,base,blf,flat,251,7.64991682575897,7.129300218286126,8.175430987468078,7.572301179965199,0.6678688537533495,30
ege,base,blf,flat,252,7.652361841325043,7.129300218286126,8.175430987468078,7.5772361531828,0.672097244440537,30
ege,base,blf,flat,253,7.672231631038446,7.129300218286126,8.175430987468078,7.581834795270838,0.6724170805658618,30
ege,base,blf,flat,254,7.674703291120584,7.129300218286126,8.179646683806613,7.588388554636151,0.6694954548096862,30
ege,base,blf,flat,255,7.674703291120584,7.1310143625210145,8.179646683806613,7.591270800905959,0.6672876882601202,30
ege,base,blf,flat,256,7.674703291120584,7.1310143625210145,8.179646683806613,7.591774352363332,0.6668767615583435,30
ege,base,blf,flat,257,7.674703291120584,7.1310143625210145,8.180919039955064,7.599308898787249,0.6712072153318034,30
ege,base,blf,flat,258,7.674703291120584,7.1310143625210145,8.180919039955064,7.600455815060934,0.6719723258062783,30
ege,base,blf,flat,259,7.682529792030543,7.1310143625210145,8.183913697076212,7.603974239308938,0.6729217077916885,30
ege,base,blf,flat,260,7.683314890386363,7.1310143625210145,8.192376962939136,7.607008786173903,0.6734910826680434,30
ege,base,blf,flat,261,7.683314890386363,7.1310143625210145,8.192376962939136,7.6097438479552215,0.6753768372089172,30
ege,base,blf,flat,262,7.685228400047373,7.1310143625210145,8.197256609973365,7.610836990355407,0.6763233972460261,30
ege,base,blf,flat,263,7.685311400959398,7.1310143625210145,8.197256609973365,7.616815948514177,0.679834007856873,30
ege,base,blf,flat,264,7.685311400959398,7.1310143625210145,8.197256609973365,7.618088500326842,0.6792545873976947,30
ege,base,blf,flat,265,7.687263560407793,7.1310143625210145,8.199906552642108,7.6209925317599945,0.6806161275005118,30
ege,base,blf,flat,266,7.691020826645138,7.1310143625210145,8.200159013594085,7.623166685052001,0.6824748212600376,30
ege,base,blf,flat,267,7.6954112104140915,7.1310143625210145,8.204989348763657,7.625722559918224,0.6805646972052827,30
ege,base,blf,flat,268,7.696207997236779,7.1310143625210145,8.21053257540805,7.628361000575741,0.6828170370715473,30
ege,base,blf,flat,269,7.696207997236779,7.1310143625210145,8.220601555693893,7.6314254535338835,0.6802257337859005,30
ege,base,blf,flat,270,7.696207997236779,7.1310143625210145,8.220601555693893,7.6326786325334455,0.6810324018948507,30
ege,base,blf,flat,271,7.696207997236779,7.1310143625210145,8.221028258607598,7.635569429610697,0.6836297175811044,30
ege,base,blf,flat,272,7.696207997236779,7.1310143625210145,8.221028258607598,7.637609023129914,0.6846503595359671,30
ege,base,blf,flat,273,7.696824308327499,7.1310143625210145,8.223013124245963,7.63960790131979,0.6865545774066659,30
ege,base,blf,flat,274,7.696824308327499,7.1310143625210145,8.223123547736702,7.639838495948565,0.6865649854898102,30
ege,base,blf,flat,275,7.696824308327499,7.1310143625210145,8.223123547736702,7.641045456730629,0.6852571645310809,30
ege,base,blf,flat,276,7.696857861601494,7.1310143625210145,8.224057630325994,7.643213808774871,0.6861116545088757,30
ege,base,blf,flat,277,7.7009289867739605,7.131490183896544,8.224497978446282,7.645001029398133,0.6855840680594243,30
ege,base,blf,flat,278,7.703153056616015,7.131490183896544,8.226287158374463,7.65003034856372,0.6895965625749061,30
ege,base,blf,flat,279,7.703153056616015,7.131490183896544,8.227326155510674,7.653045621469074,0.6933412732654277,30
ege,base,blf,flat,280,7.703785639568595,7.131490183896544,8.227416889785397,7.654355516668673,0.6949833453833344,30
ege,base,blf,flat,281,7.710195859023967,7.131490183896544,8.230338879848587,7.657228382377007,0.6924271004688004,30
ege,base,blf,flat,282,7.713665752127648,7.131490183896544,8.23277617466244,7.658881599988528,0.6926855528784149,30
ege,base,blf,flat,283,7.713665752127648,7.131490183896544,8.23277617466244,7.659082298643729,0.692617375064152,30
ege,base,blf,flat,284,7.713665752127648,7.131490183896544,8.23277617466244,7.659269103696356,0.6924249782956303,30
ege,base,blf,flat,285,7.713665752127648,7.131490183896544,8.23277617466244,7.659669073472983,0.6929021427071335,30
ege,base,blf,flat,286,7.713665752127648,7.131490183896544,8.23277617466244,7.661193667921513,0.6938126887581375,30
ege,base,blf,flat,287,7.7159158904103435,7.131490183896544,8.23277617466244,7.662297092322542,0.6935032158205832,30
ege,base,blf,flat,288,7.7159158904103435,7.131490183896544,8.23277617466244,7.663047189070715,0.6935728417463024,30
ege,base,blf,flat,289,7.7159158904103435,7.136682709378501,8.23277617466244,7.665352163179961,0.6924526791328246,30
ege,base,blf,flat,290,7.717778712167905,7.136682709378501,8.235766723598632,7.666191409792912,0.6929190173376888,30
ege,base,blf,flat,291,7.717778712167905,7.136682709378501,8.235766723598632,7.668416165534745,0.6941272802755577,30
ege,base,blf,flat,292,7.717778712167905,7.136682709378501,8.235766723598632,7.67051346995128,0.6969161213007626,30
ege,base,blf,flat,293,7.717778712167905,7.136682709378501,8.235766723598632,7.672283013531365,0.6986290190558704,30
ege,base,blf,flat,294,7.720138344927687,7.136682709378501,8.269592672117007,7.6744448564111165,0.6997242892787131,30
ege,base,blf,flat,295,7.725525070783357,7.136682709378501,8.269592672117007,7.675115830003993,0.6998434505417255,30
ege,base,blf,flat,296,7.726563235734146,7.136682709378501,8.269592672117007,7.676884906197687,0.7001605717455663,30
ege,base,blf,flat,297,7.727641807240193,7.136682709378501,8.270711553386572,7.678304852190034,0.7008252673063516,30
ege,base,blf,flat,298,7.727641807240193,7.136682709378501,8.270711553386572,7.679280383037414,0.7006206330039282,30
ege,base,blf,flat,299,7.730286042508704,7.136682709378501,8.273817921745042,7.6796459490651365,0.7007820867107516,30
ege,base,blf,flat,300,7.730286042508704,7.150003244857832,8.284639586614157,7.682421275423035,0.7001521408320681,30
ege,base,blf,rugged,1,1.4242,1.1973,1.7183,1.5478,0.5866,30
ege,base,blf,rugged,2,1.7034,1.3868,2.3758,1.8317,0.597,30
ege,base,blf,rugged,3,1.9187,1.5372,2.4417,1.9746,0.5434,30
ege,base,blf,rugged,4,2.2112,1.8332,2.6057,2.2302,0.5387,30
ege,base,blf,rugged,5,2.3255,1.8446,2.6467,2.2947,0.5308,30
ege,base,blf,rugged,6,2.4388,1.8893,2.6607,2.3453,0.5035,30
ege,base,blf,rugged,7,2.4986,2.2077,2.7949,2.5327,0.502,30
ege,base,blf,rugged,8,2.587,2.2936,2.7949,2.6367,0.5922,30
ege,base,blf,rugged,9,2.632,2.3193,2.9009,2.6826,0.5876,30
ege,base,blf,rugged,10,2.632,2.4352,3.1351,2.7463,0.6264,30
ege,base,blf,rugged,11,2.6492,2.4952,3.1584,2.8052,0.5993,30
ege,base,blf,rugged,12,2.7136,2.5616,3.1806,2.8773,0.567,30
ege,base,blf,rugged,13,2.815,2.5809,3.1806,2.9041,0.5605,30
ege,base,blf,rugged,14,2.8852,2.6455,3.1869,2.9895,0.5781,30
ege,base,blf,rugged,15,3.0322,2.6536,3.1869,3.0265,0.5741,30
ege,base,blf,rugged,16,3.0958,2.663,3.3491,3.0674,0.5718,30
ege,base,blf,rugged,17,3.1167,2.6916,3.4581,3.1435,0.5665,30
ege,base,blf,rugged,18,3.1407,2.7335,3.4581,3.1792,0.5388,30
ege,base,blf,rugged,19,3.1715,2.8123,3.4581,3.2007,0.5286,30
ege,base,blf,rugged,20,3.2468,2.8123,3.6438,3.2722,0.5311,30
ege,base,blf,rugged,21,3.2468,2.8185,3.6438,3.2978,0.5545,30
ege,base,blf,rugged,22,3.2468,2.9517,3.7505,3.3552,0.5507,30
ege,base,blf,rugged,23,3.3641,3.0,3.7505,3.3939,0.5363,30
ege,base,blf,rugged,24,3.3641,3.0,3.7788,3.4077,0.5504,30
ege,base,blf,rugged,25,3.4144,3.0,3.8121,3.4393,0.562,30
ege,base,blf,rugged,26,3.4144,3.1097,3.8898,3.4631,0.5677,30
ege,base,blf,rugged,27,3.4579,3.1139,3.8898,3.5058,0.5665,30
ege,base,blf,rugged,28,3.4916,3.1713,3.9033,3.5727,0.5393,30
ege,base,blf,rugged,29,3.5946,3.3309,4.1406,3.6354,0.5549,30
ege,base,blf,rugged,30,3.5946,3.3657,4.1406,3.6543,0.5364,30
ege,base,blf,rugged,31,3.5946,3.3657,4.1685,3.6736,0.5494,30
ege,base,blf,rugged,32,3.5946,3.3657,4.1946,3.6836,0.5574,30
ege,base,blf,rugged,33,3.7405,3.3699,4.2328,3.7711,0.573,30
ege,base,blf,rugged,34,3.7497,3.3699,4.2579,3.7927,0.586,30
ege,base,blf,rugged,35,3.7497,3.3699,4.2874,3.8074,0.5937,30
ege,base,blf,rugged,36,3.7917,3.3699,4.2874,3.8299,0.5866,30
ege,base,blf,rugged,37,3.7917,3.3699,4.2874,3.8299,0.5866,30
ege,base,blf,rugged,38,3.7917,3.3996,4.2874,3.8581,0.5785,30
ege,base,blf,rugged,39,3.7917,3.3996,4.2874,3.8593,0.5764,30
ege,base,blf,rugged,40,3.7917,3.3996,4.2874,3.8697,0.5999,30
ege,base,blf,rugged,41,3.7979,3.5178,4.2975,3.9705,0.6356,30
ege,base,blf,rugged,42,3.7979,3.5178,4.2977,3.9835,0.6528,30
ege,base,blf,rugged,43,3.952,3.5178,4.331,4.0184,0.65,30
ege,base,blf,rugged,44,3.952,3.5178,4.331,4.0453,0.6934,30
ege,base,blf,rugged,45,4.0193,3.5178,4.3935,4.0663,0.701,30
ege,base,blf,rugged,46,4.0193,3.5178,4.3935,4.0842,0.6964,30
ege,base,blf,rugged,47,4.1263,3.5178,4.3935,4.1063,0.7008,30
ege,base,blf,rugged,48,4.2067,3.5178,4.4991,4.1419,0.7064,30
ege,base,blf,rugged,49,4.2474,3.5178,4.4991,4.1546,0.7063,30
ege,base,blf,rugged,50,4.2474,3.5753,4.5213,4.1861,0.7114,30
ege,base,blf,rugged,51,4.2474,3.5753,4.5419,4.2037,0.7168,30
ege,base,blf,rugged,52,4.2474,3.5753,4.7483,4.2353,0.7253,30
ege,base,blf,rugged,53,4.2474,3.5753,4.7483,4.2464,0.7305,30
ege,base,blf,rugged,54,4.2476,3.8065,4.7483,4.2683,0.7109,30
ege,base,blf,rugged,55,4.2561,3.8065,4.7483,4.2846,0.702,30
ege,base,blf,rugged,56,4.2656,3.8065,4.7558,4.305,0.6967,30
ege,base,blf,rugged,57,4.2656,3.8065,4.7558,4.329,0.7152,30
ege,base,blf,rugged,58,4.2774,3.8065,4.9628,4.3927,0.7603,30
ege,base,blf,rugged,59,4.2959,3.8065,4.9825,4.4408,0.751,30
ege,base,blf,rugged,60,4.2959,3.9367,4.9825,4.4675,0.7331,30
ege,base,blf,rugged,61,4.2959,3.9779,4.9825,4.4853,0.7156,30
ege,base,blf,rugged,62,4.4339,4.0437,5.0689,4.5317,0.7007,30
ege,base,blf,rugged,63,4.4499,4.059,5.0723,4.5543,0.7058,30
ege,base,blf,rugged,64,4.4499,4.1263,5.0723,4.572,0.6968,30
ege,base,blf,rugged,65,4.4499,4.1263,5.113,4.5888,0.7086,30
ege,base,blf,rugged,66,4.485,4.2239,5.152,4.6386,0.7397,30
ege,base,blf,rugged,67,4.5498,4.2684,5.2048,4.6576,0.7389,30
ege,base,blf,rugged,68,4.5771,4.2957,5.2048,4.6789,0.7455,30
ege,base,blf,rugged,69,4.5956,4.2957,5.3096,4.7091,0.757,30
ege,base,blf,rugged,70,4.6413,4.2957,5.3096,4.7287,0.765,30
ege,base,blf,rugged,71,4.6413,4.2957,5.3096,4.7594,0.7917,30
ege,base,blf,rugged,72,4.692,4.3185,5.3096,4.7862,0.7914,30
ege,base,blf,rugged,73,4.6995,4.3185,5.3215,4.8037,0.7952,30
ege,base,blf,rugged,74,4.6995,4.3185,5.4538,4.8301,0.8197,30
ege,base,blf,rugged,75,4.8398,4.3209,5.4538,4.8577,0.8236,30
ege,base,blf,rugged,76,4.8398,4.3209,5.4538,4.8814,0.8117,30
ege,base,blf,rugged,77,4.8398,4.3412,5.4578,4.8913,0.8132,30
ege,base,blf,rugged,78,4.8398,4.3591,5.4649,4.9104,0.8196,30
ege,base,blf,rugged,79,4.9368,4.3591,5.5704,4.9408,0.8184,30
ege,base,blf,rugged,80,4.9368,4.362,5.5704,4.9523,0.8202,30
ege,base,blf,rugged,81,4.9519,4.362,5.5704,4.9847,0.8315,30
ege,base,blf,rugged,82,5.0765,4.3664,5.6125,5.0194,0.8424,30
ege,base,blf,rugged,83,5.0765,4.6123,5.6125,5.0599,0.8251,30
ege,base,blf,rugged,84,5.0765,4.6126,5.632,5.0761,0.821,30
ege,base,blf,rugged,85,5.086,4.6126,5.6473,5.0913,0.8108,30
ege,base,blf,rugged,86,5.0943,4.6176,5.6473,5.1024,0.8043,30
ege,base,blf,rugged,87,5.1974,4.6273,5.7414,5.1328,0.7979,30
ege,base,blf,rugged,88,5.2237,4.6472,5.7414,5.1386,0.8018,30
ege,base,blf,rugged,89,5.2283,4.6472,5.7702,5.1639,0.8047,30
ege,base,blf,rugged,90,5.2947,4.6623,5.7702,5.1961,0.8236,30
ege,base,blf,rugged,91,5.2947,4.6868,5.7702,5.2071,0.8206,30
ege,base,blf,rugged,92,5.2947,4.6868,5.788,5.225,0.8297,30
ege,base,blf,rugged,93,5.2947,4.9118,5.9211,5.271,0.8371,30
ege,base,blf,rugged,94,5.2947,4.9118,5.9211,5.2981,0.8415,30
ege,base,blf,rugged,95,5.2947,4.9118,5.9211,5.3063,0.8458,30
ege,base,blf,rugged,96,5.2947,4.9344,5.9939,5.328,0.8569,30
ege,base,blf,rugged,97,5.2947,4.9344,5.9939,5.3374,0.8592,30
ege,base,blf,rugged,98,5.3269,4.954,5.9939,5.3608,0.8536,30
ege,base,blf,rugged,99,5.3269,4.954,6.044,5.3758,0.8642,30
ege,base,blf,rugged,100,5.394,4.9597,6.044,5.3942,0.8578,30
ege,base,blf,rugged,101,5.394,4.9611,6.044,5.4004,0.8528,30
ege,base,blf,rugged,102,5.4365,4.9747,6.044,5.4383,0.882,30
ege,base,blf,rugged,103,5.4365,4.9747,6.1541,5.4575,0.8837,30
ege,base,blf,rugged,104,5.4476,5.0652,6.1541,5.4737,0.8787,30
ege,base,blf,rugged,105,5.4728,5.0704,6.1589,5.4833,0.8838,30
ege,base,blf,rugged,106,5.4728,5.0704,6.1589,5.4896,0.8899,30
ege,base,blf,rugged,107,5.4728,5.0704,6.1589,5.5043,0.8741,30
ege,base,blf,rugged,108,5.4787,5.0704,6.1832,5.5207,0.8782,30
ege,base,blf,rugged,109,5.4809,5.1071,6.1841,5.5454,0.8745,30
ege,base,blf,rugged,110,5.5359,5.1071,6.1841,5.5569,0.8792,30
ege,base,blf,rugged,111,5.5619,5.1187,6.1841,5.5634,0.8766,30
ege,base,blf,rugged,112,5.5619,5.1187,6.3451,5.6158,0.8581,30
ege,base,blf,rugged,113,5.5628,5.2449,6.3451,5.6299,0.8478,30
ege,base,blf,rugged,114,5.574,5.2449,6.3451,5.6448,0.8325,30
ege,base,blf,rugged,115,5.574,5.2473,6.3451,5.6534,0.8304,30
ege,base,blf,rugged,116,5.5893,5.3084,6.3451,5.6726,0.8278,30
ege,base,blf,rugged,117,5.6422,5.3084,6.3451,5.6823,0.8249,30
ege,base,blf,rugged,118,5.6422,5.3084,6.3451,5.6951,0.8283,30
ege,base,blf,rugged,119,5.6434,5.3175,6.3451,5.7058,0.8193,30
ege,base,blf,rugged,120,5.6711,5.3757,6.3451,5.7205,0.8153,30
ege,base,blf,rugged,121,5.7145,5.3757,6.3582,5.7389,0.8135,30
ege,base,blf,rugged,122,5.7414,5.4188,6.3582,5.7636,0.7947,30
ege,base,blf,rugged,123,5.7548,5.4188,6.3603,5.788,0.7856,30
ege,base,blf,rugged,124,5.7548,5.4188,6.363,5.7883,0.7859,30
ege,base,blf,rugged,125,5.797,5.4188,6.363,5.802,0.7871,30
ege,base,blf,rugged,126,5.797,5.4188,6.4114,5.8101,0.7869,30
ege,base,blf,rugged,127,5.8124,5.4581,6.4269,5.8267,0.79,30
ege,base,blf,rugged,128,5.8243,5.4581,6.4269,5.841,0.796,30
ege,base,blf,rugged,129,5.8534,5.4581,6.4269,5.8455,0.7947,30
ege,base,blf,rugged,130,5.8536,5.4911,6.4301,5.8624,0.7516,30
ege,base,blf,rugged,131,5.8536,5.4911,6.4894,5.873,0.7529,30
ege,base,blf,rugged,132,5.8536,5.5344,6.4894,5.8914,0.7322,30
ege,base,blf,rugged,133,5.8536,5.5344,6.5276,5.9037,0.7386,30
ege,base,blf,rugged,134,5.8829,5.5354,6.5276,5.9274,0.7461,30
ege,base,blf,rugged,135,5.935,5.5354,6.5276,5.9444,0.7432,30
ege,base,blf,rugged,136,5.9714,5.5354,6.5325,5.9585,0.7353,30
ege,base,blf,rugged,137,5.9714,5.581,6.5454,5.9669,0.7322,30
ege,base,blf,rugged,138,5.9714,5.581,6.5532,5.9717,0.7317,30
ege,base,blf,rugged,139,5.9714,5.581,6.5666,5.9751,0.7343,30
ege,base,blf,rugged,140,5.9714,5.581,6.5666,5.9993,0.6863,30
ege,base,blf,rugged,141,5.9714,5.6041,6.5666,6.0131,0.6811,30
ege,base,blf,rugged,142,5.9909,5.6041,6.6296,6.0239,0.6884,30
ege,base,blf,rugged,143,5.9909,5.6041,6.6296,6.0262,0.689,30
ege,base,blf,rugged,144,5.9909,5.6041,6.6296,6.0292,0.6884,30
ege,base,blf,rugged,145,5.9909,5.6352,6.6296,6.0427,0.6891,30
ege,base,blf,rugged,146,5.9909,5.6352,6.6296,6.0481,0.6905,30
ege,base,blf,rugged,147,5.9909,5.6352,6.6296,6.0586,0.6817,30
ege,base,blf,rugged,148,6.0436,5.6396,6.6296,6.0703,0.6788,30
ege,base,blf,rugged,149,6.0919,5.6486,6.6296,6.076,0.6776,30
ege,base,blf,rugged,150,6.1006,5.6773,6.6296,6.0961,0.647,30
ege,base,blf,rugged,151,6.1006,5.6861,6.6296,6.0994,0.6481,30
ege,base,blf,rugged,152,6.1006,5.6861,6.6887,6.1026,0.6505,30
ege,base,blf,rugged,153,6.1006,5.6861,6.6887,6.1068,0.6555,30
ege,base,blf,rugged,154,6.1006,5.6861,6.6887,6.1117,0.6566,30
ege,base,blf,rugged,155,6.1006,5.7349,6.6887,6.1213,0.6536,30
ege,base,blf,rugged,156,6.1006,5.7349,6.6887,6.1229,0.6555,30
ege,base,blf,rugged,157,6.1093,5.8134,6.6887,6.1363,0.6552,30
ege,base,blf,rugged,158,6.1093,5.8134,6.6887,6.1402,0.6568,30
ege,base,blf,rugged,159,6.1891,5.8134,6.6887,6.157,0.6499,30
ege,base,blf,rugged,160,6.2251,5.8134,6.6887,6.1691,0.6535,30
ege,base,blf,rugged,161,6.2251,5.8134,6.7072,6.1754,0.656,30
ege,base,blf,rugged,162,6.2472,5.8134,6.7072,6.1795,0.6547,30
ege,base,blf,rugged,163,6.2472,5.8134,6.7072,6.1881,0.6451,30
ege,base,blf,rugged,164,6.2535,5.8327,6.7072,6.2023,0.6411,30
ege,base,blf,rugged,165,6.2535,5.8327,6.7574,6.2098,0.6425,30
ege,base,blf,rugged,166,6.2535,5.8339,6.7574,6.214,0.6467,30
ege,base,blf,rugged,167,6.269,5.8897,6.7574,6.2187,0.6461,30
ege,base,blf,rugged,168,6.269,5.8956,6.7574,6.2298,0.6495,30
ege,base,blf,rugged,169,6.269,5.8956,6.7652,6.2381,0.6523,30
ege,base,blf,rugged,170,6.269,5.8956,6.7652,6.2413,0.6521,30
ege,base,blf,rugged,171,6.269,5.8956,6.7652,6.2441,0.6494,30
ege,base,blf,rugged,172,6.269,5.8956,6.7652,6.2448,0.6492,30
ege,base,blf,rugged,173,6.269,5.8963,6.7652,6.2512,0.6426,30
ege,base,blf,rugged,174,6.269,5.8963,6.7652,6.2601,0.6441,30
ege,base,blf,rugged,175,6.269,5.8963,6.7693,6.2829,0.6291,30
ege,base,blf,rugged,176,6.269,5.8963,6.7693,6.2847,0.6295,30
ege,base,blf,rugged,177,6.269,5.8963,6.7693,6.2896,0.6324,30
ege,base,blf,rugged,178,6.269,5.8963,6.7693,6.2907,0.6319,30
ege,base,blf,rugged,179,6.269,5.9258,6.7774,6.2972,0.6328,30
ege,base,blf,rugged,180,6.269,5.9258,6.7774,6.3001,0.6335,30
ege,base,blf,rugged,181,6.2791,5.9258,6.7774,6.3027,0.6316,30
ege,base,blf,rugged,182,6.2791,5.9258,6.7774,6.3112,0.6152,30
ege,base,blf,rugged,183,6.2791,5.9315,6.7774,6.3142,0.6175,30
ege,base,blf,rugged,184,6.2791,5.9335,6.7774,6.3159,0.6133,30
ege,base,blf,rugged,185,6.3052,5.9335,6.7774,6.3176,0.6132,30
ege,base,blf,rugged,186,6.3052,5.9335,6.7774,6.3184,0.6141,30
ege,base,blf,rugged,187,6.3336,5.9532,6.7842,6.3352,0.6118,30
ege,base,blf,rugged,188,6.3336,5.9532,6.8142,6.3383,0.6122,30
ege,base,blf,rugged,189,6.3387,5.9532,6.8142,6.3426,0.6024,30
ege,base,blf,rugged,190,6.3387,5.9532,6.8142,6.3428,0.6027,30
ege,base,blf,rugged,191,6.3387,5.9543,6.8142,6.3438,0.603,30
ege,base,blf,rugged,192,6.3741,5.9554,6.8142,6.356,0.5921,30
ege,base,blf,rugged,193,6.3741,5.9554,6.8142,6.3585,0.5896,30
ege,base,blf,rugged,194,6.3741,5.9554,6.8142,6.3598,0.5887,30
ege,base,blf,rugged,195,6.4252,5.9563,6.8163,6.366,0.5889,30
ege,base,blf,rugged,196,6.4252,5.9563,6.8163,6.3672,0.5893,30
ege,base,blf,rugged,197,6.4252,5.9594,6.8776,6.3736,0.5928,30
ege,base,blf,rugged,198,6.4252,5.9594,6.8776,6.3749,0.5919,30
ege,base,blf,rugged,199,6.4252,5.9594,6.8776,6.3781,0.5914,30
ege,base,blf,rugged,200,6.4252,5.9594,6.8776,6.3848,0.5804,30
ege,base,blf,rugged,201,6.4322,5.9594,6.8776,6.3878,0.5825,30
ege,base,blf,rugged,202,6.4322,5.9594,6.8776,6.3913,0.58,30
ege,base,blf,rugged,203,6.4322,5.9594,6.8776,6.3924,0.5811,30
ege,base,blf,rugged,204,6.4322,5.9594,6.8776,6.3931,0.5815,30
ege,base,blf,rugged,205,6.4322,5.9594,6.8776,6.3983,0.5832,30
ege,base,blf,rugged,206,6.4322,5.9594,6.8776,6.4024,0.5884,30
ege,base,blf,rugged,207,6.4322,5.9594,6.8776,6.4096,0.5907,30
ege,base,blf,rugged,208,6.4322,5.9594,6.8776,6.4142,0.5966,30
ege,base,blf,rugged,209,6.4322,5.9594,6.8776,6.4145,0.5967,30
ege,base,blf,rugged,210,6.4322,5.9594,6.8776,6.4148,0.5966,30
ege,base,blf,rugged,211,6.4322,5.9594,6.8776,6.4168,0.5956,30
ege,base,blf,rugged,212,6.4322,5.9594,6.8776,6.4302,0.6074,30
ege,base,blf,rugged,213,6.4322,5.9594,6.8776,6.4302,0.6074,30
ege,base,blf,rugged,214,6.4575,5.9594,6.8779,6.4328,0.6071,30
ege,base,blf,rugged,215,6.4575,5.9594,6.8779,6.4342,0.6063,30
ege,base,blf,rugged,216,6.4575,5.9594,6.8779,6.4371,0.607,30
ege,base,blf,rugged,217,6.4647,5.9611,6.8779,6.4408,0.6036,30
ege,base,blf,rugged,218,6.4647,5.9611,6.9457,6.4438,0.6062,30
ege,base,blf,rugged,219,6.4647,5.9611,6.9457,6.4438,0.6062,30
ege,base,blf,rugged,220,6.4647,5.9611,6.9457,6.4481,0.6049,30
ege,base,blf,rugged,221,6.4647,5.9611,6.9457,6.4483,0.6045,30
ege,base,blf,rugged,222,6.4667,5.9611,6.9457,6.4485,0.6046,30
ege,base,blf,rugged,223,6.4667,5.9611,6.9457,6.4512,0.6006,30
ege,base,blf,rugged,224,6.4667,5.9611,6.9457,6.4512,0.6006,30
ege,base,blf,rugged,225,6.4909,5.9611,6.9457,6.4557,0.6039,30
ege,base,blf,rugged,226,6.5074,5.9611,6.971,6.4619,0.6063,30
ege,base,blf,rugged,227,6.5136,5.9611,6.971,6.4642,0.6064,30
ege,base,blf,rugged,228,6.5316,5.9611,6.971,6.4659,0.6066,30
ege,base,blf,rugged,229,6.5316,5.9611,6.971,6.4686,0.6079,30
ege,base,blf,rugged,230,6.5316,5.9611,6.971,6.4729,0.612,30
ege,base,blf,rugged,231,6.5316,5.9849,6.971,6.4871,0.6038,30
ege,base,blf,rugged,232,6.5316,5.9849,6.971,6.4899,0.6093,30
ege,base,blf,rugged,233,6.5316,5.9849,6.971,6.4899,0.6093,30
ege,base,blf,rugged,234,6.5316,5.9849,6.971,6.4901,0.6091,30
ege,base,blf,rugged,235,6.5316,5.9849,6.971,6.4902,0.609,30
ege,base,blf,rugged,236,6.5332,5.9849,6.971,6.4974,0.6069,30
ege,base,blf,rugged,237,6.5332,5.9856,6.971,6.4976,0.6069,30
ege,base,blf,rugged,238,6.5332,5.9935,6.9751,6.4994,0.6062,30
ege,base,blf,rugged,239,6.5332,5.9935,6.9751,6.4995,0.6063,30
ege,base,blf,rugged,240,6.5332,5.9935,6.9751,6.4998,0.6067,30
ege,base,blf,rugged,241,6.5332,5.9935,6.9751,6.5013,0.6081,30
ege,base,blf,rugged,242,6.5332,5.9935,6.9751,6.5039,0.6109,30
ege,base,blf,rugged,243,6.5332,5.9935,6.9751,6.5039,0.6109,30
ege,base,blf,rugged,244,6.5332,5.9935,6.9781,6.5047,0.6108,30
ege,base,blf,rugged,245,6.5332,5.9935,6.9781,6.5053,0.6114,30
ege,base,blf,rugged,246,6.5332,5.9935,6.9781,6.5056,0.6112,30
ege,base,blf,rugged,247,6.5661,5.9935,6.9781,6.5086,0.6126,30
ege,base,blf,rugged,248,6.5661,5.9935,6.9781,6.5087,0.6126,30
ege,base,blf,rugged,249,6.5661,5.9935,6.9942,6.5108,0.6142,30
ege,base,blf,rugged,250,6.5661,5.9935,6.9942,6.5108,0.6142,30
ege,base,blf,rugged,251,6.5661,5.9935,6.9942,6.5124,0.6161,30
ege,base,blf,rugged,252,6.5661,5.9935,6.9942,6.5138,0.6178,30
ege,base,blf,rugged,253,6.5661,5.9935,6.9942,6.5138,0.6178,30
ege,base,blf,rugged,254,6.5661,5.9935,6.9942,6.5139,0.6178,30
ege,base,blf,rugged,255,6.5661,5.9935,6.9942,6.5145,0.618,30
ege,base,blf,rugged,256,6.6077,5.9935,6.9942,6.5178,0.6195,30
ege,base,blf,rugged,257,6.6077,5.9935,6.9994,6.5202,0.6238,30
ege,base,blf,rugged,258,6.6077,5.9935,6.9994,6.5205,0.624,30
ege,base,blf,rugged,259,6.6269,5.9935,6.9994,6.5226,0.6238,30
ege,base,blf,rugged,260,6.6269,5.9935,6.9994,6.523,0.6236,30
ege,base,blf,rugged,261,6.6269,5.9935,6.9994,6.5262,0.6249,30
ege,base,blf,rugged,262,6.6269,5.9935,6.9994,6.5262,0.6249,30
ege,base,blf,rugged,263,6.6269,5.9935,6.9994,6.5265,0.6253,30
ege,base,blf,rugged,264,6.6269,5.9935,6.9994,6.529,0.6263,30
ege,base,blf,rugged,265,6.6269,5.9935,6.9994,6.5344,0.6291,30
ege,base,blf,rugged,266,6.6269,5.9935,6.9994,6.5344,0.6291,30
ege,base,blf,rugged,267,6.6269,5.9936,6.9994,6.5348,0.6288,30
ege,base,blf,rugged,268,6.6269,5.9936,6.9994,6.5351,0.6289,30
ege,base,blf,rugged,269,6.6357,5.9981,6.9994,6.5399,0.6359,30
ege,base,blf,rugged,270,6.6357,5.9981,6.9994,6.5399,0.6359,30
ege,base,blf,rugged,271,6.6357,5.9983,6.9994,6.5399,0.6359,30
ege,base,blf,rugged,272,6.6357,5.9983,6.9994,6.54,0.636,30
ege,base,blf,rugged,273,6.6357,5.9983,6.9994,6.54,0.636,30
ege,base,blf,rugged,274,6.6357,5.9983,6.9994,6.5401,0.6359,30
ege,base,blf,rugged,275,6.6357,5.9983,6.9994,6.5407,0.6349,30
ege,base,blf,rugged,276,6.6357,5.9983,6.9994,6.5414,0.6347,30
ege,base,blf,rugged,277,6.6357,5.9983,6.9994,6.5414,0.6347,30
ege,base,blf,rugged,278,6.647,5.9997,6.9994,6.5428,0.6347,30
ege,base,blf,rugged,279,6.647,5.9997,6.9994,6.5428,0.6347,30
ege,base,blf,rugged,280,6.6666,6.0011,6.9994,6.5443,0.6346,30
ege,base,blf,rugged,281,6.6666,6.0011,6.9994,6.5454,0.635,30
ege,base,blf,rugged,282,6.6666,6.0011,6.9994,6.5454,0.635,30
ege,base,blf,rugged,283,6.6666,6.0011,6.9994,6.5457,0.635,30
ege,base,blf,rugged,284,6.672,6.0011,6.9994,6.5461,0.6351,30
ege,base,blf,rugged,285,6.672,6.0011,6.9994,6.5461,0.6351,30
ege,base,blf,rugged,286,6.672,6.0011,6.9994,6.547,0.6355,30
ege,base,blf,rugged,287,6.672,6.0057,6.9994,6.5483,0.6354,30
ege,base,blf,rugged,288,6.672,6.0057,6.9994,6.5491,0.6354,30
ege,base,blf,rugged,289,6.672,6.0057,6.9994,6.5491,0.6354,30
ege,base,blf,rugged,290,6.6766,6.0057,6.9994,6.5494,0.6353,30
ege,base,blf,rugged,291,6.6766,6.0057,6.9994,6.5494,0.6353,30
ege,base,blf,rugged,292,6.6766,6.0057,6.9994,6.5498,0.6354,30
ege,base,blf,rugged,293,6.6766,6.0057,6.9994,6.5501,0.6352,30
ege,base,blf,rugged,294,6.6941,6.0057,6.9994,6.5513,0.6356,30
ege,base,blf,rugged,295,6.6941,6.0057,6.9994,6.5513,0.6356,30
ege,base,blf,rugged,296,6.7107,6.0057,6.9994,6.5524,0.6358,30
ege,base,blf,rugged,297,6.7107,6.0057,6.9994,6.5535,0.6332,30
ege,base,blf,rugged,298,6.7107,6.0057,6.9994,6.5544,0.6332,30
ege,base,blf,rugged,299,6.7107,6.0057,6.9994,6.5544,0.6332,30
ege,base,blf,rugged,300,6.7107,6.0057,6.9994,6.5546,0.6336,30
ege,phi,uncoupled,flat,1,1.7439839555398886,1.3275209378091746,2.0842220162686953,1.7776869491752698,0.5785941371934494,30
ege,phi,uncoupled,flat,2,2.0812105250187405,1.81523186855827,2.4229788713948186,2.182554719731269,0.5020775875533087,30
ege,phi,uncoupled,flat,3,2.646682887288085,1.9501338271034667,2.8637457161256537,2.5132488430885718,0.5464168021646577,30
ege,phi,uncoupled,flat,4,2.8522166984057447,2.59127522705864,3.0353510729016038,2.796783420246046,0.5888285233971071,30
ege,phi,uncoupled,flat,5,2.8652178917013074,2.7052219344032498,3.15313937509558,2.9049254458946225,0.564585912509686,30
ege,phi,uncoupled,flat,6,2.8918443131642926,2.755124493831494,3.2875680202666193,2.959307814406865,0.5567278647645957,30
ege,phi,uncoupled,flat,7,3.003538210035681,2.82022228924136,3.3675299865989547,3.061153395017305,0.5704368245073687,30
ege,phi,uncoupled,flat,8,3.1270413059049162,2.857340520153183,3.415422036435837,3.1448166913656572,0.5277551377115494,30
ege,phi,uncoupled,flat,9,3.184349038152547,2.888477693839194,3.53289666520838,3.2736624185912557,0.559419510143442,30
ege,phi,uncoupled,flat,10,3.285243530433947,2.9071677981334942,3.598132657855183,3.331938227779875,0.5509286477724716,30
ege,phi,uncoupled,flat,11,3.33604828183352,2.9347821147699396,3.6251706857728996,3.3699626107024305,0.5463572033744281,30
ege,phi,uncoupled,flat,12,3.5262690391759537,3.160708228852803,3.7225291456728655,3.47380298762568,0.5453268152438927,30
ege,phi,uncoupled,flat,13,3.5262690391759537,3.160708228852803,3.7414625604214917,3.5240184843453055,0.5707294870779742,30
ege,phi,uncoupled,flat,14,3.55777432973803,3.1795956026739,3.80571973643911,3.545471021384088,0.5707833901867837,30
ege,phi,uncoupled,flat,15,3.6223656582863777,3.298145242041976,3.874133016515419,3.623782472461735,0.5604881991024183,30
ege,phi,uncoupled,flat,16,3.6597329335148414,3.3266238470533485,3.901688596786823,3.684082268892771,0.5833369199690223,30
ege,phi,uncoupled,flat,17,3.7045023176605483,3.384783072405111,3.9510554848216386,3.731411666834565,0.5743349004263135,30
ege,phi,uncoupled,flat,18,3.7045023176605483,3.5260230524932354,3.9510554848216386,3.773323857790763,0.5739134896479074,30
ege,phi,uncoupled,flat,19,3.7045023176605483,3.5260230524932354,3.9510554848216386,3.779533387255455,0.5656671139157612,30
ege,phi,uncoupled,flat,20,3.735202972111048,3.5305894556502997,3.9644752463928192,3.8211225500506862,0.5549503049502154,30
ege,phi,uncoupled,flat,21,3.867918591303802,3.616975973830193,4.384374525205273,3.9339037886345656,0.5705774952055147,30
ege,phi,uncoupled,flat,22,3.867918591303802,3.616975973830193,4.384374525205273,3.9458169491284707,0.5571473443185752,30
ege,phi,uncoupled,flat,23,3.878727851661834,3.616975973830193,4.397808913354585,3.9743218769356776,0.5876463147992695,30
ege,phi,uncoupled,flat,24,3.8943049467560273,3.6384798174883044,4.482096826358436,4.006140664839782,0.5871494870028539,30
ege,phi,uncoupled,flat,25,3.8943049467560273,3.6384798174883044,4.482096826358436,4.017831035375891,0.6053697606672271,30
ege,phi,uncoupled,flat,26,3.910926459727958,3.6384798174883044,4.482096826358436,4.0314237809509095,0.6282371750149255,30
ege,phi,uncoupled,flat,27,3.910926459727958,3.6384798174883044,4.571750733260663,4.055615629071543,0.6426418198913959,30
ege,phi,uncoupled,flat,28,3.910926459727958,3.6384798174883044,4.571750733260663,4.071766308534466,0.6673611036007229,30
ege,phi,uncoupled,flat,29,3.910926459727958,3.6384798174883044,4.571750733260663,4.082416392888366,0.6707229936175635,30
ege,phi,uncoupled,flat,30,3.9639005952959936,3.6624433512254635,4.655883653268157,4.158185341805433,0.659782912277094,30
ege,phi,uncoupled,flat,31,3.9639005952959936,3.6624433512254635,4.655883653268157,4.158185341805433,0.659782912277094,30
ege,phi,uncoupled,flat,32,3.9723039647887237,3.6777936784507137,4.655883653268157,4.178148935979766,0.654048896032586,30
ege,phi,uncoupled,flat,33,4.023657921099461,3.6777936784507137,4.827943515094032,4.265503912376421,0.7164570656655765,30
ege,phi,uncoupled,flat,34,4.023657921099461,3.7727841107544986,5.005908656335201,4.283992242380896,0.7197202377309322,30
ege,phi,uncoupled,flat,35,4.057802198340173,3.7727841107544986,5.005908656335201,4.309089989206117,0.7565022993938106,30
ege,phi,uncoupled,flat,36,4.114321820892848,3.8522545724995076,5.016997298959745,4.33380318131135,0.749780258059641,30
ege,phi,uncoupled,flat,37,4.133214180897692,3.8760992863530026,5.0183666178146895,4.374489546769129,0.738792630894247,30
ege,phi,uncoupled,flat,38,4.159922723384983,3.8760992863530026,5.0183666178146895,4.413574083871885,0.7919026370378165,30
ege,phi,uncoupled,flat,39,4.240809742987728,3.9099993532727884,5.083964701749972,4.4895524176861805,0.7915880801648352,30
ege,phi,uncoupled,flat,40,4.31804393718159,3.9099993532727884,5.083964701749972,4.532214650868237,0.8185514108536645,30
ege,phi,uncoupled,flat,41,4.31804393718159,3.9099993532727884,5.083964701749972,4.551887490426117,0.8487154226588249,30
ege,phi,uncoupled,flat,42,4.31804393718159,3.9099993532727884,5.101479317688959,4.55932227922981,0.8544734642938945,30
ege,phi,uncoupled,flat,43,4.387386264293854,3.9099993532727884,5.101479317688959,4.590158628761665,0.8633677895476232,30
ege,phi,uncoupled,flat,44,4.4710290768645535,3.9099993532727884,5.101479317688959,4.611160969200755,0.886939387639058,30
ege,phi,uncoupled,flat,45,4.4710290768645535,3.9099993532727884,5.328759525974743,4.626629508016595,0.9000878636060262,30
ege,phi,uncoupled,flat,46,4.5296544284181195,3.9099993532727884,5.328759525974743,4.639808305189063,0.9018820523735166,30
ege,phi,uncoupled,flat,47,4.6396066309121515,3.9099993532727884,5.328759525974743,4.6484524335149064,0.9009724811932924,30
ege,phi,uncoupled,flat,48,4.70355652873754,3.9810990569952,5.359633203708752,4.726989265411147,0.8992916435172004,30
ege,phi,uncoupled,flat,49,4.70355652873754,3.9810990569952,5.444937779080542,4.7485808653498,0.9101056097460205,30
ege,phi,uncoupled,flat,50,4.70355652873754,3.9810990569952,5.444937779080542,4.76931379811897,0.936154008639806,30
ege,phi,uncoupled,flat,51,4.746894987151788,3.9810990569952,5.475597742069585,4.803672225943069,0.9524989664957738,30
ege,phi,uncoupled,flat,52,4.746894987151788,4.031201632348919,5.537091030678013,4.830059429413646,0.9636595004036665,30
ege,phi,uncoupled,flat,53,4.746894987151788,4.031201632348919,5.537091030678013,4.8476971163734826,0.98700723231448,30
ege,phi,uncoupled,flat,54,4.769178201737681,4.044739644672842,5.770648515259226,4.917055894756227,1.0261592133410868,30
ege,phi,uncoupled,flat,55,4.769178201737681,4.044739644672842,5.770989924411417,4.918645323662227,1.027124785208082,30
ege,phi,uncoupled,flat,56,5.033263736279631,4.0910398155019845,5.805073558701204,5.000532098555974,1.0604193366612356,30
ege,phi,uncoupled,flat,57,5.033263736279631,4.0910398155019845,5.805073558701204,5.000532098555974,1.0604193366612356,30
ege,phi,uncoupled,flat,58,5.062562907456803,4.0910398155019845,5.929607342371208,5.032824148867077,1.070455738354379,30
ege,phi,uncoupled,flat,59,5.062562907456803,4.1751898025874485,5.98883096507782,5.061274425998745,1.0647504506292291,30
ege,phi,uncoupled,flat,60,5.202617299258618,4.1751898025874485,6.052178599022476,5.082937234366966,1.07453807549643,30
ege,phi,uncoupled,flat,61,5.202617299258618,4.1751898025874485,6.052178599022476,5.103829463090687,1.0913070215051508,30
ege,phi,uncoupled,flat,62,5.202617299258618,4.1751898025874485,6.214215671784587,5.120716696765557,1.106575477481361,30
ege,phi,uncoupled,flat,63,5.202617299258618,4.1751898025874485,6.214215671784587,5.1235830979460415,1.107999956566018,30
ege,phi,uncoupled,flat,64,5.336053824812608,4.1751898025874485,6.214215671784587,5.136272080496007,1.1097207462383063,30
ege,phi,uncoupled,flat,65,5.336053824812608,4.195342486457335,6.2359937361016495,5.149611391210699,1.1050972917239805,30
ege,phi,uncoupled,flat,66,5.337275167379689,4.195342486457335,6.2359937361016495,5.149692814048505,1.1051079109167916,30
ege,phi,uncoupled,flat,67,5.337275167379689,4.195342486457335,6.312791663476751,5.162861164178663,1.1185685040921922,30
ege,phi,uncoupled,flat,68,5.466193805234536,4.195342486457335,6.312791663476751,5.199128538115759,1.1409327549859412,30
ege,phi,uncoupled,flat,69,5.466193805234536,4.195342486457335,6.385960245426496,5.221130937077993,1.1676533991688804,30
ege,phi,uncoupled,flat,70,5.466193805234536,4.195342486457335,6.385960245426496,5.238071037929156,1.152672688386384,30
ege,phi,uncoupled,flat,71,5.466193805234536,4.195342486457335,6.42493404710592,5.2751675843107,1.1859369772326633,30
ege,phi,uncoupled,flat,72,5.466193805234536,4.243486985564934,6.439106026295156,5.298308184789873,1.1891333677715994,30
ege,phi,uncoupled,flat,73,5.4697634523566325,4.246468982466204,6.459992959934068,5.33470288037821,1.179845535493424,30
ege,phi,uncoupled,flat,74,5.4697634523566325,4.246468982466204,6.514273480701106,5.337115347967856,1.1822987175251498,30
ege,phi,uncoupled,flat,75,5.4697634523566325,4.334739188831238,6.514273480701106,5.350190225597642,1.1757014137909585,30
ege,phi,uncoupled,flat,76,5.4697634523566325,4.334739188831238,6.514273480701106,5.384423661490599,1.2107888365813602,30
ege,phi,uncoupled,flat,77,5.4697634523566325,4.334739188831238,6.559023893072094,5.406645357566286,1.2299148391227936,30
ege,phi,uncoupled,flat,78,5.4697634523566325,4.334739188831238,6.581709976027449,5.41773801819478,1.2289178841109516,30
ege,phi,uncoupled,flat,79,5.4697634523566325,4.386040611300662,6.6100424394187955,5.4500092334010235,1.2330994497501762,30
ege,phi,uncoupled,flat,80,5.4697634523566325,4.39219114797113,6.6100424394187955,5.475866396233122,1.222969886132918,30
ege,phi,uncoupled,flat,81,5.4697634523566325,4.58427034138634,6.752315676929625,5.5358215999370834,1.2737191124501237,30
ege,phi,uncoupled,flat,82,5.4697634523566325,4.58427034138634,6.785505989422411,5.554812531039262,1.2812931150591373,30
ege,phi,uncoupled,flat,83,5.584144104024668,4.611464156796042,6.820987105876946,5.58814427408763,1.2827251433223785,30
ege,phi,uncoupled,flat,84,5.584144104024668,4.724870965921862,6.820987105876946,5.6288275047828,1.2479713227487996,30
ege,phi,uncoupled,flat,85,5.584144104024668,4.724870965921862,6.820987105876946,5.6288275047828,1.2479713227487996,30
ege,phi,uncoupled,flat,86,5.584144104024668,4.724870965921862,6.820987105876946,5.637776050327821,1.2517044454433026,30
ege,phi,uncoupled,flat,87,5.584144104024668,4.724870965921862,6.820987105876946,5.662974229879955,1.2634281393030198,30
ege,phi,uncoupled,flat,88,5.584144104024668,4.8396247455483135,6.8710299036677345,5.694144678533227,1.2434732202458363,30
ege,phi,uncoupled,flat,89,5.611087880540828,4.8396247455483135,6.8710299036677345,5.734366097588809,1.2379039772522435,30
ege,phi,uncoupled,flat,90,5.611087880540828,4.8396247455483135,6.904163313063604,5.750706506735278,1.2504181699398274,30
ege,phi,uncoupled,flat,91,5.611087880540828,4.8396247455483135,6.904163313063604,5.766523066332812,1.239075386950812,30
ege,phi,uncoupled,flat,92,5.853561869764434,4.8396247455483135,6.904163313063604,5.81173505716886,1.218063750187087,30
ege,phi,uncoupled,flat,93,5.853561869764434,4.8396247455483135,6.918177342579126,5.820761511842251,1.2306986219876694,30
ege,phi,uncoupled,flat,94,5.926956143032233,4.8396247455483135,6.918177342579126,5.8264476592165515,1.230167327265862,30
ege,phi,uncoupled,flat,95,5.926956143032233,4.8396247455483135,6.966830766238468,5.866902360368639,1.2539486476955746,30
ege,phi,uncoupled,flat,96,5.926956143032233,4.8396247455483135,7.124378204249627,5.888478331915762,1.2780582634672848,30
ege,phi,uncoupled,flat,97,5.926956143032233,4.8396247455483135,7.171308379877295,5.905166989128817,1.291123697022866,30
ege,phi,uncoupled,flat,98,5.926956143032233,4.8396247455483135,7.187524149116047,5.916934730271556,1.2909084370727373,30
ege,phi,uncoupled,flat,99,5.948404674299665,5.016269653907117,7.187524149116047,5.961212415540996,1.2637330745941515,30
ege,phi,uncoupled,flat,100,6.1376623323338535,5.144698954055566,7.187524149116047,6.008986530460621,1.245008910658789,30
ege,phi,uncoupled,flat,101,6.274981221895603,5.144698954055566,7.187524149116047,6.04090420086466,1.2368558549669997,30
ege,phi,uncoupled,flat,102,6.314949301605591,5.146891384830501,7.217562065988841,6.055348116191285,1.2397055379338846,30
ege,phi,uncoupled,flat,103,6.314949301605591,5.148213302979707,7.217562065988841,6.063830899067994,1.240181345789922,30
ege,phi,uncoupled,flat,104,6.314949301605591,5.191633349678197,7.226188046989708,6.0992066574918935,1.223844382035216,30
ege,phi,uncoupled,flat,105,6.3326390400940475,5.191633349678197,7.226188046989708,6.102797912935707,1.2265050241224622,30
ege,phi,uncoupled,flat,106,6.3326390400940475,5.300904283419933,7.226188046989708,6.121415417686671,1.217298110478057,30
ege,phi,uncoupled,flat,107,6.394747160146312,5.300904283419933,7.226188046989708,6.137354277098931,1.2312097319633712,30
ege,phi,uncoupled,flat,108,6.398669889076213,5.332319180911394,7.226188046989708,6.161455074242698,1.2283143969688093,30
ege,phi,uncoupled,flat,109,6.403114958459909,5.623070831599261,7.226188046989708,6.1937906060650985,1.2084918534203182,30
ege,phi,uncoupled,flat,110,6.421048426385575,5.623070831599261,7.226188046989708,6.208604632855306,1.2020717861532437,30
ege,phi,uncoupled,flat,111,6.451464059839129,5.623070831599261,7.226188046989708,6.259471479230492,1.14671422732987,30
ege,phi,uncoupled,flat,112,6.451464059839129,5.623070831599261,7.226188046989708,6.269922069373634,1.1413784574640558,30
ege,phi,uncoupled,flat,113,6.514558628656122,5.623070831599261,7.262621399863209,6.302344285897045,1.1469333622974232,30
ege,phi,uncoupled,flat,114,6.5295604015037085,5.623070831599261,7.285608667622363,6.309715757486444,1.1499424680975858,30
ege,phi,uncoupled,flat,115,6.5295604015037085,5.623070831599261,7.296861461518966,6.316681914520607,1.1511469493543969,30
ege,phi,uncoupled,flat,116,6.546635835762661,5.623070831599261,7.335378455167442,6.337055175356491,1.1521140512480732,30
ege,phi,uncoupled,flat,117,6.55304957140009,5.623070831599261,7.335378455167442,6.377495991837191,1.1523706295519258,30
ege,phi,uncoupled,flat,118,6.568388643149764,5.700542531117868,7.346446298464105,6.429277024768195,1.1133826783505971,30
ege,phi,uncoupled,flat,119,6.619328162116099,5.729360240345964,7.434123336261826,6.46178936310525,1.1321754648794928,30
ege,phi,uncoupled,flat,120,6.619328162116099,5.729981842119411,7.448538672708365,6.476316699318884,1.1267954316737923,30
ege,phi,uncoupled,flat,121,6.619328162116099,5.7684975614250735,7.453023848708349,6.496657692886763,1.1356543312073246,30
ege,phi,uncoupled,flat,122,6.708006641425813,5.7684975614250735,7.474348841420637,6.536420899574318,1.150024960317249,30
ege,phi,uncoupled,flat,123,6.708006641425813,5.7684975614250735,7.529288409754645,6.543313860901079,1.1507006593184788,30
ege,phi,uncoupled,flat,124,6.722190011293716,5.846736458532827,7.5722457625347195,6.592156879466902,1.0885260145240925,30
ege,phi,uncoupled,flat,125,6.784894249137934,5.846736458532827,7.5722457625347195,6.621977470055561,1.0878859686320153,30
ege,phi,uncoupled,flat,126,6.848838604334916,5.846736458532827,7.595149736433411,6.656527205725008,1.0738785798673376,30
ege,phi,uncoupled,flat,127,6.863334845957272,5.877485831993945,7.6017520392014175,6.699672705807772,1.0747516181849681,30
ege,phi,uncoupled,flat,128,6.8863728489540055,5.885042808440495,7.6258647743867,6.711971388399705,1.0689426902540806,30
ege,phi,uncoupled,flat,129,6.899803278448938,5.885042808440495,7.6258647743867,6.7259386192560235,1.067954643388655,30
ege,phi,uncoupled,flat,130,6.966068664495628,6.013433428745847,7.6258647743867,6.746420809793021,1.0704320227919577,30
ege,phi,uncoupled,flat,131,6.966068664495628,6.013433428745847,7.6258647743867,6.7628085323199025,1.0652142800816815,30
ege,phi,uncoupled,flat,132,6.966068664495628,6.013433428745847,7.626519538959016,6.78963045131348,1.039730753144395,30
ege,phi,uncoupled,flat,133,6.991162226458762,6.027290364801172,7.626519538959016,6.804132533445648,1.0189380856289323,30
ege,phi,uncoupled,flat,134,6.991162226458762,6.045244230036228,7.718291190376228,6.826856303721919,1.0238015954767465,30
ege,phi,uncoupled,flat,135,6.991162226458762,6.185358449370526,7.721852008965742,6.840912080297116,1.0180624132439766,30
ege,phi,uncoupled,flat,136,7.021985593226498,6.192382558000175,7.729568772737675,6.872522094536134,1.0316064326200136,30
ege,phi,uncoupled,flat,137,7.021985593226498,6.192382558000175,7.790939933368962,6.8946961740516395,1.0518239185718734,30
ege,phi,uncoupled,flat,138,7.066780104019619,6.192382558000175,7.790939933368962,6.907586192284168,1.0616746585325054,30
ege,phi,uncoupled,flat,139,7.1100712006670665,6.192382558000175,7.838511540547026,6.920787023463556,1.0667497263459498,30
ege,phi,uncoupled,flat,140,7.1100712006670665,6.192382558000175,7.838511540547026,6.938894718282096,1.0832683950626574,30
ege,phi,uncoupled,flat,141,7.1100712006670665,6.192382558000175,7.874466161924905,6.944284642818033,1.08506968900544,30
ege,phi,uncoupled,flat,142,7.12941506999113,6.21950519174153,7.8933864014771995,6.965813631429269,1.091694749615796,30
ege,phi,uncoupled,flat,143,7.12941506999113,6.21950519174153,7.8933864014771995,6.971042756394595,1.0958395996910615,30
ege,phi,uncoupled,flat,144,7.1612490190219855,6.219851746990521,7.8933864014771995,6.978974749562943,1.0912570717720467,30
ege,phi,uncoupled,flat,145,7.163818903892704,6.219851746990521,7.8933864014771995,6.9835082102359545,1.0922785271745081,30
ege,phi,uncoupled,flat,146,7.2031621890686335,6.225884490632232,7.918643989776299,7.0032063542585705,1.0799789437696086,30
ege,phi,uncoupled,flat,147,7.2031621890686335,6.225884490632232,7.987253848492535,7.02874543978366,1.0714598361483891,30
ege,phi,uncoupled,flat,148,7.224741062522636,6.225884490632232,7.997770198019038,7.035699063528839,1.074040505190352,30
ege,phi,uncoupled,flat,149,7.224741062522636,6.225884490632232,7.997770198019038,7.048730028702097,1.0693035889578038,30
ege,phi,uncoupled,flat,150,7.224741062522636,6.2284500558447125,7.997770198019038,7.06445367032626,1.0806293615546638,30
ege,phi,uncoupled,flat,151,7.224741062522636,6.2284500558447125,8.01152918746211,7.084630172757638,1.0878838995373905,30
ege,phi,uncoupled,flat,152,7.224741062522636,6.2284500558447125,8.01152918746211,7.088411828361995,1.0862456023802514,30
ege,phi,uncoupled,flat,153,7.243111614408646,6.41620401395071,8.019559894747484,7.1119169592852325,1.0778810730261426,30
ege,phi,uncoupled,flat,154,7.243111614408646,6.41620401395071,8.019559894747484,7.121517446061795,1.0784471816383114,30
ege,phi,uncoupled,flat,155,7.243508461740389,6.41620401395071,8.019559894747484,7.125725930113958,1.083759544983329,30
ege,phi,uncoupled,flat,156,7.243508461740389,6.41620401395071,8.025610807552415,7.129495495497587,1.0849471111144677,30
ege,phi,uncoupled,flat,157,7.279825997657411,6.429736807395474,8.025610807552415,7.139429457061478,1.0793215345121165,30
ege,phi,uncoupled,flat,158,7.339555687662855,6.429736807395474,8.025610807552415,7.150858407144766,1.0790681211732014,30
ege,phi,uncoupled,flat,159,7.340618606109263,6.429736807395474,8.025610807552415,7.152862309189231,1.0779645615472113,30
ege,phi,uncoupled,flat,160,7.340618606109263,6.443375128198061,8.025610807552415,7.1620743670291205,1.0752277472064555,30
ege,phi,uncoupled,flat,161,7.351945913975698,6.443375128198061,8.025610807552415,7.165490703238002,1.0773649742753793,30
ege,phi,uncoupled,flat,162,7.351945913975698,6.4445513342510745,8.071946322002491,7.173467347869416,1.0818228590105183,30
ege,phi,uncoupled,flat,163,7.351945913975698,6.448070880676239,8.073710509567086,7.179960116766394,1.0883899926760103,30
ege,phi,uncoupled,flat,164,7.351945913975698,6.448070880676239,8.074865137337792,7.181788772525746,1.0891664630872995,30
ege,phi,uncoupled,flat,165,7.351945913975698,6.448070880676239,8.107010748277334,7.200512274729957,1.098627615445715,30
ege,phi,uncoupled,flat,166,7.368356996156718,6.451717810068191,8.129220554971614,7.214450675548562,1.0926098293851314,30
ege,phi,uncoupled,flat,167,7.368356996156718,6.451740109040086,8.129220554971614,7.221679284017608,1.0924408148509328,30
ege,phi,uncoupled,flat,168,7.368356996156718,6.451740109040086,8.129220554971614,7.226767013164594,1.0954205421921366,30
ege,phi,uncoupled,flat,169,7.368356996156718,6.478641132495438,8.129220554971614,7.234994009358674,1.0986108729212323,30
ege,phi,uncoupled,flat,170,7.368356996156718,6.485985342468259,8.131269309948202,7.241954744323051,1.1042235550005375,30
ege,phi,uncoupled,flat,171,7.368360917559235,6.499146361744522,8.131269309948202,7.252807404120887,1.1069690914403372,30
ege,phi,uncoupled,flat,172,7.375197947523029,6.499146361744522,8.131269309948202,7.258013660687516,1.1089054756599135,30
ege,phi,uncoupled,flat,173,7.375197947523029,6.499146361744522,8.131269309948202,7.262713592653626,1.108459724289462,30
ege,phi,uncoupled,flat,174,7.394398118135296,6.499146361744522,8.13656117399252,7.272351795630144,1.1002392036562105,30
ege,phi,uncoupled,flat,175,7.394398118135296,6.504795230819741,8.179884674058508,7.277320144009012,1.1021102262382838,30
ege,phi,uncoupled,flat,176,7.394398118135296,6.504795230819741,8.18537973608235,7.287171639436375,1.1055631881772754,30
ege,phi,uncoupled,flat,177,7.397857936238852,6.50994747957165,8.18537973608235,7.291793882959013,1.1039906258948196,30
ege,phi,uncoupled,flat,178,7.397857936238852,6.50994747957165,8.18537973608235,7.295611321402243,1.1011594001937777,30
ege,phi,uncoupled,flat,179,7.397857936238852,6.546185102805633,8.20585033445464,7.3023829886682545,1.1031606734058925,30
ege,phi,uncoupled,flat,180,7.397857936238852,6.546185102805633,8.20585033445464,7.318311076788986,1.0966764301048082,30
ege,phi,uncoupled,flat,181,7.397857936238852,6.569859481927974,8.20585033445464,7.323892006850974,1.0964647512254366,30
ege,phi,uncoupled,flat,182,7.4251816341317145,6.627585430964173,8.20585033445464,7.335863928194836,1.0857340801484565,30
ege,phi,uncoupled,flat,183,7.4395227255853245,6.627585430964173,8.20585033445464,7.344431904251044,1.0770159830499408,30
ege,phi,uncoupled,flat,184,7.4395227255853245,6.649057514518722,8.20585033445464,7.349489502125306,1.0771708267465328,30
ege,phi,uncoupled,flat,185,7.4395227255853245,6.649057514518722,8.20585033445464,7.359101361731446,1.0661509554028374,30
ege,phi,uncoupled,flat,186,7.4465576248314,6.649057514518722,8.20585033445464,7.362159316254408,1.0646291131239265,30
ege,phi,uncoupled,flat,187,7.4465576248314,6.649057514518722,8.208936543838876,7.368702279823945,1.055785392113226,30
ege,phi,uncoupled,flat,188,7.459928315430522,6.649057514518722,8.210051028747461,7.381235971976713,1.06021982011552,30
ege,phi,uncoupled,flat,189,7.4712267630047675,6.649057514518722,8.232169228586711,7.386381966718969,1.057046971404548,30
ege,phi,uncoupled,flat,190,7.491194858807921,6.666663763824989,8.232169228586711,7.396559478057112,1.0596079463213632,30
ege,phi,uncoupled,flat,191,7.491194858807921,6.673233062124916,8.232169228586711,7.400559849436429,1.0578953758644831,30
ege,phi,uncoupled,flat,192,7.491194858807921,6.702735678104552,8.232169228586711,7.406544801099874,1.053557638331264,30
ege,phi,uncoupled,flat,193,7.491194858807921,6.713969290286311,8.241893132229775,7.414852196853671,1.0525009862388248,30
ege,phi,uncoupled,flat,194,7.4991945765480645,6.713969290286311,8.241893132229775,7.419976072152193,1.0511368710897229,30
ege,phi,uncoupled,flat,195,7.506103931453897,6.713969290286311,8.248130599531466,7.43371676301975,1.0478439094070482,30
ege,phi,uncoupled,flat,196,7.5116982264240795,6.713969290286311,8.251278632214795,7.445105639652671,1.0406579715856064,30
ege,phi,uncoupled,flat,197,7.512069491042996,6.713969290286311,8.261508886024219,7.457377030305322,1.0410476888181912,30
ege,phi,uncoupled,flat,198,7.5149201687224565,6.713969290286311,8.261508886024219,7.469073604818147,1.0383215619412547,30
ege,phi,uncoupled,flat,199,7.529215712627014,6.713969290286311,8.286520972203121,7.476685940352231,1.0395297069719114,30
ege,phi,uncoupled,flat,200,7.529215712627014,6.713969290286311,8.286520972203121,7.482570576862042,1.039187041858359,30
ege,phi,uncoupled,flat,201,7.54429638277597,6.713969290286311,8.290501990815265,7.486425116033782,1.0393860502329033,30
ege,phi,uncoupled,flat,202,7.54429638277597,6.713969290286311,8.290501990815265,7.489425754280731,1.0407916713139345,30
ege,phi,uncoupled,flat,203,7.54429638277597,6.713969290286311,8.302095005411207,7.49286981078495,1.0416672151375208,30
ege,phi,uncoupled,flat,204,7.549397771611939,6.713969290286311,8.302095005411207,7.501340520161947,1.0342149070601068,30
ege,phi,uncoupled,flat,205,7.549397771611939,6.713969290286311,8.302095005411207,7.5045250355602455,1.0358548649596848,30
ege,phi,uncoupled,flat,206,7.55481425320176,6.716196850515731,8.302095005411207,7.507799358257779,1.0355058602326768,30
ege,phi,uncoupled,flat,207,7.55481425320176,6.716196850515731,8.302095005411207,7.513594179207355,1.031416646911814,30
ege,phi,uncoupled,flat,208,7.55481425320176,6.716196850515731,8.302095005411207,7.514503234952536,1.0314953267415854,30
ege,phi,uncoupled,flat,209,7.55481425320176,6.716196850515731,8.302095005411207,7.518026678985339,1.0298316225623103,30
ege,phi,uncoupled,flat,210,7.555655409948618,6.716196850515731,8.305618203859343,7.523877253934467,1.0258987447770325,30
ege,phi,uncoupled,flat,211,7.555655409948618,6.716196850515731,8.325587087137388,7.528438214198129,1.0252723697689508,30
ege,phi,uncoupled,flat,212,7.555655409948618,6.718361267822965,8.342852879139382,7.530111611556566,1.0252927984496505,30
ege,phi,uncoupled,flat,213,7.561192882261254,6.750425242040751,8.347620049735415,7.534333857621997,1.0245807831228781,30
ege,phi,uncoupled,flat,214,7.572613696744952,6.750425242040751,8.347620049735415,7.539928125755085,1.023005498689913,30
ege,phi,uncoupled,flat,215,7.581631304734165,6.750425242040751,8.37211827706225,7.546251730716871,1.0267219782076407,30
ege,phi,uncoupled,flat,216,7.603256855047725,6.753676479194284,8.37211827706225,7.553660573542144,1.0219387573914929,30
ege,phi,uncoupled,flat,217,7.603256855047725,6.753676479194284,8.37211827706225,7.560637521021539,1.0152343051524506,30
ege,phi,uncoupled,flat,218,7.603256855047725,6.753676479194284,8.37211827706225,7.565532216052179,1.0139849799960248,30
ege,phi,uncoupled,flat,219,7.603256855047725,6.761158640417258,8.37211827706225,7.568092022935774,1.013636644936839,30
ege,phi,uncoupled,flat,220,7.613004845846779,6.774056446846567,8.37211827706225,7.5708768847160774,1.0119901350236051,30
ege,phi,uncoupled,flat,221,7.613004845846779,6.774056446846567,8.37211827706225,7.5732408015175885,1.0104049818404996,30
ege,phi,uncoupled,flat,222,7.61464702893528,6.774056446846567,8.408649167531497,7.576242317086605,1.0120961988578683,30
ege,phi,uncoupled,flat,223,7.615051302123064,6.781247572265952,8.408649167531497,7.5793732534002265,1.0137980033119298,30
ege,phi,uncoupled,flat,224,7.627380778011238,6.782061093388254,8.446061258454733,7.590023260478588,1.010922980320883,30
ege,phi,uncoupled,flat,225,7.640162162253455,6.782061093388254,8.446061258454733,7.599860709312877,0.9982100954103686,30
ege,phi,uncoupled,flat,226,7.641830054466462,6.782061093388254,8.446061258454733,7.602268700135757,0.9995853944169357,30
ege,phi,uncoupled,flat,227,7.649248131422196,6.782651357638426,8.446061258454733,7.608736010528508,0.9975932677679188,30
ege,phi,uncoupled,flat,228,7.650364819047691,6.793942065665641,8.446061258454733,7.613229739832435,0.994799813449816,30
ege,phi,uncoupled,flat,229,7.655986226369189,6.798959027090454,8.446389597173596,7.618693525255343,0.9943910725938739,30
ege,phi,uncoupled,flat,230,7.67076383588497,6.81763997402257,8.446389597173596,7.622748935102663,0.9922929350573441,30
ege,phi,uncoupled,flat,231,7.680542175258502,6.81763997402257,8.446389597173596,7.624135695363772,0.9918071779322369,30
ege,phi,uncoupled,flat,232,7.69421860548053,6.81763997402257,8.446389597173596,7.628085638173412,0.9930895313870031,30
ege,phi,uncoupled,flat,233,7.706134589134706,6.81763997402257,8.446389597173596,7.632355644971365,0.9936943513984393,30
ege,phi,uncoupled,flat,234,7.706134589134706,6.81763997402257,8.446389597173596,7.633047839138356,0.9934230555393602,30
ege,phi,uncoupled,flat,235,7.708874262461325,6.81763997402257,8.446389597173596,7.6387961735240335,0.9930004081923816,30
ege,phi,uncoupled,flat,236,7.715045946782276,6.81763997402257,8.446389597173596,7.64199594701701,0.9925401843942707,30
ege,phi,uncoupled,flat,237,7.720487919781178,6.822476841126092,8.451443553138422,7.650120579302457,0.9929323127830935,30
ege,phi,uncoupled,flat,238,7.73601801431656,6.834275371570598,8.451443553138422,7.6675053852975275,0.9595763978057307,30
ege,phi,uncoupled,flat,239,7.758764464052795,6.83488474224865,8.451443553138422,7.670350752685094,0.9588566617375647,30
ege,phi,uncoupled,flat,240,7.758764464052795,6.83488474224865,8.451443553138422,7.671950686854317,0.9572521781102323,30
ege,phi,uncoupled,flat,241,7.760782425360086,6.83488474224865,8.451443553138422,7.672538199520627,0.9574577577240269,30
ege,phi,uncoupled,flat,242,7.760782425360086,6.843451817189916,8.451892844357939,7.6758635224111895,0.957184210349216,30
ege,phi,uncoupled,flat,243,7.760782425360086,6.848066599127631,8.470099511977702,7.678585033099275,0.9570997687303333,30
ege,phi,uncoupled,flat,244,7.765968416705775,6.848066599127631,8.4718028269113,7.68612210448263,0.9506615518414527,30
ege,phi,uncoupled,flat,245,7.769422251640526,6.848066599127631,8.4718028269113,7.687098860172079,0.950360435402793,30
ege,phi,uncoupled,flat,246,7.769441728829066,6.857585825160158,8.4718028269113,7.6928499581459535,0.9546322955741922,30
ege,phi,uncoupled,flat,247,7.770774088237551,6.865224760379897,8.4718028269113,7.694969137712603,0.9541414148451222,30
ege,phi,uncoupled,flat,248,7.773092404085386,6.865224760379897,8.4718028269113,7.695543469424165,0.9545840730871967,30
ege,phi,uncoupled,flat,249,7.778258790070589,6.869320109929838,8.4718028269113,7.697429060469646,0.9545122227650975,30
ege,phi,uncoupled,flat,250,7.778258790070589,6.869320109929838,8.4718028269113,7.6980382323206165,0.9546564680166661,30
ege,phi,uncoupled,flat,251,7.778258790070589,6.869320109929838,8.4718028269113,7.699510868597119,0.9544999565989878,30
ege,phi,uncoupled,flat,252,7.778258790070589,6.869320109929838,8.472655896261214,7.700851402626411,0.9552087971777815,30
ege,phi,uncoupled,flat,253,7.778258790070589,6.8716615104315855,8.472655896261214,7.702938472979123,0.9541558243536846,30
ege,phi,uncoupled,flat,254,7.788506248523617,6.874817048023052,8.472655896261214,7.705677279118929,0.9543195405153273,30
ege,phi,uncoupled,flat,255,7.788563595540366,6.913060297880766,8.472655896261214,7.710171248294704,0.9528496119399195,30
ege,phi,uncoupled,flat,256,7.788563595540366,6.913060297880766,8.472655896261214,7.712624507802922,0.9531081452011324,30
ege,phi,uncoupled,flat,257,7.792620511672357,6.913060297880766,8.472655896261214,7.714957012112058,0.9504127831781296,30
ege,phi,uncoupled,flat,258,7.800974621155936,6.924629965369509,8.478223784519832,7.719018585425749,0.9486726336130481,30
ege,phi,uncoupled,flat,259,7.800974621155936,6.98403457316128,8.478223784519832,7.723544923009986,0.9478510805240111,30
ege,phi,uncoupled,flat,260,7.800974621155936,7.001435669956105,8.478223784519832,7.727091152834693,0.9473260198509355,30
ege,phi,uncoupled,flat,261,7.804216622749161,7.001435669956105,8.478223784519832,7.730408873054795,0.948209316349637,30
ege,phi,uncoupled,flat,262,7.805331983933964,7.01472724679075,8.478223784519832,7.733806429875761,0.9464287327867887,30
ege,phi,uncoupled,flat,263,7.806591706177738,7.01472724679075,8.478223784519832,7.736317458437147,0.9435816391722047,30
ege,phi,uncoupled,flat,264,7.806591706177738,7.01472724679075,8.478223784519832,7.736459632478832,0.9437578585138164,30
ege,phi,uncoupled,flat,265,7.806591706177738,7.028923178608442,8.478362188895993,7.738492702060573,0.9423656568533424,30
ege,phi,uncoupled,flat,266,7.806591706177738,7.028923178608442,8.501241430382898,7.7419396059865555,0.9436581069412906,30
ege,phi,uncoupled,flat,267,7.808356164355514,7.02942190464959,8.503738935713784,7.750214992221654,0.9407459463051663,30
ege,phi,uncoupled,flat,268,7.809905204152832,7.041443233906529,8.503738935713784,7.751284060071023,0.9402231319259463,30
ege,phi,uncoupled,flat,269,7.809905204152832,7.041443233906529,8.503738935713784,7.7518581930731045,0.9399235466144369,30
ege,phi,uncoupled,flat,270,7.815019857093695,7.042916784449541,8.503738935713784,7.753324492137208,0.939066530144054,30
ege,phi,uncoupled,flat,271,7.815019857093695,7.042916784449541,8.503738935713784,7.75425266214986,0.939248189729287,30
ege,phi,uncoupled,flat,272,7.816831927821606,7.044111880838603,8.505157110259155,7.755670195299634,0.9391437109612458,30
ege,phi,uncoupled,flat,273,7.816831927821606,7.044287372957823,8.51580330084469,7.7563582477620505,0.9394827588651812,30
ege,phi,uncoupled,flat,274,7.816831927821606,7.044287372957823,8.51580330084469,7.758161153702943,0.9398116766308943,30
ege,phi,uncoupled,flat,275,7.816831927821606,7.044287372957823,8.51580330084469,7.759251738453569,0.9376066455103654,30
ege,phi,uncoupled,flat,276,7.816844856903428,7.044893024620945,8.51580330084469,7.759863265455254,0.9378890624539669,30
ege,phi,uncoupled,flat,277,7.816844856903428,7.047867389840759,8.51580330084469,7.7608989089097005,0.9380473133813283,30
ege,phi,uncoupled,flat,278,7.818484193250513,7.047867389840759,8.525512196630848,7.762742323820265,0.9384068931096193,30
ege,phi,uncoupled,flat,279,7.8188490734746345,7.047867389840759,8.525512196630848,7.763552738480584,0.9388406562660407,30
ege,phi,uncoupled,flat,280,7.8188490734746345,7.0569088578953805,8.525512196630848,7.764734595305082,0.9388016298881602,30
ege,phi,uncoupled,flat,281,7.8188490734746345,7.0569088578953805,8.525512196630848,7.765281702986273,0.9384946987093704,30
ege,phi,uncoupled,flat,282,7.822461947465222,7.0569088578953805,8.525512196630848,7.767179476311528,0.93809617513451,30
ege,phi,uncoupled,flat,283,7.823324993836139,7.062039371217234,8.525512196630848,7.767937218936383,0.9376173124950091,30
ege,phi,uncoupled,flat,284,7.823324993836139,7.064067088278733,8.525512196630848,7.769103743509588,0.9378774714220482,30
ege,phi,uncoupled,flat,285,7.823324993836139,7.06825956582877,8.525512196630848,7.770446468253061,0.9385724503794763,30
ege,phi,uncoupled,flat,286,7.826100597427313,7.071401511725055,8.525512196630848,7.773802479176086,0.9344536376880148,30
ege,phi,uncoupled,flat,287,7.826100597427313,7.071401511725055,8.525512196630848,7.775802223780614,0.9337206230135134,30
ege,phi,uncoupled,flat,288,7.826100597427313,7.071401511725055,8.526265339147175,7.778350910385251,0.9323322733771986,30
ege,phi,uncoupled,flat,289,7.826100597427313,7.071401511725055,8.526265339147175,7.781796480651283,0.9300029386779699,30
ege,phi,uncoupled,flat,290,7.829516849114691,7.074740065008941,8.526265339147175,7.795043671334342,0.9081627071807798,30
ege,phi,uncoupled,flat,291,7.83262845221022,7.074740065008941,8.526265339147175,7.795963450478197,0.9077336210817202,30
ege,phi,uncoupled,flat,292,7.8343761184596,7.074740065008941,8.526479590810217,7.796878171506171,0.9068503699376138,30
ege,phi,uncoupled,flat,293,7.835362067077796,7.074740065008941,8.52653492799054,7.79754841420601,0.9070194340519209,30
ege,phi,uncoupled,flat,294,7.835362067077796,7.077780973765894,8.52653492799054,7.799411952794229,0.9034354813529872,30
ege,phi,uncoupled,flat,295,7.83762906388886,7.082346736878044,8.52653492799054,7.800778929116171,0.9035361894066782,30
ege,phi,uncoupled,flat,296,7.83762906388886,7.082346736878044,8.526561847077849,7.8010886456977095,0.9037007478694088,30
ege,phi,uncoupled,flat,297,7.83762906388886,7.085578484343477,8.526561847077849,7.809582795428779,0.890287741528272,30
ege,phi,uncoupled,flat,298,7.83762906388886,7.090500593452497,8.526561847077849,7.810135129108127,0.8896175735777291,30
ege,phi,uncoupled,flat,299,7.83762906388886,7.090500593452497,8.526561847077849,7.81309734009374,0.8895373977399594,30
ege,phi,uncoupled,flat,300,7.83762906388886,7.092792022895115,8.526561847077849,7.813579048408049,0.8894530469846513,30
ege,phi,uncoupled,rugged,1,1.5146,1.0638,1.8641,1.5068,0.5145,30
ege,phi,uncoupled,rugged,2,1.9228,1.6822,2.3484,2.0788,0.7328,30
ege,phi,uncoupled,rugged,3,2.2817,1.7947,2.8467,2.3102,0.6943,30
ege,phi,uncoupled,rugged,4,2.3559,1.917,2.8789,2.4069,0.6409,30
ege,phi,uncoupled,rugged,5,2.3847,2.0385,2.9027,2.472,0.6383,30
ege,phi,uncoupled,rugged,6,2.4894,2.1721,2.9027,2.5349,0.5819,30
ege,phi,uncoupled,rugged,7,2.6343,2.1764,2.9563,2.6014,0.5913,30
ege,phi,uncoupled,rugged,8,2.6465,2.2903,2.9563,2.6666,0.567,30
ege,phi,uncoupled,rugged,9,2.8179,2.36,3.2504,2.8193,0.6296,30
ege,phi,uncoupled,rugged,10,2.8756,2.4087,3.2504,2.8803,0.5516,30
ege,phi,uncoupled,rugged,11,2.9269,2.5454,3.3127,2.9721,0.5699,30
ege,phi,uncoupled,rugged,12,2.9883,2.6022,3.3743,3.0191,0.586,30
ege,phi,uncoupled,rugged,13,2.9986,2.6896,3.4515,3.0611,0.5797,30
ege,phi,uncoupled,rugged,14,3.0944,2.709,3.52,3.1149,0.606,30
ege,phi,uncoupled,rugged,15,3.1725,2.741,3.5529,3.1504,0.5946,30
ege,phi,uncoupled,rugged,16,3.1992,2.8184,3.5823,3.1863,0.5974,30
ege,phi,uncoupled,rugged,17,3.3022,2.9153,3.6055,3.2811,0.5884,30
ege,phi,uncoupled,rugged,18,3.3123,2.9153,3.6443,3.3256,0.6343,30
ege,phi,uncoupled,rugged,19,3.3123,2.9313,3.6443,3.359,0.5918,30
ege,phi,uncoupled,rugged,20,3.3532,2.966,3.6443,3.394,0.5633,30
ege,phi,uncoupled,rugged,21,3.3532,3.0831,3.6443,3.4312,0.5157,30
ege,phi,uncoupled,rugged,22,3.4015,3.0831,3.6692,3.4711,0.5632,30
ege,phi,uncoupled,rugged,23,3.4167,3.159,3.8324,3.5154,0.57,30
ege,phi,uncoupled,rugged,24,3.4268,3.219,3.9705,3.5644,0.5649,30
ege,phi,uncoupled,rugged,25,3.4268,3.219,3.9705,3.5672,0.5638,30
ege,phi,uncoupled,rugged,26,3.5832,3.2443,3.9705,3.6079,0.5526,30
ege,phi,uncoupled,rugged,27,3.6055,3.2443,4.0596,3.632,0.5585,30
ege,phi,uncoupled,rugged,28,3.6321,3.2443,4.1262,3.6912,0.6247,30
ege,phi,uncoupled,rugged,29,3.6321,3.3319,4.1262,3.7257,0.6584,30
ege,phi,uncoupled,rugged,30,3.6442,3.3319,4.1262,3.7434,0.6683,30
ege,phi,uncoupled,rugged,31,3.6609,3.3319,4.1262,3.7627,0.6765,30
ege,phi,uncoupled,rugged,32,3.8664,3.3319,4.1562,3.7958,0.6713,30
ege,phi,uncoupled,rugged,33,3.8664,3.3319,4.2298,3.8412,0.6601,30
ege,phi,uncoupled,rugged,34,3.8664,3.3898,4.2298,3.8616,0.6877,30
ege,phi,uncoupled,rugged,35,3.9304,3.3898,4.2298,3.9064,0.7318,30
ege,phi,uncoupled,rugged,36,3.9304,3.3898,4.2298,3.9145,0.7497,30
ege,phi,uncoupled,rugged,37,4.0404,3.3898,4.2664,3.9735,0.8132,30
ege,phi,uncoupled,rugged,38,4.0404,3.3898,4.2677,4.0002,0.8577,30
ege,phi,uncoupled,rugged,39,4.0404,3.3974,4.2677,4.0183,0.8527,30
ege,phi,uncoupled,rugged,40,4.0404,3.5484,4.2677,4.0373,0.8377,30
ege,phi,uncoupled,rugged,41,4.1521,3.5859,4.2706,4.094,0.8389,30
ege,phi,uncoupled,rugged,42,4.1521,3.5859,4.4126,4.1281,0.8375,30
ege,phi,uncoupled,rugged,43,4.1521,3.5859,4.4352,4.1472,0.8176,30
ege,phi,uncoupled,rugged,44,4.1521,3.5859,4.4861,4.1631,0.8194,30
ege,phi,uncoupled,rugged,45,4.1764,3.5859,4.5045,4.1915,0.8415,30
ege,phi,uncoupled,rugged,46,4.1764,3.6903,4.5056,4.2122,0.8374,30
ege,phi,uncoupled,rugged,47,4.1819,3.6903,4.6802,4.2621,0.8658,30
ege,phi,uncoupled,rugged,48,4.2604,3.6903,4.8162,4.3069,0.8722,30
ege,phi,uncoupled,rugged,49,4.2699,3.7392,4.877,4.3477,0.8693,30
ege,phi,uncoupled,rugged,50,4.3117,3.7392,4.877,4.3806,0.9093,30
ege,phi,uncoupled,rugged,51,4.3117,3.7392,4.877,4.3849,0.9158,30
ege,phi,uncoupled,rugged,52,4.3182,3.7392,4.877,4.3992,0.927,30
ege,phi,uncoupled,rugged,53,4.364,3.8354,4.877,4.4421,0.9258,30
ege,phi,uncoupled,rugged,54,4.3677,3.8354,4.877,4.445,0.9273,30
ege,phi,uncoupled,rugged,55,4.4537,3.8618,5.1044,4.5194,0.9247,30
ege,phi,uncoupled,rugged,56,4.4537,3.8618,5.1307,4.531,0.93,30
ege,phi,uncoupled,rugged,57,4.4668,3.93,5.1348,4.5597,0.9166,30
ege,phi,uncoupled,rugged,58,4.4668,3.93,5.1348,4.5618,0.9167,30
ege,phi,uncoupled,rugged,59,4.4668,3.93,5.1348,4.5737,0.9275,30
ege,phi,uncoupled,rugged,60,4.4668,3.9408,5.1491,4.6228,0.9572,30
ege,phi,uncoupled,rugged,61,4.4668,4.1392,5.1748,4.658,0.9463,30
ege,phi,uncoupled,rugged,62,4.4668,4.1392,5.1748,4.6838,0.9735,30
ege,phi,uncoupled,rugged,63,4.4913,4.1392,5.1748,4.7101,0.9946,30
ege,phi,uncoupled,rugged,64,4.4913,4.1392,5.2121,4.7117,0.9955,30
ege,phi,uncoupled,rugged,65,4.4913,4.1392,5.2121,4.7231,1.0,30
ege,phi,uncoupled,rugged,66,4.5216,4.1701,5.2121,4.7496,0.9924,30
ege,phi,uncoupled,rugged,67,4.5674,4.1854,5.2945,4.7663,1.0003,30
ege,phi,uncoupled,rugged,68,4.5866,4.1854,5.2945,4.7704,1.001,30
ege,phi,uncoupled,rugged,69,4.6314,4.1854,5.2945,4.7991,0.9998,30
ege,phi,uncoupled,rugged,70,4.6499,4.1854,5.2981,4.8159,1.0063,30
ege,phi,uncoupled,rugged,71,4.7142,4.1854,5.2981,4.839,1.0086,30
ege,phi,uncoupled,rugged,72,4.9155,4.1854,5.3132,4.8757,1.0106,30
ege,phi,uncoupled,rugged,73,4.9399,4.1854,5.423,4.9188,0.9992,30
ege,phi,uncoupled,rugged,74,4.9399,4.2907,5.4785,4.9482,1.0026,30
ege,phi,uncoupled,rugged,75,5.0407,4.2907,5.5626,4.9809,1.0115,30
ege,phi,uncoupled,rugged,76,5.0732,4.2907,5.634,4.9996,1.0213,30
ege,phi,uncoupled,rugged,77,5.0969,4.2907,5.634,5.0093,1.0178,30
ege,phi,uncoupled,rugged,78,5.0969,4.2907,5.634,5.0201,1.0181,30
ege,phi,uncoupled,rugged,79,5.1304,4.2907,5.699,5.0552,1.0392,30
ege,phi,uncoupled,rugged,80,5.1305,4.4297,5.699,5.1002,1.0369,30
ege,phi,uncoupled,rugged,81,5.2516,4.4297,5.7047,5.1411,1.0538,30
ege,phi,uncoupled,rugged,82,5.2706,4.4841,5.7047,5.1621,1.0591,30
ege,phi,uncoupled,rugged,83,5.3473,4.5776,5.7081,5.1801,1.0647,30
ege,phi,uncoupled,rugged,84,5.3473,4.5776,5.7081,5.1966,1.053,30
ege,phi,uncoupled,rugged,85,5.3802,4.5776,5.7081,5.2197,1.0397,30
ege,phi,uncoupled,rugged,86,5.3802,4.5776,5.7081,5.224,1.0387,30
ege,phi,uncoupled,rugged,87,5.3802,4.5776,5.7081,5.2297,1.0334,30
ege,phi,uncoupled,rugged,88,5.4741,4.6142,5.7139,5.2503,1.0352,30
ege,phi,uncoupled,rugged,89,5.4949,4.6142,5.7729,5.2687,1.0242,30
ege,phi,uncoupled,rugged,90,5.4949,4.7716,5.8118,5.286,1.019,30
ege,phi,uncoupled,rugged,91,5.5365,4.7748,5.8118,5.3364,1.0038,30
ege,phi,uncoupled,rugged,92,5.5388,4.7833,5.8245,5.3659,0.9869,30
ege,phi,uncoupled,rugged,93,5.583,4.8584,5.921,5.4073,0.9723,30
ege,phi,uncoupled,rugged,94,5.5966,4.8584,5.921,5.4097,0.9737,30
ege,phi,uncoupled,rugged,95,5.5966,4.8584,5.9375,5.4224,0.97,30
ege,phi,uncoupled,rugged,96,5.5966,4.9963,5.9687,5.4534,0.9731,30
ege,phi,uncoupled,rugged,97,5.6379,5.0482,5.9687,5.4795,0.9715,30
ege,phi,uncoupled,rugged,98,5.6379,5.0482,5.9687,5.5061,0.9173,30
ege,phi,uncoupled,rugged,99,5.6379,5.0482,5.9687,5.5216,0.9252,30
ege,phi,uncoupled,rugged,100,5.6379,5.0482,5.9687,5.5302,0.9239,30
ege,phi,uncoupled,rugged,101,5.7154,5.0482,5.9687,5.5473,0.9321,30
ege,phi,uncoupled,rugged,102,5.7154,5.0776,5.9687,5.5671,0.9359,30
ege,phi,uncoupled,rugged,103,5.7154,5.1701,5.9687,5.5924,0.9381,30
ege,phi,uncoupled,rugged,104,5.7488,5.1701,6.0238,5.617,0.9431,30
ege,phi,uncoupled,rugged,105,5.7907,5.1701,6.1152,5.6395,0.9535,30
ege,phi,uncoupled,rugged,106,5.8763,5.1701,6.1544,5.668,0.9599,30
ege,phi,uncoupled,rugged,107,5.8763,5.1854,6.1544,5.6779,0.9495,30
ege,phi,uncoupled,rugged,108,5.8763,5.1854,6.2424,5.6941,0.9598,30
ege,phi,uncoupled,rugged,109,5.9063,5.2111,6.2424,5.7199,0.9609,30
ege,phi,uncoupled,rugged,110,5.9063,5.2111,6.2912,5.7273,0.9681,30
ege,phi,uncoupled,rugged,111,5.9285,5.2111,6.3113,5.7391,0.9639,30
ege,phi,uncoupled,rugged,112,5.9285,5.2111,6.3217,5.7501,0.9681,30
ege,phi,uncoupled,rugged,113,5.9285,5.2111,6.3217,5.7539,0.9694,30
ege,phi,uncoupled,rugged,114,5.9627,5.2726,6.3264,5.7744,0.9696,30
ege,phi,uncoupled,rugged,115,5.9757,5.2726,6.351,5.8062,0.9697,30
ege,phi,uncoupled,rugged,116,5.9757,5.346,6.351,5.8295,0.9598,30
ege,phi,uncoupled,rugged,117,5.9757,5.3947,6.351,5.8372,0.9631,30
ege,phi,uncoupled,rugged,118,5.982,5.4672,6.3837,5.8652,0.971,30
ege,phi,uncoupled,rugged,119,5.982,5.477,6.3837,5.8769,0.9754,30
ege,phi,uncoupled,rugged,120,6.0146,5.6256,6.4896,5.9166,0.97,30
ege,phi,uncoupled,rugged,121,6.0393,5.7194,6.5191,5.9488,0.9663,30
ege,phi,uncoupled,rugged,122,6.0393,5.7194,6.5191,5.9582,0.9728,30
ege,phi,uncoupled,rugged,123,6.0779,5.7194,6.5191,5.9632,0.9723,30
ege,phi,uncoupled,rugged,124,6.1091,5.7194,6.5191,5.9792,0.9816,30
ege,phi,uncoupled,rugged,125,6.1091,5.7194,6.5191,6.0094,1.0115,30
ege,phi,uncoupled,rugged,126,6.1091,5.7211,6.5191,6.0112,1.0115,30
ege,phi,uncoupled,rugged,127,6.1091,5.7211,6.567,6.0235,1.0002,30
ege,phi,uncoupled,rugged,128,6.1132,5.7211,6.568,6.0241,1.0006,30
ege,phi,uncoupled,rugged,129,6.1293,5.7211,6.568,6.0366,1.0052,30
ege,phi,uncoupled,rugged,130,6.1293,5.7211,6.568,6.041,1.0075,30
ege,phi,uncoupled,rugged,131,6.2122,5.7712,6.585,6.0728,0.9914,30
ege,phi,uncoupled,rugged,132,6.2122,5.7712,6.585,6.0797,0.9847,30
ege,phi,uncoupled,rugged,133,6.2122,5.7806,6.6043,6.0898,0.9858,30
ege,phi,uncoupled,rugged,134,6.2122,5.8122,6.6053,6.1088,0.9809,30
ege,phi,uncoupled,rugged,135,6.2619,5.8122,6.6053,6.1207,0.9862,30
ege,phi,uncoupled,rugged,136,6.2693,5.8122,6.684,6.1272,0.9885,30
ege,phi,uncoupled,rugged,137,6.2758,5.836,6.6858,6.1499,0.989,30
ege,phi,uncoupled,rugged,138,6.3564,5.8462,6.7014,6.1751,0.9943,30
ege,phi,uncoupled,rugged,139,6.3564,5.8601,6.7014,6.182,0.9975,30
ege,phi,uncoupled,rugged,140,6.3564,5.8601,6.7434,6.1973,0.9809,30
ege,phi,uncoupled,rugged,141,6.3564,5.8601,6.7434,6.199,0.9793,30
ege,phi,uncoupled,rugged,142,6.4428,5.8601,6.7434,6.2058,0.9804,30
ege,phi,uncoupled,rugged,143,6.4428,5.8601,6.7943,6.2115,0.9767,30
ege,phi,uncoupled,rugged,144,6.4428,5.8601,6.8132,6.2239,0.9713,30
ege,phi,uncoupled,rugged,145,6.4428,5.9132,6.8132,6.2315,0.9706,30
ege,phi,uncoupled,rugged,146,6.4428,5.9132,6.8132,6.2723,0.921,30
ege,phi,uncoupled,rugged,147,6.4428,5.9132,6.8132,6.2849,0.9007,30
ege,phi,uncoupled,rugged,148,6.4428,5.9132,6.8254,6.2944,0.8972,30
ege,phi,uncoupled,rugged,149,6.4428,5.9132,6.8254,6.2961,0.8971,30
ege,phi,uncoupled,rugged,150,6.5004,5.9178,6.8254,6.31,0.8781,30
ege,phi,uncoupled,rugged,151,6.5004,5.9178,6.8254,6.3174,0.8701,30
ege,phi,uncoupled,rugged,152,6.5049,5.9781,6.8337,6.3719,0.7859,30
ege,phi,uncoupled,rugged,153,6.5623,5.9781,6.8534,6.3862,0.7844,30
ege,phi,uncoupled,rugged,154,6.5976,5.9781,6.8595,6.3993,0.7876,30
ege,phi,uncoupled,rugged,155,6.5976,5.9781,6.8595,6.4066,0.7862,30
ege,phi,uncoupled,rugged,156,6.6013,5.9817,6.8595,6.4114,0.7888,30
ege,phi,uncoupled,rugged,157,6.6013,5.985,6.8974,6.4443,0.825,30
ege,phi,uncoupled,rugged,158,6.6013,5.985,6.9144,6.4504,0.8201,30
ege,phi,uncoupled,rugged,159,6.6088,6.0205,6.9144,6.4547,0.818,30
ege,phi,uncoupled,rugged,160,6.6088,6.0261,6.9144,6.4621,0.8155,30
ege,phi,uncoupled,rugged,161,6.6088,6.0261,6.9161,6.4642,0.8168,30
ege,phi,uncoupled,rugged,162,6.6143,6.0305,6.9161,6.4729,0.8135,30
ege,phi,uncoupled,rugged,163,6.6143,6.0622,6.9621,6.4883,0.8135,30
ege,phi,uncoupled,rugged,164,6.623,6.0622,6.9621,6.4933,0.8188,30
ege,phi,uncoupled,rugged,165,6.623,6.0622,6.9621,6.4997,0.8053,30
ege,phi,uncoupled,rugged,166,6.6388,6.0622,6.9621,6.5046,0.8039,30
ege,phi,uncoupled,rugged,167,6.6388,6.0622,6.9621,6.5108,0.7966,30
ege,phi,uncoupled,rugged,168,6.6558,6.0622,6.9662,6.5226,0.8,30
ege,phi,uncoupled,rugged,169,6.6558,6.0622,6.9814,6.5251,0.7989,30
ege,phi,uncoupled,rugged,170,6.6558,6.0814,6.9935,6.5325,0.7998,30
ege,phi,uncoupled,rugged,171,6.6762,6.0814,6.9935,6.5349,0.7987,30
ege,phi,uncoupled,rugged,172,6.6829,6.0944,6.9935,6.5509,0.7958,30
ege,phi,uncoupled,rugged,173,6.6829,6.0944,6.9953,6.5614,0.7778,30
ege,phi,uncoupled,rugged,174,6.6829,6.1353,7.0005,6.5699,0.7774,30
ege,phi,uncoupled,rugged,175,6.6829,6.1353,7.0005,6.5803,0.7851,30
ege,phi,uncoupled,rugged,176,6.6835,6.1353,7.0005,6.5822,0.7855,30
ege,phi,uncoupled,rugged,177,6.7157,6.1353,7.0005,6.5904,0.7811,30
ege,phi,uncoupled,rugged,178,6.7678,6.2107,7.0005,6.633,0.7293,30
ege,phi,uncoupled,rugged,179,6.7678,6.2107,7.0005,6.6341,0.7285,30
ege,phi,uncoupled,rugged,180,6.7744,6.2107,7.0005,6.6497,0.726,30
ege,phi,uncoupled,rugged,181,6.7744,6.2333,7.0005,6.6591,0.7272,30
ege,phi,uncoupled,rugged,182,6.7744,6.2333,7.0499,6.6701,0.7352,30
ege,phi,uncoupled,rugged,183,6.7744,6.2333,7.0499,6.6706,0.7353,30
ege,phi,uncoupled,rugged,184,6.7744,6.2333,7.0499,6.6802,0.7542,30
ege,phi,uncoupled,rugged,185,6.7926,6.3303,7.0499,6.7058,0.7375,30
ege,phi,uncoupled,rugged,186,6.7926,6.3303,7.0499,6.7217,0.7568,30
ege,phi,uncoupled,rugged,187,6.8332,6.3303,7.2193,6.7596,0.7775,30
ege,phi,uncoupled,rugged,188,6.8473,6.3303,7.2307,6.7641,0.779,30
ege,phi,uncoupled,rugged,189,6.8473,6.3303,7.2307,6.7667,0.7789,30
ege,phi,uncoupled,rugged,190,6.8473,6.3303,7.2307,6.7703,0.779,30
ege,phi,uncoupled,rugged,191,6.8701,6.3571,7.2314,6.778,0.7799,30
ege,phi,uncoupled,rugged,192,6.8701,6.3571,7.2314,6.7811,0.7788,30
ege,phi,uncoupled,rugged,193,6.8701,6.3571,7.2314,6.7816,0.778,30
ege,phi,uncoupled,rugged,194,6.8701,6.3602,7.2314,6.7818,0.7779,30
ege,phi,uncoupled,rugged,195,6.8701,6.3602,7.2314,6.7833,0.776,30
ege,phi,uncoupled,rugged,196,6.8701,6.3602,7.2314,6.7926,0.7689,30
ege,phi,uncoupled,rugged,197,6.8816,6.3985,7.2314,6.7966,0.7691,30
ege,phi,uncoupled,rugged,198,6.8816,6.3985,7.2314,6.801,0.777,30
ege,phi,uncoupled,rugged,199,6.8816,6.4008,7.2314,6.8097,0.7724,30
ege,phi,uncoupled,rugged,200,6.8816,6.4008,7.2314,6.8148,0.7808,30
ege,phi,uncoupled,rugged,201,6.8816,6.4008,7.2314,6.8246,0.7767,30
ege,phi,uncoupled,rugged,202,6.9056,6.4008,7.2314,6.8359,0.7739,30
ege,phi,uncoupled,rugged,203,6.9056,6.4008,7.2314,6.8359,0.7739,30
ege,phi,uncoupled,rugged,204,6.9056,6.4008,7.2314,6.8367,0.7731,30
ege,phi,uncoupled,rugged,205,6.9056,6.4008,7.2413,6.8407,0.7756,30
ege,phi,uncoupled,rugged,206,6.9056,6.4008,7.2413,6.8463,0.7675,30
ege,phi,uncoupled,rugged,207,6.9056,6.4008,7.2413,6.8491,0.7655,30
ege,phi,uncoupled,rugged,208,6.9056,6.411,7.2413,6.8544,0.7574,30
ege,phi,uncoupled,rugged,209,6.9056,6.411,7.2413,6.8544,0.7574,30
ege,phi,uncoupled,rugged,210,6.9056,6.411,7.2413,6.8581,0.764,30
ege,phi,uncoupled,rugged,211,6.9056,6.411,7.2413,6.8645,0.7652,30
ege,phi,uncoupled,rugged,212,6.9056,6.4233,7.2413,6.872,0.7602,30
ege,phi,uncoupled,rugged,213,6.9088,6.4233,7.2566,6.8776,0.7553,30
ege,phi,uncoupled,rugged,214,6.9088,6.4233,7.2566,6.8792,0.7516,30
ege,phi,uncoupled,rugged,215,6.9088,6.4233,7.2566,6.8833,0.7465,30
ege,phi,uncoupled,rugged,216,6.9088,6.4233,7.3184,6.8933,0.7487,30
ege,phi,uncoupled,rugged,217,6.9088,6.4262,7.3184,6.8948,0.7466,30
ege,phi,uncoupled,rugged,218,6.9088,6.4262,7.3184,6.8953,0.7466,30
ege,phi,uncoupled,rugged,219,6.9088,6.4262,7.3184,6.8961,0.7449,30
ege,phi,uncoupled,rugged,220,6.9088,6.4262,7.333,6.9025,0.7454,30
ege,phi,uncoupled,rugged,221,6.9088,6.4296,7.333,6.9029,0.7451,30
ege,phi,uncoupled,rugged,222,6.9088,6.4296,7.333,6.9043,0.7461,30
ege,phi,uncoupled,rugged,223,6.9088,6.4296,7.333,6.9107,0.7556,30
ege,phi,uncoupled,rugged,224,6.9088,6.4296,7.333,6.9133,0.7556,30
ege,phi,uncoupled,rugged,225,6.9088,6.4296,7.333,6.9177,0.7637,30
ege,phi,uncoupled,rugged,226,6.9088,6.4296,7.3442,6.9245,0.773,30
ege,phi,uncoupled,rugged,227,6.9088,6.4296,7.3442,6.9271,0.774,30
ege,phi,uncoupled,rugged,228,6.9088,6.4296,7.3475,6.9279,0.7742,30
ege,phi,uncoupled,rugged,229,6.9088,6.4296,7.3928,6.9306,0.7759,30
ege,phi,uncoupled,rugged,230,6.9088,6.4296,7.4001,6.9357,0.7748,30
ege,phi,uncoupled,rugged,231,6.9088,6.4296,7.4833,6.9485,0.7826,30
ege,phi,uncoupled,rugged,232,6.9088,6.4296,7.4833,6.9496,0.7803,30
ege,phi,uncoupled,rugged,233,6.9088,6.4296,7.4851,6.9497,0.7803,30
ege,phi,uncoupled,rugged,234,6.9088,6.4483,7.5086,6.9564,0.7844,30
ege,phi,uncoupled,rugged,235,6.9088,6.4483,7.5086,6.9658,0.7873,30
ege,phi,uncoupled,rugged,236,6.9224,6.4553,7.5086,6.9678,0.7866,30
ege,phi,uncoupled,rugged,237,6.9224,6.4553,7.5086,6.9703,0.7866,30
ege,phi,uncoupled,rugged,238,6.9224,6.4553,7.5086,6.9703,0.7866,30
ege,phi,uncoupled,rugged,239,6.9224,6.4618,7.5086,6.9706,0.7864,30
ege,phi,uncoupled,rugged,240,6.9224,6.4618,7.5086,6.9706,0.7864,30
ege,phi,uncoupled,rugged,241,6.9224,6.4853,7.5086,6.9737,0.7845,30
ege,phi,uncoupled,rugged,242,6.9224,6.4853,7.5086,6.9765,0.7834,30
ege,phi,uncoupled,rugged,243,6.9224,6.4853,7.5086,6.9861,0.7962,30
ege,phi,uncoupled,rugged,244,6.9224,6.4853,7.5086,6.9966,0.8139,30
ege,phi,uncoupled,rugged,245,6.9224,6.4853,7.5086,6.9967,0.8136,30
ege,phi,uncoupled,rugged,246,6.9224,6.4889,7.5086,6.9984,0.8115,30
ege,phi,uncoupled,rugged,247,6.9224,6.4889,7.5086,7.0037,0.8204,30
ege,phi,uncoupled,rugged,248,6.9224,6.4889,7.5086,7.0037,0.8204,30
ege,phi,uncoupled,rugged,249,6.9224,6.4889,7.5086,7.0091,0.8181,30
ege,phi,uncoupled,rugged,250,6.926,6.4889,7.5086,7.0093,0.818,30
ege,phi,uncoupled,rugged,251,6.926,6.4889,7.5086,7.0119,0.8133,30
ege,phi,uncoupled,rugged,252,6.926,6.4889,7.5086,7.0125,0.8134,30
ege,phi,uncoupled,rugged,253,6.926,6.4889,7.5086,7.0135,0.812,30
ege,phi,uncoupled,rugged,254,6.926,6.4889,7.5086,7.0135,0.812,30
ege,phi,uncoupled,rugged,255,6.926,6.4889,7.5086,7.0135,0.812,30
ege,phi,uncoupled,rugged,256,6.926,6.4889,7.5086,7.0162,0.8184,30
ege,phi,uncoupled,rugged,257,6.926,6.4889,7.5086,7.0162,0.8184,30
ege,phi,uncoupled,rugged,258,6.926,6.4889,7.5086,7.0235,0.8147,30
ege,phi,uncoupled,rugged,259,6.926,6.4889,7.5086,7.0235,0.8148,30
ege,phi,uncoupled,rugged,260,6.926,6.4889,7.5086,7.0403,0.8488,30
ege,phi,uncoupled,rugged,261,6.926,6.4889,7.5086,7.0404,0.8489,30
ege,phi,uncoupled,rugged,262,6.926,6.4901,7.5086,7.0406,0.8487,30
ege,phi,uncoupled,rugged,263,6.926,6.4901,7.5086,7.0406,0.8487,30
ege,phi,uncoupled,rugged,264,6.926,6.4901,7.5086,7.0495,0.8451,30
ege,phi,uncoupled,rugged,265,6.926,6.4901,7.5086,7.05,0.8444,30
ege,phi,uncoupled,rugged,266,6.926,6.4901,7.5086,7.05,0.8444,30
ege,phi,uncoupled,rugged,267,6.926,6.4901,7.5086,7.0542,0.8549,30
ege,phi,uncoupled,rugged,268,6.926,6.4901,7.5086,7.0544,0.8547,30
ege,phi,uncoupled,rugged,269,6.926,6.4901,7.5086,7.0546,0.8544,30
ege,phi,uncoupled,rugged,270,6.926,6.4901,7.5086,7.0551,0.8541,30
ege,phi,uncoupled,rugged,271,6.926,6.4901,7.5086,7.0579,0.8531,30
ege,phi,uncoupled,rugged,272,6.926,6.4901,7.5086,7.0594,0.8526,30
ege,phi,uncoupled,rugged,273,6.926,6.4901,7.5086,7.0597,0.8524,30
ege,phi,uncoupled,rugged,274,6.926,6.5162,7.5086,7.0637,0.8528,30
ege,phi,uncoupled,rugged,275,6.926,6.5167,7.5086,7.0658,0.8499,30
ege,phi,uncoupled,rugged,276,6.9265,6.5167,7.5086,7.0659,0.8499,30
ege,phi,uncoupled,rugged,277,6.9265,6.5167,7.5149,7.0669,0.85,30
ege,phi,uncoupled,rugged,278,6.9265,6.5167,7.5149,7.0751,0.8688,30
ege,phi,uncoupled,rugged,279,6.9585,6.5167,7.5149,7.0803,0.8676,30
ege,phi,uncoupled,rugged,280,6.9585,6.5167,7.5149,7.0803,0.8676,30
ege,phi,uncoupled,rugged,281,6.9585,6.5236,7.5149,7.0812,0.8676,30
ege,phi,uncoupled,rugged,282,6.9585,6.5324,7.5149,7.0816,0.8673,30
ege,phi,uncoupled,rugged,283,6.9585,6.5429,7.5149,7.083,0.8664,30
ege,phi,uncoupled,rugged,284,6.9585,6.5429,7.5149,7.0888,0.8798,30
ege,phi,uncoupled,rugged,285,6.9585,6.5429,7.5149,7.0892,0.88,30
ege,phi,uncoupled,rugged,286,6.9585,6.5429,7.5149,7.0892,0.88,30
ege,phi,uncoupled,rugged,287,6.9585,6.5429,7.5149,7.0897,0.8812,30
ege,phi,uncoupled,rugged,288,6.9585,6.5469,7.5149,7.0898,0.8811,30
ege,phi,uncoupled,rugged,289,6.9585,6.5469,7.5149,7.0936,0.878,30
ege,phi,uncoupled,rugged,290,6.9585,6.5604,7.5149,7.0953,0.877,30
ege,phi,uncoupled,rugged,291,6.9585,6.5604,7.5149,7.0953,0.877,30
ege,phi,uncoupled,rugged,292,6.9662,6.5604,7.5149,7.1028,0.891,30
ege,phi,uncoupled,rugged,293,6.9662,6.5604,7.5149,7.1057,0.8915,30
ege,phi,uncoupled,rugged,294,6.9681,6.5604,7.5149,7.1083,0.8983,30
ege,phi,uncoupled,rugged,295,6.9681,6.5604,7.5149,7.1083,0.8983,30
ege,phi,uncoupled,rugged,296,6.9681,6.5604,7.5149,7.1083,0.8983,30
ege,phi,uncoupled,rugged,297,6.9832,6.5604,7.5149,7.1093,0.8982,30
ege,phi,uncoupled,rugged,298,6.9832,6.5604,7.5149,7.1105,0.8964,30
ege,phi,uncoupled,rugged,299,6.9832,6.5618,7.5149,7.1167,0.8916,30
ege,phi,uncoupled,rugged,300,6.9832,6.5618,7.5149,7.1167,0.8916,30
gecko,base,blf,flat,1,1.8135823827351423,1.5515020153672936,2.0874595715807582,1.8471564498787887,0.5455674319714906,30
gecko,base,blf,flat,2,2.3977297277982124,1.9514145890443302,2.4853116698924667,2.3689244867567365,0.5345493203681599,30
gecko,base,blf,flat,3,2.45746486077814,2.173788066392494,3.094629600010566,2.696077548656094,0.6780616226933778,30
gecko,base,blf,flat,4,2.959679785091266,2.5290341320174763,3.608137570817059,3.0593836386820845,0.7122070766490294,30
gecko,base,blf,flat,5,3.134832971713026,2.689366479265544,3.7019867911489452,3.286368414476928,0.8469106703490797,30
gecko,base,blf,flat,6,3.2221228012454874,2.689366479265544,4.004261840938245,3.4308767205710304,0.8961884304506466,30
gecko,base,blf,flat,7,3.7298375984948677,3.2151191574070475,4.3292007860147965,3.730484332679987,0.84487883519393,30
gecko,base,blf,flat,8,3.9379993603560894,3.3234846040110146,4.480262864232941,3.9517107565060936,0.9205433388682165,30
gecko,base,blf,flat,9,4.0855577229084865,3.431107935085756,4.944758191422602,4.118063393062127,0.9315930185934531,30
gecko,base,blf,flat,10,4.2824197593943305,3.67744826671915,4.944758191422602,4.1673504306163,0.9038696926121307,30
gecko,base,blf,flat,11,4.528253547838856,3.846397432017601,5.066751505158121,4.315380663365338,0.9037181581262046,30
gecko,base,blf,flat,12,4.680875745241396,3.902722511537705,5.095560982370576,4.43077038845079,0.8525888164295802,30
gecko,base,blf,flat,13,4.714527795591117,3.9546202713143193,5.138040354247804,4.536746757363781,0.7400726866372765,30
gecko,base,blf,flat,14,4.9172737809658535,4.38828428840054,5.30150927936347,4.726606426282387,0.7782675971170202,30
gecko,base,blf,flat,15,4.938945958757289,4.449812980314206,5.30150927936347,4.7420818289248325,0.7663201886556686,30
gecko,base,blf,flat,16,4.938945958757289,4.449812980314206,5.30150927936347,4.820518528762389,0.8655747844283508,30
gecko,base,blf,flat,17,5.032731571593285,4.465332167647075,5.410495999323808,4.881502036921784,0.8691722841400152,30
gecko,base,blf,flat,18,5.032731571593285,4.489218968334043,5.462209845514045,4.913729965074172,0.8766592751078178,30
gecko,base,blf,flat,19,5.0484674490625485,4.640165517878308,5.462209845514045,4.996748439872439,0.8929664296582137,30
gecko,base,blf,flat,20,5.0484674490625485,4.642188749982897,5.462209845514045,5.099900462885126,0.9887614277899139,30
gecko,base,blf,flat,21,5.266289105520562,4.689208892695252,5.526688825909319,5.244427399920053,0.8823302890367293,30
gecko,base,blf,flat,22,5.266289105520562,4.689563647620003,5.526688825909319,5.2660566959216295,0.8742444084037381,30
gecko,base,blf,flat,23,5.266289105520562,4.779256695404921,5.856630756045988,5.36995392200656,0.7771782858313858,30
gecko,base,blf,flat,24,5.266289105520562,4.799249806335068,5.868400924343367,5.420318734311064,0.8273610319835499,30
gecko,base,blf,flat,25,5.345224300193523,5.0776650937642565,5.868400924343367,5.512261218872622,0.7948960275127557,30
gecko,base,blf,flat,26,5.3687425428964834,5.199023942340242,6.002767977663895,5.596710043990943,0.8316309793937405,30
gecko,base,blf,flat,27,5.447360415781018,5.199023942340242,6.002767977663895,5.699432346969003,0.9092260236508241,30
gecko,base,blf,flat,28,5.447360415781018,5.199023942340242,6.037219913485404,5.716903099358744,0.9183434618401577,30
gecko,base,blf,flat,29,5.447360415781018,5.260823287856262,6.084611322117938,5.770958270011946,0.9534213580172031,30
gecko,base,blf,flat,30,5.447360415781018,5.260823287856262,6.303047468110186,5.832071305267879,0.9852553973621152,30
gecko,base,blf,flat,31,5.583295766173979,5.290756836831551,6.4062816710988315,5.897031675682397,0.9883249988881497,30
gecko,base,blf,flat,32,5.777991328735334,5.290756836831551,6.516750835489094,5.94599270572114,0.9903552269574514,30
gecko,base,blf,flat,33,5.777991328735334,5.290756836831551,6.516750835489094,5.967741383791128,0.9977422494697232,30
gecko,base,blf,flat,34,5.854244393032962,5.399672194250865,6.587869789897826,6.066434727158728,1.0241021658194884,30
gecko,base,blf,flat,35,5.870908911444378,5.399672194250865,6.604366834308526,6.078228814785755,1.0307466233735132,30
gecko,base,blf,flat,36,5.976254884578653,5.4015697997862215,6.604366834308526,6.104800920549865,1.0251072815120916,30
gecko,base,blf,flat,37,6.240374716978878,5.495017664393715,6.81697523741171,6.2281162336763085,1.0446788147963595,30
gecko,base,blf,flat,38,6.322770791670557,5.495017664393715,6.81697523741171,6.252625444505845,1.0697803277389561,30
gecko,base,blf,flat,39,6.438400794046555,5.495017664393715,6.983447808451813,6.298163333468652,1.0954807594858686,30
gecko,base,blf,flat,40,6.438400794046555,5.495017664393715,7.2098522794484285,6.355216096736671,1.1418555864469293,30
gecko,base,blf,flat,41,6.438400794046555,5.495017664393715,7.2098522794484285,6.435133176452572,1.2737835226980452,30
gecko,base,blf,flat,42,6.549129407979045,5.577597478329277,7.38700879747611,6.530234625739323,1.2537458845631977,30
gecko,base,blf,flat,43,6.549129407979045,5.69844351206061,7.38700879747611,6.569133638407385,1.2300615683406677,30
gecko,base,blf,flat,44,6.675805491157619,5.801576873027285,7.387211259367104,6.662306497258014,1.2356016523892746,30
gecko,base,blf,flat,45,6.675805491157619,5.857099773141474,7.778786497905296,6.744133431000238,1.312852244191878,30
gecko,base,blf,flat,46,6.737185371749316,6.025046485930516,7.829710698827146,6.826731736257943,1.3132832484237813,30
gecko,base,blf,flat,47,6.8874817418032155,6.1206047300319195,7.829710698827146,6.914008923849802,1.332821572698899,30
gecko,base,blf,flat,48,6.8874817418032155,6.191141894664393,7.829710698827146,6.925910080977535,1.327800182118199,30
gecko,base,blf,flat,49,6.8874817418032155,6.191141894664393,7.883163183800956,6.959234593056918,1.3260768640435956,30
gecko,base,blf,flat,50,6.889053916429672,6.236902375769592,7.883163183800956,7.010686846671549,1.3584526025442245,30
gecko,base,blf,flat,51,6.91147341039783,6.273159889397618,8.071847185602474,7.081552835098898,1.3266035949760755,30
gecko,base,blf,flat,52,7.038263913531951,6.310930403867749,8.119602802970972,7.13727323861089,1.303859986495526,30
gecko,base,blf,flat,53,7.0483086103963615,6.310930403867749,8.119602802970972,7.193948412076222,1.341573029552121,30
gecko,base,blf,flat,54,7.236656151997665,6.363161091120341,8.198293006993964,7.261689833955486,1.359171273194316,30
gecko,base,blf,flat,55,7.369183322254771,6.363161091120341,8.24299743135902,7.36868477893428,1.4072676456981752,30
gecko,base,blf,flat,56,7.386311214756766,6.3863243442179325,8.24299743135902,7.3833740315393355,1.4031941276486488,30
gecko,base,blf,flat,57,7.395723311371864,6.5068772006500115,8.759049706995848,7.50252911965633,1.5085228077979025,30
gecko,base,blf,flat,58,7.426676106897391,6.590456219993705,8.996367193663865,7.598623833309893,1.5614773052613755,30
gecko,base,blf,flat,59,7.426676106897391,6.590456219993705,9.141592044786265,7.670906266256398,1.611532983523251,30
gecko,base,blf,flat,60,7.51225574005651,6.590456219993705,9.141592044786265,7.7642610413444535,1.6616697275875738,30
gecko,base,blf,flat,61,7.569621795666169,6.590456219993705,9.211896852081862,7.83198924537258,1.6813556813554036,30
gecko,base,blf,flat,62,7.575942054752213,6.590456219993705,9.211896852081862,7.846739359245515,1.6887653634906632,30
gecko,base,blf,flat,63,7.575942054752213,6.742442926866834,9.221169673146397,7.872461594720604,1.6782833766884389,30
gecko,base,blf,flat,64,7.8370482658016485,7.104142150659446,9.221169673146397,8.041765607513105,1.6996650697325182,30
gecko,base,blf,flat,65,7.8370482658016485,7.161232512003357,9.336060710914698,8.099187005840527,1.7142385957760415,30
gecko,base,blf,flat,66,7.8370482658016485,7.161232512003357,9.336060710914698,8.1932759440414,1.6687593374253278,30
gecko,base,blf,flat,67,7.9354251480240965,7.161232512003357,9.378201864596408,8.231169289513806,1.7007233720856454,30
gecko,base,blf,flat,68,7.9354251480240965,7.161232512003357,9.378201864596408,8.248185117349843,1.7037196747608976,30
gecko,base,blf,flat,69,7.9354251480240965,7.161232512003357,9.562463414381941,8.262808803141827,1.710067109596995,30
gecko,base,blf,flat,70,7.9354251480240965,7.161232512003357,9.562463414381941,8.280832506176576,1.6902247410395965,30
gecko,base,blf,flat,71,7.98497055104266,7.161232512003357,9.562463414381941,8.327116241186513,1.6840838484307346,30
gecko,base,blf,flat,72,7.98497055104266,7.17483517545967,9.741397938779645,8.42418028533809,1.7849833468007361,30
gecko,base,blf,flat,73,8.604123685769737,7.17483517545967,9.741397938779645,8.494404052817282,1.7728086681252557,30
gecko,base,blf,flat,74,8.604123685769737,7.17483517545967,9.783755444576942,8.524451875859972,1.7961601474763402,30
gecko,base,blf,flat,75,8.604123685769737,7.201238408690929,9.783755444576942,8.591148900016115,1.8431153559579923,30
gecko,base,blf,flat,76,8.604123685769737,7.201238408690929,10.299523963835043,8.674542579827149,1.9005762666500514,30
gecko,base,blf,flat,77,8.604123685769737,7.201238408690929,10.299523963835043,8.698479945829781,1.8907036989025632,30
gecko,base,blf,flat,78,8.604123685769737,7.344745503464731,10.299523963835043,8.747002525329695,1.9191331387403063,30
gecko,base,blf,flat,79,8.604123685769737,7.477618333985545,10.299523963835043,8.839628888046072,1.922700709421922,30
gecko,base,blf,flat,80,8.604123685769737,7.477618333985545,10.585364816934138,8.909629513815013,1.946764819849892,30
gecko,base,blf,flat,81,8.604123685769737,7.525389671950761,10.595433669736263,8.93999506712197,1.941088403049814,30
gecko,base,blf,flat,82,8.604123685769737,7.525389671950761,10.595433669736263,8.943656732154853,1.9371023330252657,30
gecko,base,blf,flat,83,8.604123685769737,7.525389671950761,10.83779792626262,8.960579857109812,1.9481256308971109,30
gecko,base,blf,flat,84,8.633184439866838,7.525389671950761,10.94267001965049,9.029563812702722,2.004148384271424,30
gecko,base,blf,flat,85,8.704831007707618,7.533596225255411,11.17411555578207,9.076339878214634,2.031242925225586,30
gecko,base,blf,flat,86,8.704831007707618,7.55532766232639,11.219419888783857,9.104401340609591,2.0304747903879514,30
gecko,base,blf,flat,87,8.704831007707618,7.588137668461594,11.219419888783857,9.127357587352511,2.0186453462627627,30
gecko,base,blf,flat,88,8.704831007707618,7.6007929197619495,11.219419888783857,9.137540417208495,2.0122567290869657,30
gecko,base,blf,flat,89,8.968022935943203,7.662981505763424,11.219419888783857,9.177024841615726,2.0008079267399697,30
gecko,base,blf,flat,90,8.968022935943203,7.663775560704361,11.243429328288256,9.197538362264245,1.9989164046392913,30
gecko,base,blf,flat,91,8.968022935943203,7.673497930138037,11.274978012424285,9.224133308281035,2.003264459962818,30
gecko,base,blf,flat,92,9.061536615696053,7.673497930138037,11.274978012424285,9.245862035400279,1.9865808172056447,30
gecko,base,blf,flat,93,9.087786522620062,7.692685451667675,11.274978012424285,9.263271178212538,1.9814731294043892,30
gecko,base,blf,flat,94,9.087786522620062,7.814786232738671,11.292006562818987,9.30188792644539,1.9704824740974334,30
gecko,base,blf,flat,95,9.087786522620062,7.814786232738671,11.292006562818987,9.312621410697709,1.978668032199538,30
gecko,base,blf,flat,96,9.221193311528406,7.814786232738671,11.292006562818987,9.368907060866588,1.9769391278220994,30
gecko,base,blf,flat,97,9.221193311528406,7.814786232738671,11.31801926592347,9.399321102578279,1.9769125765982443,30
gecko,base,blf,flat,98,9.221193311528406,7.814786232738671,11.319026705873426,9.453564191950711,1.9747931354363288,30
gecko,base,blf,flat,99,9.221193311528406,7.8525878746868045,11.319026705873426,9.469198054131544,1.9720228618497042,30
gecko,base,blf,flat,100,9.443675970545918,7.858909052243721,11.325260177811119,9.505495911342631,1.9863554773296406,30
gecko,base,blf,flat,101,9.529602154312531,7.920797047531702,11.332241890167694,9.528908299576624,1.9949587722881013,30
gecko,base,blf,flat,102,9.529602154312531,7.924763961900745,11.421926389346682,9.553623339104464,1.9978286505026095,30
gecko,base,blf,flat,103,9.682182766212492,7.93855316581087,11.521736813738961,9.599086832197788,2.0089769406110856,30
gecko,base,blf,flat,104,9.746501440231414,8.145897444307833,11.521736813738961,9.635186491391343,1.9845676556472835,30
gecko,base,blf,flat,105,9.746501440231414,8.188116597305337,11.521736813738961,9.665481703475104,1.9891707046630804,30
gecko,base,blf,flat,106,9.746501440231414,8.210800186332833,11.521736813738961,9.67717985917522,1.9798697067908766,30
gecko,base,blf,flat,107,9.746501440231414,8.210800186332833,11.646356725448003,9.715898933327681,2.0014950936703153,30
gecko,base,blf,flat,108,9.746501440231414,8.255753507175136,11.646356725448003,9.750591401388819,1.9764786122260543,30
gecko,base,blf,flat,109,9.746501440231414,8.267535926879798,11.646356725448003,9.755934051054483,1.9756938601882603,30
gecko,base,blf,flat,110,9.852784518315111,8.272410090501396,11.646356725448003,9.784655009169287,1.9869349970389223,30
gecko,base,blf,flat,111,9.852784518315111,8.272410090501396,11.742480394231535,9.823357264395321,2.0219925392309728,30
gecko,base,blf,flat,112,9.852784518315111,8.276171222274238,11.742480394231535,9.839536054005588,2.014886796577769,30
gecko,base,blf,flat,113,9.852784518315111,8.28176776249874,11.742480394231535,9.848265527718619,2.0184983866897066,30
gecko,base,blf,flat,114,9.852784518315111,8.28176776249874,11.742480394231535,9.856489210542874,2.0268550322333594,30
gecko,base,blf,flat,115,9.852784518315111,8.28176776249874,11.762208238583135,9.863121905362952,2.032832938573975,30
gecko,base,blf,flat,116,9.852784518315111,8.28176776249874,11.78712692302866,9.88483633188533,2.0234052738124215,30
gecko,base,blf,flat,117,9.852784518315111,8.28176776249874,11.78712692302866,9.909213387933487,2.0376457146922076,30
gecko,base,blf,flat,118,9.852784518315111,8.28176776249874,11.79478451127684,9.922970991813797,2.034513765924843,30
gecko,base,blf,flat,119,9.852784518315111,8.283924509623496,11.816038818735608,9.934689717544616,2.041084458563153,30
gecko,base,blf,flat,120,9.852784518315111,8.411021803979335,11.853520447293144,9.948972116417622,2.0355933384637788,30
gecko,base,blf,flat,121,9.852784518315111,8.411021803979335,11.853520447293144,9.955843504605722,2.0288265605763653,30
gecko,base,blf,flat,122,9.863529365681185,8.448687193924176,11.906816499329697,9.99356483859765,2.0179073237880254,30
gecko,base,blf,flat,123,9.895844774340098,8.461074489753223,11.919658475473838,10.019791681680427,2.023188200166752,30
gecko,base,blf,flat,124,10.000229257437516,8.482596603599294,11.919658475473838,10.034843439708665,2.0241947127457642,30
gecko,base,blf,flat,125,10.000229257437516,8.49388123415258,11.96782968802387,10.050814315155547,2.029970094854505,30
gecko,base,blf,flat,126,10.041585611168951,8.54993784543281,11.973511233527054,10.08057192675194,2.028565010698405,30
gecko,base,blf,flat,127,10.071475348835705,8.54993784543281,11.997154494331394,10.12196109349617,2.0466827448363567,30
gecko,base,blf,flat,128,10.071475348835705,8.563354689357482,11.997154494331394,10.128419077877538,2.0504113155532933,30
gecko,base,blf,flat,129,10.179082629891688,8.563354689357482,11.997154494331394,10.14744804553278,2.061287936122509,30
gecko,base,blf,flat,130,10.179082629891688,8.565800166352716,11.997154494331394,10.158731596148067,2.074575779145604,30
gecko,base,blf,flat,131,10.179082629891688,8.582294670231134,11.997154494331394,10.165921522055813,2.070686361922175,30
gecko,base,blf,flat,132,10.179082629891688,8.586963829769555,11.997154494331394,10.184514184699346,2.0773650688013556,30
gecko,base,blf,flat,133,10.179082629891688,8.586963829769555,12.000157915896612,10.209487594481093,2.092053305950517,30
gecko,base,blf,flat,134,10.179082629891688,8.640700016621544,12.101036174375913,10.228752879561466,2.09711157540672,30
gecko,base,blf,flat,135,10.179082629891688,8.640700016621544,12.145705754864158,10.239009559386112,2.1006872130519376,30
gecko,base,blf,flat,136,10.180805573178372,8.694187941550716,12.145705754864158,10.249589870180863,2.09406862027724,30
gecko,base,blf,flat,137,10.180805573178372,8.694187941550716,12.157320081330838,10.257539697246244,2.092643440707171,30
gecko,base,blf,flat,138,10.180805573178372,8.694187941550716,12.157320081330838,10.26472628545082,2.0922338782720744,30
gecko,base,blf,flat,139,10.811437768715589,8.694187941550716,12.161864739322223,10.314685390495002,2.0887466596400603,30
gecko,base,blf,flat,140,10.811437768715589,8.727773941720912,12.214858804539189,10.338805024060104,2.1053780502852977,30
gecko,base,blf,flat,141,10.811437768715589,8.75546512265468,12.214858804539189,10.354361179541037,2.110177442567962,30
gecko,base,blf,flat,142,10.811437768715589,8.75546512265468,12.214858804539189,10.356801477360076,2.1105638144203174,30
gecko,base,blf,flat,143,10.811437768715589,8.75546512265468,12.214858804539189,10.367140338274066,2.1152511079008254,30
gecko,base,blf,flat,144,10.811437768715589,8.75546512265468,12.214858804539189,10.37107955644124,2.1138699007367565,30
gecko,base,blf,flat,145,10.811437768715589,8.757027527870743,12.214858804539189,10.375567709205692,2.1170039025565464,30
gecko,base,blf,flat,146,10.811437768715589,8.757027527870743,12.261010387354387,10.38372002317605,2.1156917751261157,30
gecko,base,blf,flat,147,10.811437768715589,8.762207443856688,12.261010387354387,10.387784529857964,2.115021005430258,30
gecko,base,blf,flat,148,10.980196969756893,8.76795340602537,12.26581720379688,10.415611126928658,2.113565262181918,30
gecko,base,blf,flat,149,11.00603404471305,8.790580394734935,12.272274454725116,10.45534748142623,2.0982055764978695,30
gecko,base,blf,flat,150,11.00603404471305,8.790580394734935,12.276994731951612,10.463644875395802,2.1025247269502887,30
gecko,base,blf,flat,151,11.00603404471305,8.797545482991636,12.280076744889248,10.467603970465774,2.104045566029631,30
gecko,base,blf,flat,152,11.00603404471305,8.797545482991636,12.282371506552678,10.479003848058403,2.0993078914769776,30
gecko,base,blf,flat,153,11.163878514180649,8.839718620704964,12.35509711787724,10.510254065194628,2.113325060745095,30
gecko,base,blf,flat,154,11.163878514180649,8.839718620704964,12.365343267509967,10.52270148500968,2.110721674479461,30
gecko,base,blf,flat,155,11.189490154203632,8.842742492390277,12.365343267509967,10.528170052287527,2.1097391377269847,30
gecko,base,blf,flat,156,11.189490154203632,8.842742492390277,12.365343267509967,10.547016270647156,2.114827079283429,30
gecko,base,blf,flat,157,11.189490154203632,8.85243488439541,12.371171984189958,10.558160581420958,2.110913725181179,30
gecko,base,blf,flat,158,11.427235647261549,8.869353973178754,12.423204282945298,10.581599351030158,2.113991028107346,30
gecko,base,blf,flat,159,11.427235647261549,8.872057182322418,12.423204282945298,10.58426087366835,2.114390205462032,30
gecko,base,blf,flat,160,11.427235647261549,8.875825178210695,12.47370567204073,10.599133130481414,2.1143012727016357,30
gecko,base,blf,flat,161,11.430180307007513,8.8986487100256,12.47370567204073,10.60582739804068,2.1117317779828415,30
gecko,base,blf,flat,162,11.430507583820765,8.8986487100256,12.47370567204073,10.607965404609441,2.1095103625285807,30
gecko,base,blf,flat,163,11.430507583820765,8.898937741858159,12.47370567204073,10.625145441079406,2.103082828240287,30
gecko,base,blf,flat,164,11.430507583820765,8.905061395580454,12.47397666695302,10.631783877302048,2.102450274172768,30
gecko,base,blf,flat,165,11.448200911949616,8.905061395580454,12.47397666695302,10.641416286420869,2.1012960678707846,30
gecko,base,blf,flat,166,11.705539604521672,8.905061395580454,12.490705169149543,10.669999771981654,2.1158607553476583,30
gecko,base,blf,flat,167,11.705539604521672,8.905061395580454,12.512664228278474,10.680257946198935,2.1233536497794447,30
gecko,base,blf,flat,168,11.705539604521672,8.905061395580454,12.512664228278474,10.686135734349367,2.1264976905380735,30
gecko,base,blf,flat,169,11.747521348733574,8.905061395580454,12.512664228278474,10.695105115433169,2.1256936676940064,30
gecko,base,blf,flat,170,11.801745710060267,8.918619067814546,12.512664228278474,10.705921506826053,2.126731338625101,30
gecko,base,blf,flat,171,11.801745710060267,8.923119098410574,12.519260516382452,10.71224084676552,2.1272766329197363,30
gecko,base,blf,flat,172,11.801745710060267,8.933438985180215,12.52859818420735,10.719392248992618,2.1323939033088553,30
gecko,base,blf,flat,173,11.852139202918025,8.939355162292568,12.532371932033822,10.735558209246735,2.138815196501133,30
gecko,base,blf,flat,174,11.852139202918025,8.939355162292568,12.532371932033822,10.746814487687477,2.133306581052846,30
gecko,base,blf,flat,175,11.852139202918025,8.939355162292568,12.532371932033822,10.753298236505396,2.135398257122552,30
gecko,base,blf,flat,176,11.852139202918025,8.962016458102292,12.532371932033822,10.762744870419011,2.1412626037335483,30
gecko,base,blf,flat,177,11.852139202918025,8.96233280721865,12.556650865154669,10.777218197316483,2.129160675608023,30
gecko,base,blf,flat,178,11.852139202918025,8.96233280721865,12.563827264328019,10.779827731290965,2.1289102762206475,30
gecko,base,blf,flat,179,11.91048986734247,8.968394561902283,12.564835276545866,10.787658067336348,2.133632003757001,30
gecko,base,blf,flat,180,11.91048986734247,8.968394561902283,12.577613387518372,10.79180475901548,2.135096012508708,30
gecko,base,blf,flat,181,11.91048986734247,8.99706184730239,12.58168929725792,10.795577535755497,2.1363484741131162,30
gecko,base,blf,flat,182,11.91048986734247,8.99706184730239,12.58168929725792,10.80372893075279,2.1396118412155802,30
gecko,base,blf,flat,183,11.91048986734247,9.009885447635702,12.600358884563793,10.808930767171544,2.140533347569804,30
gecko,base,blf,flat,184,11.91048986734247,9.010757029845784,12.600358884563793,10.810163223835168,2.1396914148494863,30
gecko,base,blf,flat,185,11.91048986734247,9.013152894427758,12.600358884563793,10.815925441289785,2.1409672135407143,30
gecko,base,blf,flat,186,11.922685325754907,9.013152894427758,12.600836582037976,10.82128661303735,2.1416275891985044,30
gecko,base,blf,flat,187,11.923620179925233,9.013152894427758,12.600836582037976,10.82946024629545,2.1477602061655263,30
gecko,base,blf,flat,188,12.038282776787355,9.013152894427758,12.600836582037976,10.842548725948662,2.1539340351224534,30
gecko,base,blf,flat,189,12.038958590762677,9.015114383321663,12.600836582037976,10.848637010524255,2.148940369140737,30
gecko,base,blf,flat,190,12.125775075066718,9.019748672289484,12.600836582037976,10.854630744543096,2.151640892366818,30
gecko,base,blf,flat,191,12.125775075066718,9.021440190831656,12.625751103741393,10.85890617859882,2.15468009802552,30
gecko,base,blf,flat,192,12.125775075066718,9.021440190831656,12.625751103741393,10.861260326822626,2.152854932640762,30
gecko,base,blf,flat,193,12.125775075066718,9.028577110511044,12.625751103741393,10.861776997301284,2.152629803885755,30
gecko,base,blf,flat,194,12.125775075066718,9.035190753678737,12.625751103741393,10.867230330903187,2.1516873198911775,30
gecko,base,blf,flat,195,12.125775075066718,9.036049357072837,12.625751103741393,10.869163923619341,2.1535486104793575,30
gecko,base,blf,flat,196,12.125775075066718,9.036049357072837,12.625751103741393,10.87036132606525,2.153384690077747,30
gecko,base,blf,flat,197,12.125775075066718,9.036049357072837,12.625857603570235,10.875982952609522,2.1531842023283,30
gecko,base,blf,flat,198,12.125775075066718,9.036049357072837,12.648130603037881,10.880265174719833,2.151851372837841,30
gecko,base,blf,flat,199,12.125775075066718,9.038263589277923,12.648130603037881,10.882014157992165,2.150850707794135,30
gecko,base,blf,flat,200,12.125775075066718,9.041376224378403,12.648130603037881,10.88375313102332,2.1506170364227923,30
gecko,base,blf,flat,201,12.125775075066718,9.041376224378403,12.648130603037881,10.884401246162975,2.1502463050069505,30
gecko,base,blf,flat,202,12.125775075066718,9.041376224378403,12.663077946798618,10.892714571867579,2.148773307507086,30
gecko,base,blf,flat,203,12.125775075066718,9.0451868603385,12.672675509189965,10.900510194145063,2.1434515603119935,30
gecko,base,blf,flat,204,12.149698799944652,9.0451868603385,12.672675509189965,10.904228294745367,2.14536702386217,30
gecko,base,blf,flat,205,12.149698799944652,9.059760691119132,12.680617423097136,10.909151281730471,2.1452475304936325,30
gecko,base,blf,flat,206,12.149698799944652,9.070394486255122,12.680617423097136,10.912555339064399,2.1471651401876524,30
gecko,base,blf,flat,207,12.151503731347525,9.073059301364651,12.680617423097136,10.913305707991565,2.1467846963124413,30
gecko,base,blf,flat,208,12.151503731347525,9.077331450346353,12.680617423097136,10.919026485456657,2.1511335389431268,30
gecko,base,blf,flat,209,12.151503731347525,9.08267105887902,12.685907373942568,10.923206938726379,2.1525072372381815,30
gecko,base,blf,flat,210,12.151503731347525,9.08267105887902,12.685907373942568,10.923897457816429,2.1524402457822323,30
gecko,base,blf,flat,211,12.151503731347525,9.097950165752035,12.685907373942568,10.927754098941387,2.1480824148718556,30
gecko,base,blf,flat,212,12.151503731347525,9.097950165752035,12.723644844428373,10.932957329645776,2.1523505202680155,30
gecko,base,blf,flat,213,12.151503731347525,9.113258931972489,12.723644844428373,10.93539046535398,2.1502173023647906,30
gecko,base,blf,flat,214,12.151503731347525,9.113258931972489,12.723644844428373,10.935869296424919,2.150606665943316,30
gecko,base,blf,flat,215,12.151503731347525,9.133294439992365,12.723644844428373,10.938738801228045,2.1510736295254214,30
gecko,base,blf,flat,216,12.151503731347525,9.133294439992365,12.732745995811623,10.9435894551745,2.15498316369365,30
gecko,base,blf,flat,217,12.16650010760056,9.133294439992365,12.732745995811623,10.948298393400993,2.158399121842423,30
gecko,base,blf,flat,218,12.180230068926827,9.133294439992365,12.732745995811623,10.95085989693992,2.1581372667962206,30
gecko,base,blf,flat,219,12.1834604265218,9.133294439992365,12.732745995811623,10.95265578895782,2.1589357232173296,30
gecko,base,blf,flat,220,12.195652739758046,9.133294439992365,12.732745995811623,10.95608695859998,2.1618122144399776,30
gecko,base,blf,flat,221,12.204023548166962,9.139528425489921,12.732745995811623,10.957962951093114,2.1614231390442775,30
gecko,base,blf,flat,222,12.204023548166962,9.139528425489921,12.736512952457625,10.960406808508276,2.16247913557337,30
gecko,base,blf,flat,223,12.237327514655615,9.139528425489921,12.736512952457625,10.9630351843558,2.1631110822184,30
gecko,base,blf,flat,224,12.238414939604485,9.139528425489921,12.736512952457625,10.964694194265075,2.161622056255974,30
gecko,base,blf,flat,225,12.238414939604485,9.140610629664675,12.736512952457625,10.965943798524414,2.1609237791919904,30
gecko,base,blf,flat,226,12.254387641747737,9.140610629664675,12.768050480649203,10.970165598258301,2.163203396940011,30
gecko,base,blf,flat,227,12.26137362766432,9.140610629664675,12.775945126835058,10.972964253730536,2.163484633862143,30
gecko,base,blf,flat,228,12.26137362766432,9.14471812125484,12.775945126835058,10.976500651922832,2.16498328665949,30
gecko,base,blf,flat,229,12.26137362766432,9.14471812125484,12.775945126835058,10.980777855381234,2.164570802930375,30
gecko,base,blf,flat,230,12.26137362766432,9.14471812125484,12.775945126835058,10.982715592389134,2.166403899052739,30
gecko,base,blf,flat,231,12.26137362766432,9.15241710258717,12.775945126835058,10.987557325430506,2.167823424639125,30
gecko,base,blf,flat,232,12.26137362766432,9.152753931225064,12.775945126835058,10.98873710470623,2.166778555736261,30
gecko,base,blf,flat,233,12.26137362766432,9.152753931225064,12.777617669050876,10.991313813404936,2.1667148303853847,30
gecko,base,blf,flat,234,12.26137362766432,9.152753931225064,12.777617669050876,10.992781603576676,2.1668424027687383,30
gecko,base,blf,flat,235,12.26137362766432,9.152753931225064,12.777617669050876,10.993291888866832,2.166299867430239,30
gecko,base,blf,flat,236,12.26137362766432,9.157261136677532,12.777617669050876,10.99588773281236,2.1684122978871376,30
gecko,base,blf,flat,237,12.26137362766432,9.161358059762756,12.783591916746467,10.998633481745948,2.1680633541172494,30
gecko,base,blf,flat,238,12.26137362766432,9.164376908619637,12.783591916746467,10.999841232823028,2.1686208319575386,30
gecko,base,blf,flat,239,12.26137362766432,9.164376908619637,12.783591916746467,11.000373523564779,2.16824978934798,30
gecko,base,blf,flat,240,12.26137362766432,9.164376908619637,12.783591916746467,11.000813783578412,2.168596014455446,30
gecko,base,blf,flat,241,12.26137362766432,9.165107153419331,12.783591916746467,11.002698103870037,2.170037763467801,30
gecko,base,blf,flat,242,12.271754492169451,9.165107153419331,12.783840770800369,11.008241040524874,2.173875124694263,30
gecko,base,blf,flat,243,12.27216146528568,9.165107153419331,12.784625060456754,11.011401227618716,2.17519251969804,30
gecko,base,blf,flat,244,12.27216146528568,9.165107153419331,12.789054846296192,11.013368889954132,2.1754487710842456,30
gecko,base,blf,flat,245,12.27216146528568,9.165107153419331,12.805917301880218,11.015115026634621,2.175238973133922,30
gecko,base,blf,flat,246,12.27216146528568,9.165107153419331,12.805917301880218,11.016511114304874,2.1766285694636847,30
gecko,base,blf,flat,247,12.27216146528568,9.169516600271521,12.805917301880218,11.019177033376087,2.177107156418954,30
gecko,base,blf,flat,248,12.27216146528568,9.169516600271521,12.805917301880218,11.020094550158591,2.17716816886171,30
gecko,base,blf,flat,249,12.27216146528568,9.169516600271521,12.805917301880218,11.020354534824614,2.1774462544792805,30
gecko,base,blf,flat,250,12.27216146528568,9.170185850829625,12.805917301880218,11.022406960936033,2.177894975644764,30
gecko,base,blf,flat,251,12.27216146528568,9.170185850829625,12.805917301880218,11.02573596076099,2.1812735740411013,30
gecko,base,blf,flat,252,12.27216146528568,9.170185850829625,12.805917301880218,11.027793663644887,2.1807245243679705,30
gecko,base,blf,flat,253,12.283179637263435,9.172106889290488,12.805917301880218,11.029717956809954,2.181574125481693,30
gecko,base,blf,flat,254,12.283179637263435,9.172106889290488,12.805917301880218,11.033103797181388,2.184925396909523,30
gecko,base,blf,flat,255,12.283179637263435,9.172106889290488,12.805917301880218,11.033262583789194,2.184758458907274,30
gecko,base,blf,flat,256,12.283179637263435,9.172106889290488,12.805917301880218,11.035687501238657,2.1860738276927068,30
gecko,base,blf,flat,257,12.283179637263435,9.172106889290488,12.805917301880218,11.03590946535291,2.1858714756010946,30
gecko,base,blf,flat,258,12.283179637263435,9.172106889290488,12.805967946853094,11.037097272384917,2.185732286406137,30
gecko,base,blf,flat,259,12.302062859794574,9.172106889290488,12.807605830714134,11.039916015731523,2.1875025912525987,30
gecko,base,blf,flat,260,12.302062859794574,9.172106889290488,12.807605830714134,11.042329104755677,2.1880893310607656,30
gecko,base,blf,flat,261,12.302062859794574,9.172106889290488,12.807605830714134,11.0430809939919,2.187593161617742,30
gecko,base,blf,flat,262,12.302062859794574,9.172106889290488,12.807605830714134,11.043221122918727,2.1875957331984313,30
gecko,base,blf,flat,263,12.302062859794574,9.174031438431339,12.807605830714134,11.047305440739986,2.1870278671106957,30
gecko,base,blf,flat,264,12.302062859794574,9.176305218270521,12.807605830714134,11.048260144259286,2.186508596868827,30
gecko,base,blf,flat,265,12.302062859794574,9.176305218270521,12.807605830714134,11.049261715786832,2.1866736686382895,30
gecko,base,blf,flat,266,12.302062859794574,9.176305218270521,12.807605830714134,11.0506422055268,2.18591968022121,30
gecko,base,blf,flat,267,12.302062859794574,9.176305218270521,12.807605830714134,11.050895896912463,2.1857105597482787,30
gecko,base,blf,flat,268,12.302062859794574,9.176305218270521,12.807605830714134,11.051143787233515,2.1858301819345147,30
gecko,base,blf,flat,269,12.306222764109526,9.176305218270521,12.807605830714134,11.053327527865724,2.1850485111794122,30
gecko,base,blf,flat,270,12.308939205744931,9.176305218270521,12.807605830714134,11.0550478026684,2.1863894274585434,30
gecko,base,blf,flat,271,12.308939205744931,9.176305218270521,12.80792566382802,11.05549746690266,2.1859272843678075,30
gecko,base,blf,flat,272,12.308939205744931,9.176305218270521,12.80792566382802,11.057044861265286,2.1874782110279054,30
gecko,base,blf,flat,273,12.308939205744931,9.176305218270521,12.80792566382802,11.059493921576463,2.188471586263786,30
gecko,base,blf,flat,274,12.309740341818072,9.177115980311209,12.80792566382802,11.060940125749344,2.189047413791748,30
gecko,base,blf,flat,275,12.309740341818072,9.177115980311209,12.826934654210259,11.065013630071302,2.1931271135417547,30
gecko,base,blf,flat,276,12.316817004411064,9.177115980311209,12.826934654210259,11.065981648128984,2.193502125036065,30
gecko,base,blf,flat,277,12.316817004411064,9.177115980311209,12.826934654210259,11.066162140144629,2.193587906167973,30
gecko,base,blf,flat,278,12.316817004411064,9.177115980311209,12.826934654210259,11.067488828448909,2.1936849279740778,30
gecko,base,blf,flat,279,12.316817004411064,9.177115980311209,12.826934654210259,11.068626873490688,2.194528569665003,30
gecko,base,blf,flat,280,12.342704938842605,9.177115980311209,12.826934654210259,11.070352735786123,2.195559202076915,30
gecko,base,blf,flat,281,12.342704938842605,9.177115980311209,12.826934654210259,11.070556202928,2.195363550436991,30
gecko,base,blf,flat,282,12.342704938842605,9.177115980311209,12.826934654210259,11.071522875352457,2.19533964303784,30
gecko,base,blf,flat,283,12.342704938842605,9.177115980311209,12.826934654210259,11.07168308378957,2.195185899660082,30
gecko,base,blf,flat,284,12.342704938842605,9.177115980311209,12.826934654210259,11.074505341055648,2.197444281718614,30
gecko,base,blf,flat,285,12.342704938842605,9.177115980311209,12.826934654210259,11.075130748946167,2.1968809985563134,30
gecko,base,blf,flat,286,12.342704938842605,9.177115980311209,12.826934654210259,11.076117944426866,2.1972239355427416,30
gecko,base,blf,flat,287,12.342704938842605,9.177115980311209,12.826934654210259,11.076117944426866,2.1972239355427416,30
gecko,base,blf,flat,288,12.342704938842605,9.177115980311209,12.826934654210259,11.07791064497763,2.1984104621826837,30
gecko,base,blf,flat,289,12.342704938842605,9.177378112598763,12.826934654210259,11.078228637742967,2.1980831661973568,30
gecko,base,blf,flat,290,12.342704938842605,9.177378112598763,12.826934654210259,11.078464347885541,2.197681879638612,30
gecko,base,blf,flat,291,12.342704938842605,9.18154251756221,12.827281240583709,11.078798502023558,2.197459977158423,30
gecko,base,blf,flat,292,12.342704938842605,9.18154251756221,12.827281240583709,11.078798502023558,2.197459977158423,30
gecko,base,blf,flat,293,12.350841093585359,9.18154251756221,12.827281240583709,11.079538966074928,2.197858683115112,30
gecko,base,blf,flat,294,12.350841093585359,9.182004879849423,12.827281240583709,11.079761874781052,2.1976650049760855,30
gecko,base,blf,flat,295,12.350841093585359,9.182004879849423,12.827281240583709,11.082309124011605,2.200193474459248,30
gecko,base,blf,flat,296,12.359635314632408,9.182004879849423,12.827281240583709,11.083464654141958,2.2009657412588113,30
gecko,base,blf,flat,297,12.359635314632408,9.182004879849423,12.827281240583709,11.083813712069794,2.2012895080575703,30
gecko,base,blf,flat,298,12.368083670017747,9.182004879849423,12.827281240583709,11.08453227557649,2.20151662234779,30
gecko,base,blf,flat,299,12.368083670017747,9.182004879849423,12.827281240583709,11.08453227557649,2.20151662234779,30
gecko,base,blf,flat,300,12.368083670017747,9.183765578134956,12.827281240583709,11.08535728975759,2.2018879125717,30
gecko,base,blf,rugged,1,1.5274,1.1271,2.0052,1.6351,0.5493,30
gecko,base,blf,rugged,2,2.143,1.8356,2.5254,2.2099,0.5839,30
gecko,base,blf,rugged,3,2.3536,2.0331,2.8293,2.4631,0.6145,30
gecko,base,blf,rugged,4,2.7027,2.2841,2.9637,2.7402,0.6253,30
gecko,base,blf,rugged,5,2.8459,2.5367,3.3044,2.9292,0.6308,30
gecko,base,blf,rugged,6,3.1289,2.6942,3.4347,3.1356,0.6475,30
gecko,base,blf,rugged,7,3.2109,2.8121,3.6571,3.2769,0.6283,30
gecko,base,blf,rugged,8,3.3174,3.1157,3.786,3.4421,0.6498,30
gecko,base,blf,rugged,9,3.5537,3.2031,4.039,3.6932,0.7377,30
gecko,base,blf,rugged,10,3.6183,3.2031,4.303,3.7817,0.777,30
gecko,base,blf,rugged,11,3.6495,3.333,4.303,3.8704,0.7075,30
gecko,base,blf,rugged,12,3.7918,3.3931,4.3897,3.9389,0.7151,30
gecko,base,blf,rugged,13,3.9623,3.5365,4.5175,4.0761,0.7369,30
gecko,base,blf,rugged,14,3.9623,3.555,4.5175,4.0802,0.7343,30
gecko,base,blf,rugged,15,3.9813,3.6484,4.5275,4.2057,0.6836,30
gecko,base,blf,rugged,16,4.0228,3.6484,4.7755,4.2947,0.7457,30
gecko,base,blf,rugged,17,4.0395,3.7313,4.8236,4.3565,0.786,30
gecko,base,blf,rugged,18,4.18,3.7821,4.8523,4.4497,0.8251,30
gecko,base,blf,rugged,19,4.277,3.8075,4.8523,4.5092,0.8093,30
gecko,base,blf,rugged,20,4.3582,3.8771,5.3422,4.5628,0.8324,30
gecko,base,blf,rugged,21,4.4004,4.0093,5.4559,4.7035,0.8877,30
gecko,base,blf,rugged,22,4.6889,4.0093,5.5298,4.7628,0.892,30
gecko,base,blf,rugged,23,4.6889,4.0093,5.6803,4.821,0.9551,30
gecko,base,blf,rugged,24,4.6889,4.0093,5.6878,4.8345,0.9501,30
gecko,base,blf,rugged,25,4.6889,4.0895,5.6878,4.8502,0.9374,30
gecko,base,blf,rugged,26,4.6889,4.0895,5.7349,4.9022,0.9574,30
gecko,base,blf,rugged,27,4.6889,4.0895,5.7349,4.937,0.9704,30
gecko,base,blf,rugged,28,4.7744,4.246,5.7349,4.9763,0.9675,30
gecko,base,blf,rugged,29,4.8901,4.2977,5.7349,5.0536,0.9821,30
gecko,base,blf,rugged,30,4.9611,4.3205,5.7349,5.1225,1.0276,30
gecko,base,blf,rugged,31,4.9611,4.3404,5.7349,5.1993,1.0754,30
gecko,base,blf,rugged,32,5.022,4.446,5.7349,5.2487,1.0455,30
gecko,base,blf,rugged,33,5.022,4.6097,5.8997,5.2992,1.0466,30
gecko,base,blf,rugged,34,5.0447,4.6547,5.8997,5.331,1.0329,30
gecko,base,blf,rugged,35,5.0576,4.6547,6.1112,5.4232,1.098,30
gecko,base,blf,rugged,36,5.0576,4.6547,6.3307,5.526,1.1128,30
gecko,base,blf,rugged,37,5.1469,4.6547,6.3407,5.597,1.1243,30
gecko,base,blf,rugged,38,5.2349,4.7329,6.615,5.6798,1.2299,30
gecko,base,blf,rugged,39,5.2653,4.7329,6.615,5.692,1.2354,30
gecko,base,blf,rugged,40,5.3091,4.7378,6.6721,5.8031,1.3053,30
gecko,base,blf,rugged,41,5.3091,4.7378,6.6721,5.8628,1.3513,30
gecko,base,blf,rugged,42,5.4739,4.7378,6.7067,5.9094,1.338,30
gecko,base,blf,rugged,43,5.4739,4.7543,6.7067,5.9136,1.3348,30
gecko,base,blf,rugged,44,5.5647,4.8462,6.7067,5.9394,1.3219,30
gecko,base,blf,rugged,45,5.5647,4.9037,6.8792,6.0081,1.3456,30
gecko,base,blf,rugged,46,5.5647,5.0244,7.1197,6.0613,1.3555,30
gecko,base,blf,rugged,47,5.5647,5.0348,7.1197,6.072,1.3487,30
gecko,base,blf,rugged,48,5.5647,5.0865,7.1957,6.1066,1.3396,30
gecko,base,blf,rugged,49,5.6354,5.1957,7.2831,6.1482,1.3586,30
gecko,base,blf,rugged,50,5.8076,5.3408,7.3357,6.2169,1.3625,30
gecko,base,blf,rugged,51,5.93,5.3757,7.3357,6.2718,1.3354,30
gecko,base,blf,rugged,52,5.9916,5.3757,7.3357,6.2759,1.3342,30
gecko,base,blf,rugged,53,5.997,5.3757,7.3357,6.2928,1.3395,30
gecko,base,blf,rugged,54,6.1289,5.52,7.3357,6.3929,1.3242,30
gecko,base,blf,rugged,55,6.1769,5.52,7.3357,6.3981,1.3265,30
gecko,base,blf,rugged,56,6.1769,5.52,7.5232,6.4782,1.3766,30
gecko,base,blf,rugged,57,6.3054,5.5401,7.6122,6.5532,1.4173,30
gecko,base,blf,rugged,58,6.338,5.5401,7.6384,6.5673,1.4222,30
gecko,base,blf,rugged,59,6.338,5.5401,7.6384,6.5841,1.4152,30
gecko,base,blf,rugged,60,6.5201,5.544,7.7355,6.6697,1.4322,30
gecko,base,blf,rugged,61,6.5861,5.544,7.7484,6.7382,1.503,30
gecko,base,blf,rugged,62,6.7073,5.6472,7.8254,6.7913,1.5135,30
gecko,base,blf,rugged,63,6.7073,5.6472,7.8254,6.8034,1.5141,30
gecko,base,blf,rugged,64,6.7904,5.7046,7.893,6.8409,1.4978,30
gecko,base,blf,rugged,65,6.7904,5.7056,7.893,6.8545,1.4982,30
gecko,base,blf,rugged,66,6.7904,5.7152,7.9034,6.9222,1.5118,30
gecko,base,blf,rugged,67,7.0263,5.7665,8.2081,6.9932,1.5242,30
gecko,base,blf,rugged,68,7.0371,5.7777,8.2081,7.0088,1.5189,30
gecko,base,blf,rugged,69,7.0371,5.7777,8.2853,7.072,1.5678,30
gecko,base,blf,rugged,70,7.0371,5.7777,8.2853,7.0802,1.5601,30
gecko,base,blf,rugged,71,7.0594,5.7829,8.2853,7.1106,1.5804,30
gecko,base,blf,rugged,72,7.0594,5.8318,8.3047,7.1418,1.5709,30
gecko,base,blf,rugged,73,7.0918,5.8318,8.3047,7.1722,1.5653,30
gecko,base,blf,rugged,74,7.1392,5.8546,8.3071,7.1958,1.5692,30
gecko,base,blf,rugged,75,7.1593,5.8546,8.3071,7.2156,1.5753,30
gecko,base,blf,rugged,76,7.3134,5.8546,8.4299,7.2473,1.5838,30
gecko,base,blf,rugged,77,7.3134,5.8546,8.4605,7.2761,1.6019,30
gecko,base,blf,rugged,78,7.464,5.9008,8.4605,7.3007,1.6003,30
gecko,base,blf,rugged,79,7.464,5.9008,8.5298,7.3181,1.6205,30
gecko,base,blf,rugged,80,7.464,5.9008,8.6096,7.3546,1.6472,30
gecko,base,blf,rugged,81,7.464,5.9008,8.6096,7.3843,1.6948,30
gecko,base,blf,rugged,82,7.5266,5.9008,8.6096,7.4155,1.6958,30
gecko,base,blf,rugged,83,7.5363,5.913,8.6304,7.4265,1.7026,30
gecko,base,blf,rugged,84,7.5934,5.913,8.7819,7.4751,1.7241,30
gecko,base,blf,rugged,85,7.5934,5.913,8.8066,7.5057,1.7421,30
gecko,base,blf,rugged,86,7.5934,5.9268,8.8066,7.5194,1.7319,30
gecko,base,blf,rugged,87,7.5934,5.9268,8.8066,7.53,1.7406,30
gecko,base,blf,rugged,88,7.648,5.9268,8.8066,7.5488,1.7418,30
gecko,base,blf,rugged,89,7.648,5.9674,8.8066,7.5625,1.735,30
gecko,base,blf,rugged,90,7.8538,5.9874,8.8066,7.5903,1.7377,30
gecko,base,blf,rugged,91,7.8538,5.9874,8.8066,7.5905,1.7376,30
gecko,base,blf,rugged,92,7.8538,5.9876,8.8066,7.6022,1.7356,30
gecko,base,blf,rugged,93,7.8538,5.9876,8.9077,7.6105,1.7393,30
gecko,base,blf,rugged,94,7.8538,5.9876,8.9077,7.6348,1.7244,30
gecko,base,blf,rugged,95,7.8538,5.9999,8.9077,7.6375,1.7235,30
gecko,base,blf,rugged,96,7.8538,5.9999,8.9077,7.6568,1.7342,30
gecko,base,blf,rugged,97,7.8538,6.0387,9.2554,7.6958,1.7519,30
gecko,base,blf,rugged,98,7.8538,6.0455,9.2554,7.6965,1.751,30
gecko,base,blf,rugged,99,7.8538,6.0455,9.2554,7.707,1.7352,30
gecko,base,blf,rugged,100,7.8702,6.0455,9.2714,7.7174,1.7328,30
gecko,base,blf,rugged,101,7.8702,6.0455,9.2714,7.7318,1.7301,30
gecko,base,blf,rugged,102,7.8702,6.0575,9.2714,7.7429,1.7363,30
gecko,base,blf,rugged,103,7.8702,6.0575,9.3089,7.7672,1.7461,30
gecko,base,blf,rugged,104,7.8702,6.0575,9.4813,7.7882,1.7428,30
gecko,base,blf,rugged,105,7.8702,6.0575,9.5353,7.8038,1.7446,30
gecko,base,blf,rugged,106,7.8702,6.0575,9.5759,7.8131,1.7526,30
gecko,base,blf,rugged,107,7.8702,6.0575,9.5759,7.8144,1.7508,30
gecko,base,blf,rugged,108,7.8702,6.0575,9.5759,7.831,1.7637,30
gecko,base,blf,rugged,109,7.8702,6.112,9.5759,7.8447,1.7568,30
gecko,base,blf,rugged,110,7.8702,6.156,9.5759,7.8685,1.7362,30
gecko,base,blf,rugged,111,7.8702,6.156,9.5759,7.8695,1.735,30
gecko,base,blf,rugged,112,7.8702,6.156,9.5759,7.8734,1.7332,30
gecko,base,blf,rugged,113,7.8702,6.156,9.5759,7.8858,1.7186,30
gecko,base,blf,rugged,114,7.8702,6.156,9.5759,7.89,1.7231,30
gecko,base,blf,rugged,115,7.8702,6.156,9.5759,7.8908,1.7231,30
gecko,base,blf,rugged,116,7.8702,6.156,9.5759,7.8953,1.7227,30
gecko,base,blf,rugged,117,7.8702,6.156,9.5759,7.9062,1.7324,30
gecko,base,blf,rugged,118,7.8702,6.156,9.5759,7.9081,1.7301,30
gecko,base,blf,rugged,119,7.8702,6.156,9.5759,7.9191,1.7296,30
gecko,base,blf,rugged,120,7.8702,6.156,9.6402,7.9299,1.7302,30
gecko,base,blf,rugged,121,7.8702,6.156,9.6402,7.9468,1.7432,30
gecko,base,blf,rugged,122,7.9077,6.156,9.6402,7.9534,1.7457,30
gecko,base,blf,rugged,123,7.9077,6.156,9.6635,7.9762,1.7573,30
gecko,base,blf,rugged,124,7.9218,6.2072,9.6635,7.9891,1.7528,30
gecko,base,blf,rugged,125,7.9494,6.2072,9.6635,8.0052,1.7592,30
gecko,base,blf,rugged,126,7.9494,6.2072,9.6933,8.0151,1.7655,30
gecko,base,blf,rugged,127,7.9494,6.2072,9.6933,8.0188,1.7664,30
gecko,base,blf,rugged,128,8.0256,6.2072,9.6933,8.026,1.766,30
gecko,base,blf,rugged,129,8.0531,6.2072,9.6933,8.038,1.7674,30
gecko,base,blf,rugged,130,8.0913,6.2072,9.8867,8.0544,1.777,30
gecko,base,blf,rugged,131,8.0989,6.2072,9.8867,8.0631,1.7837,30
gecko,base,blf,rugged,132,8.0989,6.2072,9.8867,8.0715,1.778,30
gecko,base,blf,rugged,133,8.0989,6.2072,9.8867,8.0746,1.7794,30
gecko,base,blf,rugged,134,8.1182,6.2113,9.8867,8.0915,1.7888,30
gecko,base,blf,rugged,135,8.1182,6.2113,9.8867,8.0983,1.792,30
gecko,base,blf,rugged,136,8.1182,6.2113,9.8867,8.1041,1.7871,30
gecko,base,blf,rugged,137,8.1182,6.2113,9.8867,8.1145,1.7933,30
gecko,base,blf,rugged,138,8.1182,6.2283,9.8946,8.1213,1.7878,30
gecko,base,blf,rugged,139,8.1286,6.2283,9.9157,8.1248,1.7886,30
gecko,base,blf,rugged,140,8.1831,6.2283,9.9209,8.1306,1.7892,30
gecko,base,blf,rugged,141,8.1831,6.2283,10.0158,8.1563,1.8138,30
gecko,base,blf,rugged,142,8.1831,6.2283,10.0158,8.1563,1.8138,30
gecko,base,blf,rugged,143,8.1831,6.2283,10.1166,8.1727,1.8262,30
gecko,base,blf,rugged,144,8.1831,6.2283,10.1166,8.1731,1.8262,30
gecko,base,blf,rugged,145,8.2491,6.2283,10.1166,8.1915,1.8404,30
gecko,base,blf,rugged,146,8.2491,6.2283,10.172,8.1969,1.8435,30
gecko,base,blf,rugged,147,8.2491,6.2283,10.2651,8.2098,1.8461,30
gecko,base,blf,rugged,148,8.2491,6.2283,10.2815,8.2196,1.8505,30
gecko,base,blf,rugged,149,8.2491,6.2283,10.3118,8.2328,1.8632,30
gecko,base,blf,rugged,150,8.2491,6.2283,10.3118,8.2331,1.8632,30
gecko,base,blf,rugged,151,8.2567,6.2283,10.3118,8.243,1.8704,30
gecko,base,blf,rugged,152,8.2567,6.2283,10.3165,8.247,1.8701,30
gecko,base,blf,rugged,153,8.2567,6.2381,10.3165,8.2557,1.8782,30
gecko,base,blf,rugged,154,8.2567,6.2381,10.3165,8.2568,1.8781,30
gecko,base,blf,rugged,155,8.2567,6.2381,10.3165,8.2658,1.8712,30
gecko,base,blf,rugged,156,8.2567,6.2381,10.3165,8.2676,1.8713,30
gecko,base,blf,rugged,157,8.2567,6.2381,10.3165,8.2714,1.8764,30
gecko,base,blf,rugged,158,8.2567,6.2381,10.3165,8.2731,1.8759,30
gecko,base,blf,rugged,159,8.2567,6.2381,10.3244,8.2841,1.8793,30
gecko,base,blf,rugged,160,8.2567,6.2381,10.3244,8.2846,1.8784,30
gecko,base,blf,rugged,161,8.2567,6.2381,10.3244,8.2859,1.879,30
gecko,base,blf,rugged,162,8.2567,6.259,10.3244,8.2892,1.8763,30
gecko,base,blf,rugged,163,8.2567,6.259,10.3912,8.3023,1.8901,30
gecko,base,blf,rugged,164,8.2567,6.259,10.4007,8.3045,1.8916,30
gecko,base,blf,rugged,165,8.2567,6.259,10.4007,8.3045,1.8916,30
gecko,base,blf,rugged,166,8.2567,6.259,10.4198,8.3084,1.8968,30
gecko,base,blf,rugged,167,8.2567,6.259,10.4198,8.3084,1.8968,30
gecko,base,blf,rugged,168,8.2567,6.259,10.4198,8.3132,1.8998,30
gecko,base,blf,rugged,169,8.2569,6.259,10.4198,8.3171,1.8993,30
gecko,base,blf,rugged,170,8.2569,6.259,10.4198,8.3177,1.8993,30
gecko,base,blf,rugged,171,8.265,6.259,10.4198,8.3206,1.8986,30
gecko,base,blf,rugged,172,8.265,6.259,10.4198,8.3218,1.9,30
gecko,base,blf,rugged,173,8.265,6.259,10.4234,8.3222,1.9005,30
gecko,base,blf,rugged,174,8.265,6.259,10.4234,8.3234,1.9001,30
gecko,base,blf,rugged,175,8.265,6.259,10.4234,8.3265,1.9016,30
gecko,base,blf,rugged,176,8.265,6.259,10.4234,8.3361,1.9137,30
gecko,base,blf,rugged,177,8.2808,6.259,10.4234,8.3439,1.9193,30
gecko,base,blf,rugged,178,8.2808,6.259,10.4234,8.3456,1.9187,30
gecko,base,blf,rugged,179,8.2808,6.259,10.4234,8.352,1.9195,30
gecko,base,blf,rugged,180,8.2808,6.259,10.4234,8.3567,1.9184,30
gecko,base,blf,rugged,181,8.2808,6.2889,10.4234,8.3618,1.9148,30
gecko,base,blf,rugged,182,8.2808,6.3186,10.4234,8.3637,1.9131,30
gecko,base,blf,rugged,183,8.2808,6.3186,10.4234,8.3644,1.9129,30
gecko,base,blf,rugged,184,8.2834,6.3186,10.4234,8.3647,1.9127,30
gecko,base,blf,rugged,185,8.2916,6.3186,10.4234,8.3663,1.9122,30
gecko,base,blf,rugged,186,8.3015,6.3186,10.4234,8.3749,1.9222,30
gecko,base,blf,rugged,187,8.3015,6.3186,10.4234,8.3749,1.9221,30
gecko,base,blf,rugged,188,8.3015,6.3186,10.4234,8.3773,1.9252,30
gecko,base,blf,rugged,189,8.3015,6.3186,10.4234,8.3773,1.9252,30
gecko,base,blf,rugged,190,8.3033,6.3186,10.4234,8.3781,1.9261,30
gecko,base,blf,rugged,191,8.3033,6.3186,10.4234,8.3787,1.927,30
gecko,base,blf,rugged,192,8.3054,6.3186,10.4234,8.3797,1.9277,30
gecko,base,blf,rugged,193,8.3054,6.346,10.486,8.3861,1.932,30
gecko,base,blf,rugged,194,8.3054,6.346,10.486,8.3862,1.932,30
gecko,base,blf,rugged,195,8.3054,6.346,10.5011,8.3873,1.9324,30
gecko,base,blf,rugged,196,8.3054,6.346,10.5011,8.3944,1.9348,30
gecko,base,blf,rugged,197,8.3054,6.346,10.5011,8.3949,1.9348,30
gecko,base,blf,rugged,198,8.3054,6.346,10.5011,8.3953,1.9346,30
gecko,base,blf,rugged,199,8.3054,6.346,10.5011,8.3954,1.9346,30
gecko,base,blf,rugged,200,8.3054,6.346,10.5011,8.3992,1.9396,30
gecko,base,blf,rugged,201,8.3054,6.346,10.5216,8.402,1.9425,30
gecko,base,blf,rugged,202,8.3054,6.346,10.5216,8.4061,1.9456,30
gecko,base,blf,rugged,203,8.3183,6.346,10.5216,8.4071,1.9453,30
gecko,base,blf,rugged,204,8.3183,6.346,10.5216,8.4136,1.9499,30
gecko,base,blf,rugged,205,8.3183,6.346,10.5407,8.418,1.954,30
gecko,base,blf,rugged,206,8.3183,6.346,10.5407,8.4201,1.9568,30
gecko,base,blf,rugged,207,8.3183,6.346,10.5407,8.4227,1.955,30
gecko,base,blf,rugged,208,8.3333,6.346,10.6044,8.4322,1.963,30
gecko,base,blf,rugged,209,8.3333,6.346,10.6044,8.4333,1.9626,30
gecko,base,blf,rugged,210,8.3333,6.346,10.6044,8.4339,1.9625,30
gecko,base,blf,rugged,211,8.3333,6.346,10.6044,8.4398,1.968,30
gecko,base,blf,rugged,212,8.3333,6.346,10.6044,8.4402,1.9679,30
gecko,base,blf,rugged,213,8.3333,6.346,10.6044,8.4406,1.9679,30
gecko,base,blf,rugged,214,8.3333,6.346,10.6044,8.4406,1.9679,30
gecko,base,blf,rugged,215,8.3333,6.346,10.6044,8.4406,1.9679,30
gecko,base,blf,rugged,216,8.3333,6.346,10.6044,8.4406,1.9679,30
gecko,base,blf,rugged,217,8.3333,6.346,10.6044,8.4407,1.9679,30
gecko,base,blf,rugged,218,8.3333,6.346,10.6044,8.4417,1.9676,30
gecko,base,blf,rugged,219,8.3333,6.346,10.6044,8.442,1.9673,30
gecko,base,blf,rugged,220,8.3333,6.346,10.6044,8.442,1.9673,30
gecko,base,blf,rugged,221,8.3333,6.346,10.6044,8.4421,1.9672,30
gecko,base,blf,rugged,222,8.3333,6.346,10.6044,8.4427,1.967,30
gecko,base,blf,rugged,223,8.3333,6.346,10.6044,8.4437,1.9667,30
gecko,base,blf,rugged,224,8.3333,6.346,10.6044,8.4441,1.9666,30
gecko,base,blf,rugged,225,8.3333,6.346,10.6044,8.4442,1.9664,30
gecko,base,blf,rugged,226,8.3333,6.346,10.6044,8.4454,1.9662,30
gecko,base,blf,rugged,227,8.3333,6.3573,10.6044,8.4469,1.9649,30
gecko,base,blf,rugged,228,8.3333,6.3573,10.6044,8.449,1.9646,30
gecko,base,blf,rugged,229,8.3333,6.3573,10.6044,8.449,1.9646,30
gecko,base,blf,rugged,230,8.3333,6.3573,10.6044,8.4495,1.9645,30
gecko,base,blf,rugged,231,8.3411,6.3573,10.6044,8.45,1.9645,30
gecko,base,blf,rugged,232,8.3411,6.3573,10.6044,8.4504,1.9642,30
gecko,base,blf,rugged,233,8.3411,6.3573,10.6044,8.4504,1.9642,30
gecko,base,blf,rugged,234,8.3411,6.3573,10.6044,8.4504,1.9642,30
gecko,base,blf,rugged,235,8.3411,6.3573,10.6044,8.4504,1.9642,30
gecko,base,blf,rugged,236,8.3411,6.3573,10.6044,8.4504,1.9642,30
gecko,base,blf,rugged,237,8.3411,6.3573,10.6044,8.4522,1.9656,30
gecko,base,blf,rugged,238,8.3411,6.3573,10.6044,8.4522,1.9656,30
gecko,base,blf,rugged,239,8.3411,6.3573,10.6044,8.4522,1.9656,30
gecko,base,blf,rugged,240,8.3411,6.3573,10.6044,8.4547,1.9689,30
gecko,base,blf,rugged,241,8.3411,6.3573,10.6044,8.4569,1.9717,30
gecko,base,blf,rugged,242,8.3411,6.3573,10.6044,8.4572,1.9722,30
gecko,base,blf,rugged,243,8.3411,6.3573,10.6044,8.4572,1.9722,30
gecko,base,blf,rugged,244,8.3411,6.3573,10.6044,8.4585,1.973,30
gecko,base,blf,rugged,245,8.3411,6.3573,10.6044,8.4585,1.973,30
gecko,base,blf,rugged,246,8.3411,6.3573,10.6044,8.4585,1.973,30
gecko,base,blf,rugged,247,8.3411,6.3573,10.6044,8.4585,1.973,30
gecko,base,blf,rugged,248,8.3411,6.3573,10.6044,8.4585,1.973,30
gecko,base,blf,rugged,249,8.3411,6.3573,10.6044,8.4585,1.973,30
gecko,base,blf,rugged,250,8.3411,6.3573,10.6044,8.4585,1.973,30
gecko,base,blf,rugged,251,8.3411,6.3573,10.6044,8.4585,1.973,30
gecko,base,blf,rugged,252,8.3411,6.3573,10.6044,8.4589,1.973,30
gecko,base,blf,rugged,253,8.3411,6.3573,10.6044,8.4589,1.973,30
gecko,base,blf,rugged,254,8.3411,6.3573,10.6044,8.4591,1.9729,30
gecko,base,blf,rugged,255,8.3411,6.3573,10.6044,8.4591,1.9729,30
gecko,base,blf,rugged,256,8.3411,6.3573,10.6044,8.4592,1.9728,30
gecko,base,blf,rugged,257,8.3411,6.3573,10.6044,8.4595,1.9727,30
gecko,base,blf,rugged,258,8.3411,6.3573,10.6044,8.4595,1.9727,30
gecko,base,blf,rugged,259,8.3411,6.3573,10.6044,8.4597,1.9725,30
gecko,base,blf,rugged,260,8.3411,6.3648,10.6044,8.4607,1.9716,30
gecko,base,blf,rugged,261,8.3411,6.3648,10.6044,8.4608,1.9716,30
gecko,base,blf,rugged,262,8.3411,6.3648,10.6044,8.4619,1.9732,30
gecko,base,blf,rugged,263,8.3411,6.3648,10.6044,8.4619,1.9732,30
gecko,base,blf,rugged,264,8.3411,6.3648,10.6044,8.4628,1.9732,30
gecko,base,blf,rugged,265,8.3411,6.3648,10.6044,8.4628,1.9732,30
gecko,base,blf,rugged,266,8.3411,6.3648,10.6044,8.4628,1.9732,30
gecko,base,blf,rugged,267,8.3411,6.3648,10.6044,8.4628,1.9732,30
gecko,base,blf,rugged,268,8.3411,6.3648,10.6044,8.463,1.9732,30
gecko,base,blf,rugged,269,8.3411,6.3648,10.6044,8.463,1.9732,30
gecko,base,blf,rugged,270,8.3411,6.3648,10.6044,8.463,1.9732,30
gecko,base,blf,rugged,271,8.3411,6.3648,10.6044,8.4634,1.9732,30
gecko,base,blf,rugged,272,8.3411,6.3648,10.6044,8.466,1.9768,30
gecko,base,blf,rugged,273,8.3411,6.3648,10.6044,8.466,1.9768,30
gecko,base,blf,rugged,274,8.3411,6.3648,10.6044,8.466,1.9768,30
gecko,base,blf,rugged,275,8.3411,6.3648,10.6044,8.466,1.9768,30
gecko,base,blf,rugged,276,8.3411,6.3648,10.6044,8.466,1.9768,30
gecko,base,blf,rugged,277,8.3411,6.3648,10.6044,8.466,1.9768,30
gecko,base,blf,rugged,278,8.3411,6.3648,10.6044,8.466,1.9768,30
gecko,base,blf,rugged,279,8.3411,6.3648,10.6044,8.466,1.9768,30
gecko,base,blf,rugged,280,8.3411,6.3648,10.6044,8.466,1.9768,30
gecko,base,blf,rugged,281,8.3411,6.3648,10.6044,8.4679,1.9766,30
gecko,base,blf,rugged,282,8.3411,6.3648,10.6044,8.4692,1.9782,30
gecko,base,blf,rugged,283,8.3411,6.3648,10.6044,8.4692,1.9782,30
gecko,base,blf,rugged,284,8.3411,6.3648,10.6044,8.4692,1.9782,30
gecko,base,blf,rugged,285,8.3411,6.3648,10.6044,8.4698,1.9782,30
gecko,base,blf,rugged,286,8.3411,6.3648,10.6044,8.4698,1.9782,30
gecko,base,blf,rugged,287,8.3411,6.3648,10.6044,8.4698,1.9782,30
gecko,base,blf,rugged,288,8.3411,6.3648,10.6044,8.4698,1.9782,30
gecko,base,blf,rugged,289,8.3411,6.372,10.6044,8.4717,1.9774,30
gecko,base,blf,rugged,290,8.3411,6.372,10.6707,8.4761,1.9825,30
gecko,base,blf,rugged,291,8.3411,6.372,10.6707,8.4765,1.9827,30
gecko,base,blf,rugged,292,8.3411,6.372,10.6707,8.4765,1.9827,30
gecko,base,blf,rugged,293,8.3411,6.372,10.6707,8.4765,1.9827,30
gecko,base,blf,rugged,294,8.3411,6.372,10.6707,8.4774,1.9838,30
gecko,base,blf,rugged,295,8.3411,6.372,10.6707,8.4774,1.9838,30
gecko,base,blf,rugged,296,8.3411,6.372,10.7043,8.479,1.9856,30
gecko,base,blf,rugged,297,8.3411,6.372,10.7043,8.4791,1.9858,30
gecko,base,blf,rugged,298,8.3411,6.372,10.7043,8.4795,1.9858,30
gecko,base,blf,rugged,299,8.3411,6.372,10.7043,8.4799,1.9858,30
gecko,base,blf,rugged,300,8.3411,6.372,10.7043,8.48,1.9858,30
gecko,phi,uncoupled,flat,1,1.9300902846022854,1.5734944576168486,2.6575364453602504,2.176489310475716,0.7710601413233306,30
gecko,phi,uncoupled,flat,2,2.7145217461418154,2.4253771124975243,3.0815124508917084,2.6814619550061973,0.6912081645371896,30
gecko,phi,uncoupled,flat,3,3.043792779285745,2.665602025213202,3.6240887039913567,3.1345463952868675,0.7568559150856587,30
gecko,phi,uncoupled,flat,4,3.2652336144747043,2.7933890758325415,3.7242030233680326,3.3480498684516298,0.7556257101196894,30
gecko,phi,uncoupled,flat,5,3.6202006973087575,3.020954048200175,3.9563006809550227,3.652357756500759,0.7635432799965707,30
gecko,phi,uncoupled,flat,6,3.7395220302846663,3.339085255893629,4.298691614218209,3.830620111572161,0.8052959576077352,30
gecko,phi,uncoupled,flat,7,4.0043173678442665,3.490962411033232,4.4465612746612635,3.9837953870023353,0.7883695999701287,30
gecko,phi,uncoupled,flat,8,4.088694062906981,3.661501259248706,4.57116464346534,4.044760547441968,0.7892535171336221,30
gecko,phi,uncoupled,flat,9,4.168132941873857,3.753681416130949,4.57116464346534,4.162863233710394,0.8076005991951795,30
gecko,phi,uncoupled,flat,10,4.44082500348332,3.8650758878890605,4.681948586650518,4.322686243013701,0.802536558269977,30
gecko,phi,uncoupled,flat,11,4.566329455262011,4.045648750732404,4.900294393161785,4.4426410270953625,0.770826251879857,30
gecko,phi,uncoupled,flat,12,4.607376570470164,4.362866673837993,5.07160349801195,4.608173887877336,0.675431995935194,30
gecko,phi,uncoupled,flat,13,4.642005737348775,4.362866673837993,5.096158957121223,4.657372334409973,0.7184803171839722,30
gecko,phi,uncoupled,flat,14,4.670406453354726,4.4230051839729905,5.096158957121223,4.7031327837661365,0.692282904492633,30
gecko,phi,uncoupled,flat,15,4.670406453354726,4.4230051839729905,5.11703138055374,4.770367245380446,0.612752610976668,30
gecko,phi,uncoupled,flat,16,4.776169410145625,4.496444547821396,5.212853355993133,4.8574570596014865,0.6178285355192362,30
gecko,phi,uncoupled,flat,17,5.063693592780073,4.666221362909427,5.283814226816954,5.024539175114198,0.6055897290733964,30
gecko,phi,uncoupled,flat,18,5.063693592780073,4.666221362909427,5.283814226816954,5.053642860951752,0.6217898972347504,30
gecko,phi,uncoupled,flat,19,5.063693592780073,4.695908231226141,5.312550838260527,5.1259644130187265,0.6314600855862904,30
gecko,phi,uncoupled,flat,20,5.099216937598246,4.695908231226141,5.401327821143607,5.216415297783758,0.6520382167981198,30
gecko,phi,uncoupled,flat,21,5.099216937598246,4.77254351042019,5.478678076192279,5.2327337497379975,0.6494477656945884,30
gecko,phi,uncoupled,flat,22,5.1699769259148916,4.816459552888016,5.478678076192279,5.335513197829917,0.8583602642549549,30
gecko,phi,uncoupled,flat,23,5.1699769259148916,4.859276189436514,5.498119012970761,5.358033365890544,0.85849444494978,30
gecko,phi,uncoupled,flat,24,5.176989106994422,4.903704059985862,5.716514608650542,5.3915439056102175,0.8570331411821308,30
gecko,phi,uncoupled,flat,25,5.232368622976151,4.946987470385827,5.867336725946044,5.459968944755275,0.8371345283963064,30
gecko,phi,uncoupled,flat,26,5.303831576749133,5.051551699866532,5.980405425389369,5.567805265030207,0.8139384016925636,30
gecko,phi,uncoupled,flat,27,5.4739436593237745,5.098243798313105,5.993438997443749,5.644566889062008,0.7855907604042381,30
gecko,phi,uncoupled,flat,28,5.490108086008586,5.098243798313105,6.146491329156349,5.688439314068936,0.8059030813586322,30
gecko,phi,uncoupled,flat,29,5.587408022218156,5.120458920472518,6.249332176834684,5.7400427002857475,0.7845572426328993,30
gecko,phi,uncoupled,flat,30,5.782599567648324,5.1564154652445655,6.3776449891929055,5.858061861549775,0.8297191702513328,30
gecko,phi,uncoupled,flat,31,5.782599567648324,5.1564154652445655,6.521917523798072,5.888238264334229,0.8546096491591357,30
gecko,phi,uncoupled,flat,32,5.800688607420225,5.225252506735142,6.5317381941027985,5.944944434942011,0.8725238588627601,30
gecko,phi,uncoupled,flat,33,5.924124712610618,5.38260950855745,6.5670696824516535,6.044591131327406,0.854791628279328,30
gecko,phi,uncoupled,flat,34,5.924124712610618,5.38260950855745,6.6130714309887555,6.1120494692417076,0.9512007566246532,30
gecko,phi,uncoupled,flat,35,5.924124712610618,5.456359243852646,6.6881877697714085,6.19929996623481,1.0097737753195257,30
gecko,phi,uncoupled,flat,36,5.997643699084765,5.642262375356088,6.711829859053079,6.337157376798189,1.08315770470588,30
gecko,phi,uncoupled,flat,37,6.040623423961817,5.642262375356088,6.761203534956105,6.388891641759011,1.0871592213101477,30
gecko,phi,uncoupled,flat,38,6.211977128934297,5.642567119086059,6.761203534956105,6.425921792753469,1.1032090921105453,30
gecko,phi,uncoupled,flat,39,6.407868658682183,5.656542061679659,7.382480933600773,6.556478007291711,1.1543457068893537,30
gecko,phi,uncoupled,flat,40,6.407868658682183,5.656542061679659,7.382480933600773,6.656911158319352,1.270911553860564,30
gecko,phi,uncoupled,flat,41,6.487641731696527,5.656542061679659,7.382480933600773,6.674043832738372,1.2681342710315804,30
gecko,phi,uncoupled,flat,42,6.520233182675838,5.768447541911882,7.4180586443087435,6.72560577915501,1.2696462862064926,30
gecko,phi,uncoupled,flat,43,6.520233182675838,5.887282132424765,7.4180586443087435,6.770271666528585,1.2511689046726258,30
gecko,phi,uncoupled,flat,44,6.520233182675838,6.003125258996701,7.4180586443087435,6.816433378227301,1.2563869789045434,30
gecko,phi,uncoupled,flat,45,6.692354499294918,6.017309480397323,7.4180586443087435,6.905324133479115,1.2723418853533603,30
gecko,phi,uncoupled,flat,46,6.750111498569472,6.027594792390341,7.600544850254055,6.982507019560718,1.2931104435719014,30
gecko,phi,uncoupled,flat,47,6.7639731116563055,6.311413883752588,7.600544850254055,7.105038347677889,1.3808648389458003,30
gecko,phi,uncoupled,flat,48,6.7639731116563055,6.311413883752588,7.600544850254055,7.175405397576677,1.4896050844097275,30
gecko,phi,uncoupled,flat,49,6.800674082357829,6.348927453117135,7.600544850254055,7.225617587036009,1.4981197423667465,30
gecko,phi,uncoupled,flat,50,6.83138232763374,6.348927453117135,7.600544850254055,7.235899449713542,1.4921752828230066,30
gecko,phi,uncoupled,flat,51,6.896297822717563,6.393168388684368,7.656120540099172,7.3087062822241124,1.5149899971457326,30
gecko,phi,uncoupled,flat,52,6.9831026993037355,6.398458893592891,7.769238454208262,7.367212593920019,1.5550902106353746,30
gecko,phi,uncoupled,flat,53,6.999176272202279,6.4870420290505235,7.848235516363916,7.399599649639229,1.5467392472114028,30
gecko,phi,uncoupled,flat,54,7.041422330519327,6.4870420290505235,8.399265642804188,7.469355824073391,1.6168765980758697,30
gecko,phi,uncoupled,flat,55,7.041422330519327,6.4870420290505235,8.42621746068895,7.54202396812849,1.670513458681218,30
gecko,phi,uncoupled,flat,56,7.237104650826615,6.842715483141024,8.652574405724637,7.726743698238488,1.6654344191077806,30
gecko,phi,uncoupled,flat,57,7.475373181392383,6.842715483141024,8.652574405724637,7.792965640116449,1.6602894935518053,30
gecko,phi,uncoupled,flat,58,7.558555480681031,6.842715483141024,8.974255810121079,7.840419627231486,1.681396579180957,30
gecko,phi,uncoupled,flat,59,7.692847903377445,6.842715483141024,9.12014965932148,7.990779462312222,1.698101859297627,30
gecko,phi,uncoupled,flat,60,7.803523820364271,6.842715483141024,9.12014965932148,8.024310293373674,1.7035672472539127,30
gecko,phi,uncoupled,flat,61,7.813356371698415,6.842715483141024,9.12014965932148,8.052938012972803,1.7203874961776475,30
gecko,phi,uncoupled,flat,62,7.887609888286205,6.918810609554495,9.339752022140832,8.17316530615437,1.7402459441736933,30
gecko,phi,uncoupled,flat,63,7.965436902234025,7.122890627908756,9.538217256839904,8.241226004083732,1.7336102718329012,30
gecko,phi,uncoupled,flat,64,8.04537232113994,7.182236759236422,9.538217256839904,8.276347362531833,1.7317818278369306,30
gecko,phi,uncoupled,flat,65,8.143080615703028,7.182236759236422,9.538217256839904,8.35475878934728,1.7648530768837287,30
gecko,phi,uncoupled,flat,66,8.143080615703028,7.200974978445693,9.587404947157475,8.43417444459668,1.7838743431376187,30
gecko,phi,uncoupled,flat,67,8.143080615703028,7.257311857890498,9.849956857365544,8.479992753201424,1.7840087002203595,30
gecko,phi,uncoupled,flat,68,8.143080615703028,7.269724130341912,9.849956857365544,8.577089559484996,1.7671197243653491,30
gecko,phi,uncoupled,flat,69,8.143080615703028,7.326924408829693,9.849956857365544,8.589940376515164,1.774645598743464,30
gecko,phi,uncoupled,flat,70,8.150382615659115,7.326924408829693,9.849956857365544,8.643983837494305,1.7962208896365377,30
gecko,phi,uncoupled,flat,71,8.150382615659115,7.326924408829693,9.858635027959204,8.672654948564624,1.791257205721876,30
gecko,phi,uncoupled,flat,72,8.150382615659115,7.326924408829693,10.062867482193386,8.714365852841203,1.782659694767062,30
gecko,phi,uncoupled,flat,73,8.150382615659115,7.326924408829693,10.062867482193386,8.740183530026467,1.79127726097819,30
gecko,phi,uncoupled,flat,74,8.150382615659115,7.473369012969224,10.235421143598131,8.811637478140007,1.782236507293056,30
gecko,phi,uncoupled,flat,75,8.287922147113676,7.4864856290522335,10.235421143598131,8.859188712145992,1.801709725893815,30
gecko,phi,uncoupled,flat,76,8.287922147113676,7.494559950126313,10.235421143598131,8.872467200914624,1.8096928361531412,30
gecko,phi,uncoupled,flat,77,8.294964430235174,7.494559950126313,10.687359086263626,8.912824499612125,1.8509977042454075,30
gecko,phi,uncoupled,flat,78,8.64313189102866,7.696180783214991,10.687359086263626,8.961800588822095,1.8295085253660344,30
gecko,phi,uncoupled,flat,79,8.665169152601475,7.696180783214991,11.042305563800745,9.027572534271787,1.8704712215244368,30
gecko,phi,uncoupled,flat,80,8.665169152601475,7.696180783214991,11.045222253668221,9.047701965427118,1.8935471534253527,30
gecko,phi,uncoupled,flat,81,8.68497746030631,7.696180783214991,11.045222253668221,9.101945865682184,1.8881521294322745,30
gecko,phi,uncoupled,flat,82,8.827423501288244,7.803341906121037,11.077054448788646,9.178609238382219,1.8813993737346537,30
gecko,phi,uncoupled,flat,83,9.272001038832848,7.803341906121037,11.077054448788646,9.265899787768593,1.870377035534501,30
gecko,phi,uncoupled,flat,84,9.272001038832848,7.803341906121037,11.077054448788646,9.296568932375202,1.8742566061825134,30
gecko,phi,uncoupled,flat,85,9.501162312686464,7.803341906121037,11.086178444047524,9.413485809042847,1.91007020970677,30
gecko,phi,uncoupled,flat,86,9.501162312686464,7.979008109877328,11.086178444047524,9.477280619468472,1.8724044430937803,30
gecko,phi,uncoupled,flat,87,9.524242194658429,7.979008109877328,11.086178444047524,9.503216852789594,1.8878873677943704,30
gecko,phi,uncoupled,flat,88,9.868453691211347,8.037701928006914,11.321598099970323,9.623452907810009,1.8803540688477913,30
gecko,phi,uncoupled,flat,89,10.059735774053523,8.435882449755294,11.321598099970323,9.745391556942675,1.8746185446673267,30
gecko,phi,uncoupled,flat,90,10.059735774053523,8.472334006889291,11.321598099970323,9.780811259534198,1.88684554379446,30
gecko,phi,uncoupled,flat,91,10.059735774053523,8.514533176691579,11.449237427131155,9.850058072433436,1.9159299336181166,30
gecko,phi,uncoupled,flat,92,10.059735774053523,8.514533176691579,11.449237427131155,9.867747928836282,1.921966929769354,30
gecko,phi,uncoupled,flat,93,10.059735774053523,8.524469346828726,11.573609085985408,9.898248818528401,1.9221460484452804,30
gecko,phi,uncoupled,flat,94,10.334340372578726,8.524469346828726,11.573609085985408,9.950641079939366,1.9231408623377921,30
gecko,phi,uncoupled,flat,95,10.337685560724674,8.666971707089562,11.573609085985408,9.983243568911634,1.9079590293670268,30
gecko,phi,uncoupled,flat,96,10.537789746682826,8.670518413424011,11.573609085985408,10.039678001508255,1.891949923799709,30
gecko,phi,uncoupled,flat,97,10.537789746682826,8.699981867492138,11.602315425501548,10.104912247338063,1.8638615059765498,30
gecko,phi,uncoupled,flat,98,10.537789746682826,8.699981867492138,11.602315425501548,10.143938193932275,1.8566686324153996,30
gecko,phi,uncoupled,flat,99,10.561428003602494,8.699981867492138,11.602315425501548,10.183785516882372,1.8701562498015345,30
gecko,phi,uncoupled,flat,100,10.644177334053062,8.699981867492138,11.676624024245154,10.214486450278779,1.867658603455446,30
gecko,phi,uncoupled,flat,101,10.673214405880872,8.699981867492138,11.756338272926195,10.291386427156214,1.8576873158211524,30
gecko,phi,uncoupled,flat,102,10.673214405880872,8.92836003623102,11.76780366966361,10.353743363693352,1.8459927535801917,30
gecko,phi,uncoupled,flat,103,10.673214405880872,8.92836003623102,11.76780366966361,10.37347886783143,1.8496922571758756,30
gecko,phi,uncoupled,flat,104,10.73719389241231,9.22605370234918,11.826771818775287,10.468499560401776,1.8124792038566981,30
gecko,phi,uncoupled,flat,105,10.73719389241231,9.29053300647021,11.826771818775287,10.527780519928706,1.8058515611499775,30
gecko,phi,uncoupled,flat,106,10.84631774504265,9.35698769116631,11.875429035639018,10.555814133032351,1.8021525064952795,30
gecko,phi,uncoupled,flat,107,10.84631774504265,9.671719570321196,11.875429035639018,10.597183880547638,1.7767932138751714,30
gecko,phi,uncoupled,flat,108,10.967801853350418,9.693684884471244,11.91196731476115,10.61946919733819,1.7844762792490603,30
gecko,phi,uncoupled,flat,109,11.007734083056432,9.693684884471244,11.922493970412471,10.65245057634079,1.7810999112886587,30
gecko,phi,uncoupled,flat,110,11.020033881763222,9.70145008903292,11.922493970412471,10.688178055315118,1.7798486379311027,30
gecko,phi,uncoupled,flat,111,11.10960192962799,9.775058026860439,11.922493970412471,10.710130258244414,1.7711461527682186,30
gecko,phi,uncoupled,flat,112,11.16834998116985,9.822785376133794,11.922493970412471,10.736923733339134,1.7787537350147462,30
gecko,phi,uncoupled,flat,113,11.225679669382101,9.878477111404948,11.9582259765141,10.766475027439329,1.7874146762518983,30
gecko,phi,uncoupled,flat,114,11.258411785774697,10.301254402073909,11.9582259765141,10.826358131116883,1.791429618181031,30
gecko,phi,uncoupled,flat,115,11.260904019901945,10.324669285569627,11.9582259765141,10.854889530054606,1.7859601446904687,30
gecko,phi,uncoupled,flat,116,11.31063288649497,10.40027015951553,11.9582259765141,10.882390840070547,1.7869388783686797,30
gecko,phi,uncoupled,flat,117,11.369438471152446,10.472779943446918,11.999940078913326,10.931005553920995,1.7948298271941185,30
gecko,phi,uncoupled,flat,118,11.50471973652461,10.582723073789392,12.06711203464517,11.02392682180218,1.8159577483991067,30
gecko,phi,uncoupled,flat,119,11.570870110204371,10.606598814312822,12.140984909934248,11.065287490052258,1.8116463400544816,30
gecko,phi,uncoupled,flat,120,11.570870110204371,10.684179789121604,12.194493328147937,11.093188239063904,1.8207612325574507,30
gecko,phi,uncoupled,flat,121,11.589047164851555,10.7792503811826,12.194493328147937,11.117813316799936,1.8165778769076426,30
gecko,phi,uncoupled,flat,122,11.670029873019269,10.7792503811826,12.29309502204253,11.158070310526279,1.8347199909006415,30
gecko,phi,uncoupled,flat,123,11.670029873019269,10.979981603426934,12.328313788604266,11.208647014156012,1.8345946797045298,30
gecko,phi,uncoupled,flat,124,11.745073155681819,11.02981322432361,12.328313788604266,11.238580221326346,1.8415013688259596,30
gecko,phi,uncoupled,flat,125,11.745149992707503,11.02981322432361,12.427672094349738,11.255863740764466,1.8528511880103367,30
gecko,phi,uncoupled,flat,126,11.86091034606736,11.069025377377613,12.427672094349738,11.298726757048161,1.8536441546507822,30
gecko,phi,uncoupled,flat,127,11.880083196198651,11.076742483355979,12.433428512457748,11.327966927713073,1.8661801376877984,30
gecko,phi,uncoupled,flat,128,11.972496893815395,11.08588680948351,12.60684070389554,11.35741272413144,1.8727772168014079,30
gecko,phi,uncoupled,flat,129,12.071601624129443,11.08588680948351,12.60684070389554,11.38195598124946,1.8828124975929057,30
gecko,phi,uncoupled,flat,130,12.071601624129443,11.08588680948351,12.60684070389554,11.3836308082868,1.882027579928406,30
gecko,phi,uncoupled,flat,131,12.140256376192653,11.08588680948351,12.64837635655854,11.400187975125164,1.8899433141408637,30
gecko,phi,uncoupled,flat,132,12.140256376192653,11.252644805315072,12.690314407680397,11.424012776641904,1.8925776458803143,30
gecko,phi,uncoupled,flat,133,12.140256376192653,11.252644805315072,12.736457556863094,11.441885868756321,1.8974918355939747,30
gecko,phi,uncoupled,flat,134,12.190089576498254,11.252644805315072,12.736457556863094,11.455114928026834,1.9015267159748466,30
gecko,phi,uncoupled,flat,135,12.229627562337903,11.252644805315072,12.74672194518221,11.463595925937888,1.901738113018417,30
gecko,phi,uncoupled,flat,136,12.229627562337903,11.252644805315072,12.74672194518221,11.481255229061123,1.9006919238759548,30
gecko,phi,uncoupled,flat,137,12.23162985440553,11.252644805315072,12.748225141251353,11.49799139158642,1.906737646423778,30
gecko,phi,uncoupled,flat,138,12.284035757066873,11.252644805315072,12.777898763645943,11.522734349572618,1.910262433621372,30
gecko,phi,uncoupled,flat,139,12.324032877236185,11.252644805315072,12.777898763645943,11.5345994422149,1.9171200503979655,30
gecko,phi,uncoupled,flat,140,12.324032877236185,11.252644805315072,12.777898763645943,11.539894854898058,1.9199167729974083,30
gecko,phi,uncoupled,flat,141,12.35380594400666,11.338300505225096,12.777898763645943,11.560364039229537,1.926347438294817,30
gecko,phi,uncoupled,flat,142,12.35380594400666,11.347068799240596,12.777898763645943,11.572519983437239,1.932942416705946,30
gecko,phi,uncoupled,flat,143,12.35380594400666,11.411812792347739,12.777898763645943,11.609810066993713,1.9322756379744486,30
gecko,phi,uncoupled,flat,144,12.354912378803938,11.422994556958097,12.777898763645943,11.617500502582033,1.9350425428226223,30
gecko,phi,uncoupled,flat,145,12.425562328623748,11.445886248767316,12.777898763645943,11.642144178966312,1.936670374544686,30
gecko,phi,uncoupled,flat,146,12.425562328623748,11.445886248767316,12.820439112652576,11.65431948730306,1.9386779945404176,30
gecko,phi,uncoupled,flat,147,12.425562328623748,11.449256181822356,12.820439112652576,11.667050482233943,1.941297690846803,30
gecko,phi,uncoupled,flat,148,12.425562328623748,11.449256181822356,12.824404452997385,11.671961938231194,1.9430072854118832,30
gecko,phi,uncoupled,flat,149,12.467878460012894,11.484649991258046,12.925044551317432,11.699772151187402,1.952586699532121,30
gecko,phi,uncoupled,flat,150,12.467878460012894,11.499191845920091,12.938190696642987,11.718103177644325,1.9567384777501808,30
gecko,phi,uncoupled,flat,151,12.51333845986846,11.533203012019955,12.938190696642987,11.740135318989301,1.9649573335785113,30
gecko,phi,uncoupled,flat,152,12.51333845986846,11.54463285068529,12.938190696642987,11.747102251595459,1.9677659615341963,30
gecko,phi,uncoupled,flat,153,12.533958532007881,11.56072221257373,12.938190696642987,11.756546093140274,1.9679965496203378,30
gecko,phi,uncoupled,flat,154,12.558570197679956,11.780816936468973,12.98172819205584,11.782359195838437,1.9741174742458747,30
gecko,phi,uncoupled,flat,155,12.558570197679956,11.780816936468973,12.98172819205584,11.794589962398744,1.9745718920586193,30
gecko,phi,uncoupled,flat,156,12.597811368045392,11.815243228438504,13.07219427079259,11.827004990174931,1.9827754012559797,30
gecko,phi,uncoupled,flat,157,12.597811368045392,11.82579247644825,13.07219427079259,11.829693035630827,1.9833173859474513,30
gecko,phi,uncoupled,flat,158,12.597811368045392,11.880997896899125,13.07219427079259,11.834955198931931,1.9836217871124466,30
gecko,phi,uncoupled,flat,159,12.634241891390644,12.095066381369104,13.07219427079259,11.863235487722777,1.991344431972868,30
gecko,phi,uncoupled,flat,160,12.650348423819318,12.095066381369104,13.090720533068351,11.873855403496956,1.996195419162863,30
gecko,phi,uncoupled,flat,161,12.662891069875494,12.095066381369104,13.090720533068351,11.8838164779539,1.9997823031853639,30
gecko,phi,uncoupled,flat,162,12.727130611919687,12.095066381369104,13.090720533068351,11.89346250207986,2.0034726354671766,30
gecko,phi,uncoupled,flat,163,12.727130611919687,12.095066381369104,13.090720533068351,11.89617402417742,2.0027113426784737,30
gecko,phi,uncoupled,flat,164,12.743627599004899,12.10771408064352,13.090720533068351,11.903361072135652,2.0012929636928676,30
gecko,phi,uncoupled,flat,165,12.743627599004899,12.137385259435177,13.090720533068351,11.906879370921585,2.0023861868248685,30
gecko,phi,uncoupled,flat,166,12.743627599004899,12.273614583670076,13.121874854784199,11.92357358323081,2.002483088854127,30
gecko,phi,uncoupled,flat,167,12.751084389227987,12.273614583670076,13.170950769220585,11.942527939563655,2.0110982771807757,30
gecko,phi,uncoupled,flat,168,12.751084389227987,12.273614583670076,13.170950769220585,11.948201537076999,2.0138621674042456,30
gecko,phi,uncoupled,flat,169,12.855209998354741,12.309247124768106,13.219172079123103,11.98290464147194,2.0311476185138506,30
gecko,phi,uncoupled,flat,170,12.855209998354741,12.31379410992001,13.219172079123103,11.991633459338766,2.0334848699208083,30
gecko,phi,uncoupled,flat,171,12.855209998354741,12.31379410992001,13.219172079123103,11.9963864890521,2.032409587596957,30
gecko,phi,uncoupled,flat,172,12.857973654433579,12.320214646571733,13.233519536635317,12.011850434826878,2.0432148833357933,30
gecko,phi,uncoupled,flat,173,12.857973654433579,12.33406583449943,13.23931123016174,12.034840237402364,2.042596799530783,30
gecko,phi,uncoupled,flat,174,12.890798351597777,12.335253251133494,13.23931123016174,12.044302692276634,2.0468737718342354,30
gecko,phi,uncoupled,flat,175,12.890798351597777,12.335253251133494,13.23931123016174,12.051208490924443,2.048809102455063,30
gecko,phi,uncoupled,flat,176,12.900993504854348,12.347646938323127,13.249962134137991,12.056807620196375,2.0514220156707537,30
gecko,phi,uncoupled,flat,177,12.93013105416534,12.349926663009095,13.286612421728062,12.073713843645844,2.0585978395927267,30
gecko,phi,uncoupled,flat,178,12.978916042932477,12.349926663009095,13.286612421728062,12.084297019039775,2.061636450209379,30
gecko,phi,uncoupled,flat,179,12.978916042932477,12.355422584289787,13.286612421728062,12.087589195649192,2.0620616804363276,30
gecko,phi,uncoupled,flat,180,12.978916042932477,12.379340881862646,13.286612421728062,12.091376758486264,2.0630112982321447,30
gecko,phi,uncoupled,flat,181,12.978916042932477,12.40982559685007,13.295384683812308,12.10111500229412,2.06631212603712,30
gecko,phi,uncoupled,flat,182,13.00338083004484,12.40982559685007,13.295384683812308,12.11097966032069,2.0696002178678254,30
gecko,phi,uncoupled,flat,183,13.015946594754968,12.431766587049676,13.295384683812308,12.115076782555873,2.070986071571444,30
gecko,phi,uncoupled,flat,184,13.015946594754968,12.431766587049676,13.356544906904418,12.123591511087772,2.077060452549094,30
gecko,phi,uncoupled,flat,185,13.03140961812819,12.434880527554466,13.356544906904418,12.13564870151436,2.0869326786869173,30
gecko,phi,uncoupled,flat,186,13.039839100510466,12.434880527554466,13.360154816181542,12.145042454924964,2.0909268108781283,30
gecko,phi,uncoupled,flat,187,13.057435449147448,12.434880527554466,13.374839531187934,12.152109608330042,2.0940219476344573,30
gecko,phi,uncoupled,flat,188,13.088857231829305,12.434880527554466,13.374839531187934,12.160459845506951,2.0979853635677403,30
gecko,phi,uncoupled,flat,189,13.088857231829305,12.44944179937902,13.374839531187934,12.166842897864703,2.0991786350630237,30
gecko,phi,uncoupled,flat,190,13.088857231829305,12.453541393342464,13.402333826688619,12.171733153556291,2.101592423096709,30
gecko,phi,uncoupled,flat,191,13.088857231829305,12.499605268547466,13.402333826688619,12.18801051778118,2.117515767617865,30
gecko,phi,uncoupled,flat,192,13.123083759167343,12.499605268547466,13.412010666509213,12.199410247172345,2.1211221576484793,30
gecko,phi,uncoupled,flat,193,13.131292860941434,12.499605268547466,13.412010666509213,12.203781523340574,2.1228639771436217,30
gecko,phi,uncoupled,flat,194,13.142404558445335,12.499605268547466,13.41825016528974,12.212407126847047,2.1263958846921716,30
gecko,phi,uncoupled,flat,195,13.142404558445335,12.499605268547466,13.41825016528974,12.214423087111872,2.1253432705555357,30
gecko,phi,uncoupled,flat,196,13.164106722625252,12.499605268547466,13.43400765197213,12.219323468666854,2.12734152163696,30
gecko,phi,uncoupled,flat,197,13.164106722625252,12.499605268547466,13.434806871277857,12.222428621923907,2.1288200395560146,30
gecko,phi,uncoupled,flat,198,13.164106722625252,12.502863296819715,13.434806871277857,12.228058189444216,2.129387061058307,30
gecko,phi,uncoupled,flat,199,13.164106722625252,12.502863296819715,13.434806871277857,12.228058189444216,2.129387061058307,30
gecko,phi,uncoupled,flat,200,13.188184277679222,12.502863296819715,13.442704304004128,12.233151310428834,2.131643011440495,30
gecko,phi,uncoupled,flat,201,13.198670218086288,12.502863296819715,13.448733556715233,12.238982433271106,2.1343982330924423,30
gecko,phi,uncoupled,flat,202,13.198670218086288,12.502863296819715,13.448733556715233,12.240827843854586,2.13591673193637,30
gecko,phi,uncoupled,flat,203,13.198670218086288,12.519221613218075,13.448814260175038,12.24421823860343,2.137555002340704,30
gecko,phi,uncoupled,flat,204,13.198670218086288,12.519221613218075,13.448814260175038,12.247021188242654,2.141011439567093,30
gecko,phi,uncoupled,flat,205,13.198670218086288,12.519221613218075,13.47612972972117,12.253793554658474,2.1431769626858994,30
gecko,phi,uncoupled,flat,206,13.198670218086288,12.519221613218075,13.480804865427247,12.258986347455654,2.1452448191616376,30
gecko,phi,uncoupled,flat,207,13.228006380656158,12.519221613218075,13.497267087778882,12.265256697336188,2.1481705571863796,30
gecko,phi,uncoupled,flat,208,13.235741192386175,12.519221613218075,13.521903006682802,12.276121763944065,2.155145873755685,30
gecko,phi,uncoupled,flat,209,13.235741192386175,12.519221613218075,13.521903006682802,12.2794678816247,2.1569116374887622,30
gecko,phi,uncoupled,flat,210,13.235741192386175,12.524134978567538,13.523159623833182,12.284325244051555,2.1586146770911325,30
gecko,phi,uncoupled,flat,211,13.235741192386175,12.524134978567538,13.549885398996459,12.285870741591095,2.158811075237475,30
gecko,phi,uncoupled,flat,212,13.235741192386175,12.524134978567538,13.549885398996459,12.288440655659624,2.160403571741429,30
gecko,phi,uncoupled,flat,213,13.235741192386175,12.524134978567538,13.549885398996459,12.289828828490458,2.1601783927805855,30
gecko,phi,uncoupled,flat,214,13.235741192386175,12.524134978567538,13.549885398996459,12.292847643681792,2.160828426700231,30
gecko,phi,uncoupled,flat,215,13.235741192386175,12.524134978567538,13.549885398996459,12.29609819797064,2.1623222123843937,30
gecko,phi,uncoupled,flat,216,13.235741192386175,12.524134978567538,13.549885398996459,12.300629742270774,2.1658119204126107,30
gecko,phi,uncoupled,flat,217,13.249034643472484,12.524134978567538,13.549885398996459,12.30765865978723,2.1720469263505042,30
gecko,phi,uncoupled,flat,218,13.249034643472484,12.524134978567538,13.552100605799215,12.308867141833913,2.172231239335587,30
gecko,phi,uncoupled,flat,219,13.249034643472484,12.524134978567538,13.552100605799215,12.31374769760803,2.1726932805514334,30
gecko,phi,uncoupled,flat,220,13.249034643472484,12.524134978567538,13.55532689275468,12.315372677841028,2.1731895244944957,30
gecko,phi,uncoupled,flat,221,13.249034643472484,12.53129439767319,13.55532689275468,12.31943231736091,2.1758919973043214,30
gecko,phi,uncoupled,flat,222,13.249034643472484,12.53129439767319,13.55532689275468,12.321501994629465,2.17630437607169,30
gecko,phi,uncoupled,flat,223,13.249034643472484,12.53129439767319,13.55532689275468,12.323725446640596,2.1771510755284202,30
gecko,phi,uncoupled,flat,224,13.249034643472484,12.53129439767319,13.55532689275468,12.323891081601326,2.176780454460098,30
gecko,phi,uncoupled,flat,225,13.249034643472484,12.53129439767319,13.55532689275468,12.325790285963386,2.177792908539412,30
gecko,phi,uncoupled,flat,226,13.264500819240148,12.53129439767319,13.582928379661436,12.328736309256819,2.178659342367729,30
gecko,phi,uncoupled,flat,227,13.267567499411895,12.5318185536471,13.582928379661436,12.330964404934809,2.1788372460210184,30
gecko,phi,uncoupled,flat,228,13.267567499411895,12.5318185536471,13.582928379661436,12.331378043074158,2.1788160216220214,30
gecko,phi,uncoupled,flat,229,13.26987386291582,12.534370049504615,13.585962667574531,12.338031293961222,2.182002468110656,30
gecko,phi,uncoupled,flat,230,13.271695112495633,12.537823817762142,13.59104638912728,12.340183768904739,2.1830880608125645,30
gecko,phi,uncoupled,flat,231,13.271695112495633,12.537823817762142,13.591735091449683,12.340322552968273,2.1830185360983245,30
gecko,phi,uncoupled,flat,232,13.275415252997174,12.542108133526371,13.591735091449683,12.341133277820623,2.1833064797115287,30
gecko,phi,uncoupled,flat,233,13.275415252997174,12.542108133526371,13.591735091449683,12.343825314645496,2.1845862487841643,30
gecko,phi,uncoupled,flat,234,13.275415252997174,12.542108133526371,13.591735091449683,12.344470981022774,2.184858147028089,30
gecko,phi,uncoupled,flat,235,13.277003412734047,12.542108133526371,13.591735091449683,12.345078754875043,2.1849827265660275,30
gecko,phi,uncoupled,flat,236,13.278324948524453,12.542108133526371,13.591735091449683,12.345922816733722,2.185577105384288,30
gecko,phi,uncoupled,flat,237,13.289969163685798,12.542108133526371,13.591735091449683,12.347259651823297,2.186167586615097,30
gecko,phi,uncoupled,flat,238,13.293120231508915,12.542108133526371,13.591735091449683,12.351728221948262,2.188903016683791,30
gecko,phi,uncoupled,flat,239,13.296837175065063,12.542108133526371,13.591735091449683,12.353062815906556,2.189305897720442,30
gecko,phi,uncoupled,flat,240,13.296837175065063,12.542108133526371,13.591735091449683,12.353458692501238,2.188663275802826,30
gecko,phi,uncoupled,flat,241,13.296837175065063,12.542108133526371,13.591735091449683,12.356678729225855,2.191444973602364,30
gecko,phi,uncoupled,flat,242,13.312838193123808,12.543143578224509,13.591735091449683,12.359125072723804,2.1926765726706328,30
gecko,phi,uncoupled,flat,243,13.312838193123808,12.543143578224509,13.591735091449683,12.359718294310031,2.1931289251888,30
gecko,phi,uncoupled,flat,244,13.362579689012845,12.543143578224509,13.600408898137188,12.366745106064728,2.1977121517474463,30
gecko,phi,uncoupled,flat,245,13.362579689012845,12.543143578224509,13.600408898137188,12.366745106064728,2.1977121517474463,30
gecko,phi,uncoupled,flat,246,13.36349086957739,12.543143578224509,13.602475879723775,12.368128497253066,2.198964532621204,30
gecko,phi,uncoupled,flat,247,13.36349086957739,12.543143578224509,13.602475879723775,12.372819947356161,2.2014493320925848,30
gecko,phi,uncoupled,flat,248,13.36349086957739,12.556021682359866,13.602475879723775,12.374373694962422,2.2019992001882494,30
gecko,phi,uncoupled,flat,249,13.36349086957739,12.557042472973475,13.602475879723775,12.375625858290467,2.2027266085261306,30
gecko,phi,uncoupled,flat,250,13.36349086957739,12.557042472973475,13.602475879723775,12.376947282671324,2.2031657304234686,30
gecko,phi,uncoupled,flat,251,13.36349086957739,12.561309729638861,13.602475879723775,12.377843556946106,2.203582337352206,30
gecko,phi,uncoupled,flat,252,13.36349086957739,12.561309729638861,13.602475879723775,12.380969877838051,2.2056027426531677,30
gecko,phi,uncoupled,flat,253,13.364494476720614,12.561309729638861,13.605376913313561,12.38363875830985,2.208842148856623,30
gecko,phi,uncoupled,flat,254,13.3682425732971,12.561309729638861,13.605376913313561,12.38815975223099,2.2142522371310296,30
gecko,phi,uncoupled,flat,255,13.3682425732971,12.561309729638861,13.605376913313561,12.388988474776447,2.2146201460903425,30
gecko,phi,uncoupled,flat,256,13.3682425732971,12.561309729638861,13.605376913313561,12.392186433822987,2.2162930382235397,30
gecko,phi,uncoupled,flat,257,13.3682425732971,12.561309729638861,13.605376913313561,12.392865192736872,2.2161911733683874,30
gecko,phi,uncoupled,flat,258,13.3682425732971,12.561309729638861,13.605376913313561,12.392865192736872,2.2161911733683874,30
gecko,phi,uncoupled,flat,259,13.3682425732971,12.561309729638861,13.605376913313561,12.393243178677412,2.216310888326862,30
gecko,phi,uncoupled,flat,260,13.3682425732971,12.561309729638861,13.605376913313561,12.394543799705447,2.21707268085842,30
gecko,phi,uncoupled,flat,261,13.3682425732971,12.561309729638861,13.605376913313561,12.396566080998046,2.21824559803026,30
gecko,phi,uncoupled,flat,262,13.3682425732971,12.561309729638861,13.605376913313561,12.397009277245008,2.218459102606569,30
gecko,phi,uncoupled,flat,263,13.3682425732971,12.561309729638861,13.605376913313561,12.397009277245008,2.218459102606569,30
gecko,phi,uncoupled,flat,264,13.3682425732971,12.561309729638861,13.605376913313561,12.397242255495879,2.2184770053100356,30
gecko,phi,uncoupled,flat,265,13.3682425732971,12.561309729638861,13.605376913313561,12.397429022295428,2.218600900528171,30
gecko,phi,uncoupled,flat,266,13.3682425732971,12.561309729638861,13.605376913313561,12.39879033509355,2.219498465292128,30
gecko,phi,uncoupled,flat,267,13.3682425732971,12.56588252154156,13.605376913313561,12.399400040680575,2.21954758122176,30
gecko,phi,uncoupled,flat,268,13.3682425732971,12.56588252154156,13.605376913313561,12.39958689648214,2.2196188706046374,30
gecko,phi,uncoupled,flat,269,13.3682425732971,12.56588252154156,13.605376913313561,12.39958689648214,2.2196188706046374,30
gecko,phi,uncoupled,flat,270,13.3682425732971,12.56588252154156,13.605376913313561,12.399705852335043,2.2197889245403593,30
gecko,phi,uncoupled,flat,271,13.3682425732971,12.56588252154156,13.605376913313561,12.40207241225044,2.2215018136363,30
gecko,phi,uncoupled,flat,272,13.3682425732971,12.56588252154156,13.605376913313561,12.40208574001265,2.221508978225021,30
gecko,phi,uncoupled,flat,273,13.3682425732971,12.56588252154156,13.605376913313561,12.402326584984191,2.2216330557743422,30
gecko,phi,uncoupled,flat,274,13.3682425732971,12.56588252154156,13.605376913313561,12.40368824772387,2.2224993641326036,30
gecko,phi,uncoupled,flat,275,13.3682425732971,12.56588252154156,13.605376913313561,12.404130126844725,2.223015788431381,30
gecko,phi,uncoupled,flat,276,13.3682425732971,12.56588252154156,13.605376913313561,12.40503642309204,2.2243244512049465,30
gecko,phi,uncoupled,flat,277,13.3682425732971,12.56588252154156,13.605376913313561,12.40600956806034,2.2248889817721977,30
gecko,phi,uncoupled,flat,278,13.3682425732971,12.56588252154156,13.605376913313561,12.406188018866375,2.2244801700152546,30
gecko,phi,uncoupled,flat,279,13.3682425732971,12.56588252154156,13.605376913313561,12.407843009964305,2.2268721501812547,30
gecko,phi,uncoupled,flat,280,13.3682425732971,12.56588252154156,13.605376913313561,12.407843009964305,2.2268721501812547,30
gecko,phi,uncoupled,flat,281,13.3682425732971,12.56588252154156,13.605376913313561,12.407945566846289,2.2268714530216984,30
gecko,phi,uncoupled,flat,282,13.3682425732971,12.56588252154156,13.605376913313561,12.407945566846289,2.2268714530216984,30
gecko,phi,uncoupled,flat,283,13.3682425732971,12.56588252154156,13.605376913313561,12.408158190496568,2.226973416436149,30
gecko,phi,uncoupled,flat,284,13.3682425732971,12.56588252154156,13.605376913313561,12.408158274390583,2.226973288271882,30
gecko,phi,uncoupled,flat,285,13.3682425732971,12.56588252154156,13.605376913313561,12.409282985978782,2.228228428053265,30
gecko,phi,uncoupled,flat,286,13.3682425732971,12.56588252154156,13.605376913313561,12.411050180951362,2.2302921056115745,30
gecko,phi,uncoupled,flat,287,13.3682425732971,12.56588252154156,13.605376913313561,12.411519569026266,2.230563052805799,30
gecko,phi,uncoupled,flat,288,13.3682425732971,12.56588252154156,13.605376913313561,12.411776355213577,2.2305615050066208,30
gecko,phi,uncoupled,flat,289,13.3682425732971,12.56588252154156,13.605376913313561,12.411776355213577,2.2305615050066208,30
gecko,phi,uncoupled,flat,290,13.3682425732971,12.56588252154156,13.605376913313561,12.412080288263974,2.230820556619159,30
gecko,phi,uncoupled,flat,291,13.3682425732971,12.56588252154156,13.605376913313561,12.412422366345396,2.2302680087823044,30
gecko,phi,uncoupled,flat,292,13.3682425732971,12.56588252154156,13.605376913313561,12.412422366345396,2.2302680087823044,30
gecko,phi,uncoupled,flat,293,13.3682425732971,12.56588252154156,13.632213785677509,12.414225877894872,2.231270499981627,30
gecko,phi,uncoupled,flat,294,13.3682425732971,12.56588252154156,13.632213785677509,12.414566866795376,2.231433378227589,30
gecko,phi,uncoupled,flat,295,13.3682425732971,12.56588252154156,13.632213785677509,12.415892770517466,2.232204115155348,30
gecko,phi,uncoupled,flat,296,13.3682425732971,12.56588252154156,13.632213785677509,12.415892770517466,2.232204115155348,30
gecko,phi,uncoupled,flat,297,13.3682425732971,12.56588252154156,13.632213785677509,12.416844674804592,2.2336010720249955,30
gecko,phi,uncoupled,flat,298,13.3682425732971,12.56588252154156,13.632213785677509,12.416844674804592,2.2336010720249955,30
gecko,phi,uncoupled,flat,299,13.3682425732971,12.56588252154156,13.632213785677509,12.416844674804592,2.2336010720249955,30
gecko,phi,uncoupled,flat,300,13.3682425732971,12.56588252154156,13.632213785677509,12.419148627745892,2.2359922517785047,30
gecko,phi,uncoupled,rugged,1,1.7449,1.5243,2.4409,1.954,0.577,30
gecko,phi,uncoupled,rugged,2,2.5437,2.2772,3.1634,2.7656,0.8192,30
gecko,phi,uncoupled,rugged,3,2.7421,2.3254,3.3307,2.9029,0.8504,30
gecko,phi,uncoupled,rugged,4,3.0251,2.5158,3.4407,3.1809,0.9578,30
gecko,phi,uncoupled,rugged,5,3.1633,2.9458,3.8563,3.386,0.8772,30
gecko,phi,uncoupled,rugged,6,3.316,3.086,4.295,3.6326,0.9237,30
gecko,phi,uncoupled,rugged,7,3.3644,3.1281,4.3299,3.7314,0.9374,30
gecko,phi,uncoupled,rugged,8,3.3644,3.1281,4.3299,3.7417,0.9394,30
gecko,phi,uncoupled,rugged,9,3.6713,3.195,4.3336,3.8268,0.9226,30
gecko,phi,uncoupled,rugged,10,4.1536,3.1999,4.5929,3.9877,0.9676,30
gecko,phi,uncoupled,rugged,11,4.3188,3.3733,4.7193,4.1645,0.8837,30
gecko,phi,uncoupled,rugged,12,4.3188,3.3733,4.7624,4.175,0.891,30
gecko,phi,uncoupled,rugged,13,4.3507,3.7642,4.8819,4.2912,0.8556,30
gecko,phi,uncoupled,rugged,14,4.3507,3.7642,4.8819,4.3267,0.8041,30
gecko,phi,uncoupled,rugged,15,4.3507,3.8399,4.8819,4.354,0.8038,30
gecko,phi,uncoupled,rugged,16,4.405,4.0912,4.919,4.465,0.7869,30
gecko,phi,uncoupled,rugged,17,4.4213,4.1856,4.919,4.4928,0.7684,30
gecko,phi,uncoupled,rugged,18,4.4213,4.1856,4.919,4.4928,0.7684,30
gecko,phi,uncoupled,rugged,19,4.4213,4.1856,4.919,4.505,0.7721,30
gecko,phi,uncoupled,rugged,20,4.4213,4.1856,4.919,4.5582,0.8169,30
gecko,phi,uncoupled,rugged,21,4.6303,4.2337,5.0711,4.644,0.8196,30
gecko,phi,uncoupled,rugged,22,4.6765,4.2337,5.0711,4.6738,0.809,30
gecko,phi,uncoupled,rugged,23,4.7016,4.3286,5.2906,4.7418,0.777,30
gecko,phi,uncoupled,rugged,24,4.8347,4.3451,5.2929,4.8451,0.7895,30
gecko,phi,uncoupled,rugged,25,4.9099,4.3451,5.3006,4.894,0.8269,30
gecko,phi,uncoupled,rugged,26,4.9099,4.3524,5.439,4.9154,0.8236,30
gecko,phi,uncoupled,rugged,27,4.9362,4.3524,5.4558,4.9509,0.828,30
gecko,phi,uncoupled,rugged,28,5.0251,4.4794,5.4558,5.0337,0.8181,30
gecko,phi,uncoupled,rugged,29,5.0619,4.7221,5.477,5.1263,0.8097,30
gecko,phi,uncoupled,rugged,30,5.0619,4.7221,5.477,5.1702,0.8792,30
gecko,phi,uncoupled,rugged,31,5.298,4.7221,5.5929,5.2243,0.8874,30
gecko,phi,uncoupled,rugged,32,5.298,4.748,5.5929,5.2526,0.8725,30
gecko,phi,uncoupled,rugged,33,5.3093,4.7759,5.6882,5.3019,0.8704,30
gecko,phi,uncoupled,rugged,34,5.3093,4.8146,5.6882,5.3089,0.8668,30
gecko,phi,uncoupled,rugged,35,5.424,4.9741,5.7904,5.4019,0.846,30
gecko,phi,uncoupled,rugged,36,5.4537,5.0235,5.9468,5.4408,0.8442,30
gecko,phi,uncoupled,rugged,37,5.4548,5.0362,5.9852,5.4775,0.8714,30
gecko,phi,uncoupled,rugged,38,5.4706,5.0689,6.0111,5.5158,0.8726,30
gecko,phi,uncoupled,rugged,39,5.4706,5.1247,6.0474,5.5369,0.8795,30
gecko,phi,uncoupled,rugged,40,5.4775,5.2073,6.201,5.6146,0.8527,30
gecko,phi,uncoupled,rugged,41,5.6502,5.2073,6.201,5.7062,0.9782,30
gecko,phi,uncoupled,rugged,42,5.7017,5.219,6.2352,5.7833,1.0034,30
gecko,phi,uncoupled,rugged,43,5.7017,5.2553,6.2352,5.8145,1.0099,30
gecko,phi,uncoupled,rugged,44,5.7886,5.2662,6.3426,5.8527,1.0046,30
gecko,phi,uncoupled,rugged,45,5.9631,5.3418,6.5053,5.9528,1.0233,30
gecko,phi,uncoupled,rugged,46,6.0896,5.3418,6.6032,5.9856,1.0412,30
gecko,phi,uncoupled,rugged,47,6.0896,5.4085,6.6032,6.0017,1.0332,30
gecko,phi,uncoupled,rugged,48,6.1079,5.4085,6.6032,6.0175,1.048,30
gecko,phi,uncoupled,rugged,49,6.1753,5.4642,6.6968,6.0815,1.0467,30
gecko,phi,uncoupled,rugged,50,6.1846,5.5557,6.8919,6.1775,1.0693,30
gecko,phi,uncoupled,rugged,51,6.1884,5.5557,6.8919,6.1953,1.0487,30
gecko,phi,uncoupled,rugged,52,6.2415,5.6393,6.8919,6.2243,1.0382,30
gecko,phi,uncoupled,rugged,53,6.286,5.8256,6.9545,6.2565,1.0325,30
gecko,phi,uncoupled,rugged,54,6.3472,5.8779,7.0206,6.2903,1.032,30
gecko,phi,uncoupled,rugged,55,6.3964,5.8779,7.0206,6.3433,1.1033,30
gecko,phi,uncoupled,rugged,56,6.4765,5.9681,7.1239,6.4435,1.1282,30
gecko,phi,uncoupled,rugged,57,6.4765,5.9696,7.2166,6.4813,1.1411,30
gecko,phi,uncoupled,rugged,58,6.516,5.9956,7.2166,6.5212,1.1386,30
gecko,phi,uncoupled,rugged,59,6.5884,5.9956,7.2314,6.5632,1.1645,30
gecko,phi,uncoupled,rugged,60,6.7633,6.1527,7.2886,6.6371,1.1438,30
gecko,phi,uncoupled,rugged,61,6.7642,6.2282,7.2886,6.6651,1.1436,30
gecko,phi,uncoupled,rugged,62,6.8571,6.2282,7.2886,6.7034,1.1539,30
gecko,phi,uncoupled,rugged,63,6.8571,6.2417,7.3396,6.7429,1.1776,30
gecko,phi,uncoupled,rugged,64,6.9046,6.4167,7.3396,6.7788,1.1819,30
gecko,phi,uncoupled,rugged,65,7.0053,6.4167,7.3396,6.8133,1.1903,30
gecko,phi,uncoupled,rugged,66,7.1036,6.4167,7.4273,6.8475,1.1936,30
gecko,phi,uncoupled,rugged,67,7.1493,6.4705,7.4495,6.887,1.1857,30
gecko,phi,uncoupled,rugged,68,7.1589,6.5111,7.68,6.958,1.2126,30
gecko,phi,uncoupled,rugged,69,7.1589,6.5111,7.7188,6.9674,1.206,30
gecko,phi,uncoupled,rugged,70,7.1589,6.5111,7.7188,7.0059,1.183,30
gecko,phi,uncoupled,rugged,71,7.1656,6.5349,7.7188,7.0548,1.1731,30
gecko,phi,uncoupled,rugged,72,7.1656,6.6172,7.7188,7.1016,1.2065,30
gecko,phi,uncoupled,rugged,73,7.1866,6.906,7.7818,7.2001,1.2582,30
gecko,phi,uncoupled,rugged,74,7.1938,6.9642,7.7851,7.22,1.2469,30
gecko,phi,uncoupled,rugged,75,7.2501,6.9642,7.8013,7.2614,1.2106,30
gecko,phi,uncoupled,rugged,76,7.4305,6.9642,7.8013,7.3444,1.2188,30
gecko,phi,uncoupled,rugged,77,7.4305,6.9725,7.8013,7.3723,1.2567,30
gecko,phi,uncoupled,rugged,78,7.5164,6.9813,7.8106,7.4012,1.258,30
gecko,phi,uncoupled,rugged,79,7.5193,6.9835,7.9916,7.4422,1.2577,30
gecko,phi,uncoupled,rugged,80,7.614,7.0943,8.0552,7.5075,1.2528,30
gecko,phi,uncoupled,rugged,81,7.6302,7.0943,8.0552,7.5399,1.2545,30
gecko,phi,uncoupled,rugged,82,7.668,7.1472,8.0552,7.6026,1.2136,30
gecko,phi,uncoupled,rugged,83,7.7058,7.1472,8.2389,7.6423,1.2187,30
gecko,phi,uncoupled,rugged,84,7.7529,7.1987,8.2557,7.6827,1.2237,30
gecko,phi,uncoupled,rugged,85,7.7529,7.2183,8.373,7.7282,1.2512,30
gecko,phi,uncoupled,rugged,86,7.7572,7.2247,8.373,7.7326,1.2512,30
gecko,phi,uncoupled,rugged,87,7.9184,7.2247,8.373,7.7538,1.2525,30
gecko,phi,uncoupled,rugged,88,7.9184,7.3319,8.373,7.7727,1.2551,30
gecko,phi,uncoupled,rugged,89,7.9487,7.358,8.373,7.8204,1.2718,30
gecko,phi,uncoupled,rugged,90,7.9487,7.358,8.373,7.8311,1.2665,30
gecko,phi,uncoupled,rugged,91,7.9605,7.3699,8.373,7.8518,1.2575,30
gecko,phi,uncoupled,rugged,92,7.9907,7.618,8.4639,7.9747,1.2963,30
gecko,phi,uncoupled,rugged,93,8.0108,7.6328,8.4639,7.9884,1.3041,30
gecko,phi,uncoupled,rugged,94,8.0108,7.7411,8.4639,8.0435,1.3684,30
gecko,phi,uncoupled,rugged,95,8.0541,7.7761,8.4639,8.0546,1.3669,30
gecko,phi,uncoupled,rugged,96,8.0666,7.7761,8.6234,8.0983,1.4019,30
gecko,phi,uncoupled,rugged,97,8.1194,7.8271,8.6899,8.1255,1.4098,30
gecko,phi,uncoupled,rugged,98,8.1194,7.8813,8.6899,8.1516,1.4029,30
gecko,phi,uncoupled,rugged,99,8.1659,7.9107,8.6899,8.1619,1.4025,30
gecko,phi,uncoupled,rugged,100,8.1659,7.9107,8.6899,8.1648,1.4023,30
gecko,phi,uncoupled,rugged,101,8.1659,7.9209,8.6899,8.1669,1.402,30
gecko,phi,uncoupled,rugged,102,8.209,7.9209,8.6899,8.1868,1.4071,30
gecko,phi,uncoupled,rugged,103,8.2311,7.952,8.9124,8.2189,1.4104,30
gecko,phi,uncoupled,rugged,104,8.2598,7.952,8.99,8.2411,1.4152,30
gecko,phi,uncoupled,rugged,105,8.2598,7.9538,8.99,8.2873,1.4719,30
gecko,phi,uncoupled,rugged,106,8.3122,8.0247,9.3499,8.3655,1.5017,30
gecko,phi,uncoupled,rugged,107,8.3597,8.0937,9.3499,8.3778,1.5008,30
gecko,phi,uncoupled,rugged,108,8.3597,8.1347,9.38,8.408,1.5071,30
gecko,phi,uncoupled,rugged,109,8.3597,8.1889,9.38,8.4378,1.5082,30
gecko,phi,uncoupled,rugged,110,8.3597,8.2075,9.38,8.4465,1.4983,30
gecko,phi,uncoupled,rugged,111,8.373,8.2131,9.4171,8.4725,1.5011,30
gecko,phi,uncoupled,rugged,112,8.3798,8.2131,9.5039,8.4812,1.5042,30
gecko,phi,uncoupled,rugged,113,8.4456,8.2152,9.5881,8.5271,1.5214,30
gecko,phi,uncoupled,rugged,114,8.4456,8.2152,9.6416,8.5648,1.5432,30
gecko,phi,uncoupled,rugged,115,8.4456,8.2152,9.6416,8.5783,1.5467,30
gecko,phi,uncoupled,rugged,116,8.4492,8.2152,9.6416,8.5902,1.5548,30
gecko,phi,uncoupled,rugged,117,8.4492,8.2152,9.6416,8.5902,1.5548,30
gecko,phi,uncoupled,rugged,118,8.4492,8.2152,9.8469,8.6018,1.5614,30
gecko,phi,uncoupled,rugged,119,8.4492,8.2152,9.9112,8.6075,1.564,30
gecko,phi,uncoupled,rugged,120,8.4492,8.2152,9.9112,8.616,1.5702,30
gecko,phi,uncoupled,rugged,121,8.4788,8.2152,9.9112,8.6441,1.6008,30
gecko,phi,uncoupled,rugged,122,8.4788,8.2152,9.9285,8.6473,1.5988,30
gecko,phi,uncoupled,rugged,123,8.4788,8.2314,9.9331,8.6486,1.5989,30
gecko,phi,uncoupled,rugged,124,8.4934,8.2314,9.9331,8.6552,1.5943,30
gecko,phi,uncoupled,rugged,125,8.5059,8.2314,9.9495,8.6696,1.6096,30
gecko,phi,uncoupled,rugged,126,8.5059,8.2326,10.0779,8.7156,1.6507,30
gecko,phi,uncoupled,rugged,127,8.5905,8.2486,10.1247,8.7525,1.6697,30
gecko,phi,uncoupled,rugged,128,8.5905,8.2486,10.2353,8.7783,1.672,30
gecko,phi,uncoupled,rugged,129,8.5905,8.2486,10.2777,8.7938,1.6712,30
gecko,phi,uncoupled,rugged,130,8.5905,8.2911,10.2777,8.8157,1.6751,30
gecko,phi,uncoupled,rugged,131,8.5905,8.2911,10.2858,8.8186,1.6782,30
gecko,phi,uncoupled,rugged,132,8.5905,8.2925,10.2858,8.8305,1.6804,30
gecko,phi,uncoupled,rugged,133,8.5905,8.2962,10.3387,8.8483,1.6909,30
gecko,phi,uncoupled,rugged,134,8.5905,8.2994,10.489,8.8685,1.6956,30
gecko,phi,uncoupled,rugged,135,8.5905,8.2994,10.489,8.8845,1.7168,30
gecko,phi,uncoupled,rugged,136,8.5996,8.2994,10.489,8.8896,1.7172,30
gecko,phi,uncoupled,rugged,137,8.5996,8.2994,10.489,8.894,1.7143,30
gecko,phi,uncoupled,rugged,138,8.5996,8.3385,10.489,8.9089,1.7277,30
gecko,phi,uncoupled,rugged,139,8.5996,8.3385,10.489,8.9094,1.7275,30
gecko,phi,uncoupled,rugged,140,8.6,8.3392,10.489,8.9099,1.7274,30
gecko,phi,uncoupled,rugged,141,8.6187,8.3392,10.489,8.9111,1.7272,30
gecko,phi,uncoupled,rugged,142,8.6187,8.3392,10.5269,8.9159,1.7314,30
gecko,phi,uncoupled,rugged,143,8.6187,8.3392,10.5269,8.9271,1.739,30
gecko,phi,uncoupled,rugged,144,8.6187,8.3392,10.5269,8.9271,1.739,30
gecko,phi,uncoupled,rugged,145,8.6187,8.3392,10.5269,8.9305,1.7372,30
gecko,phi,uncoupled,rugged,146,8.6187,8.3392,10.5269,8.9309,1.7375,30
gecko,phi,uncoupled,rugged,147,8.6187,8.3392,10.5269,8.9382,1.74,30
gecko,phi,uncoupled,rugged,148,8.6198,8.3392,10.5269,8.9389,1.7399,30
gecko,phi,uncoupled,rugged,149,8.6462,8.3392,10.5269,8.9447,1.7417,30
gecko,phi,uncoupled,rugged,150,8.6462,8.3392,10.5576,8.9549,1.7525,30
gecko,phi,uncoupled,rugged,151,8.6462,8.3392,10.6018,8.9937,1.8065,30
gecko,phi,uncoupled,rugged,152,8.6462,8.3442,10.6224,8.9954,1.8069,30
gecko,phi,uncoupled,rugged,153,8.6462,8.3482,10.6224,9.0041,1.8154,30
gecko,phi,uncoupled,rugged,154,8.6462,8.3482,10.6224,9.0041,1.8154,30
gecko,phi,uncoupled,rugged,155,8.6462,8.3482,10.6224,9.0045,1.8147,30
gecko,phi,uncoupled,rugged,156,8.6462,8.3482,10.6224,9.0073,1.8158,30
gecko,phi,uncoupled,rugged,157,8.6462,8.3482,10.6227,9.0259,1.8222,30
gecko,phi,uncoupled,rugged,158,8.6706,8.3482,10.7114,9.0427,1.833,30
gecko,phi,uncoupled,rugged,159,8.6774,8.3482,10.7473,9.0581,1.8482,30
gecko,phi,uncoupled,rugged,160,8.6774,8.3482,10.7473,9.062,1.8487,30
gecko,phi,uncoupled,rugged,161,8.6774,8.3482,10.7473,9.0647,1.8499,30
gecko,phi,uncoupled,rugged,162,8.6774,8.3482,10.7473,9.0666,1.849,30
gecko,phi,uncoupled,rugged,163,8.6774,8.3482,10.7473,9.0668,1.8492,30
gecko,phi,uncoupled,rugged,164,8.6774,8.361,10.7473,9.0694,1.8483,30
gecko,phi,uncoupled,rugged,165,8.6818,8.361,10.7473,9.0704,1.849,30
gecko,phi,uncoupled,rugged,166,8.6874,8.361,10.7473,9.0722,1.8491,30
gecko,phi,uncoupled,rugged,167,8.6874,8.361,10.7473,9.0908,1.868,30
gecko,phi,uncoupled,rugged,168,8.6874,8.361,10.8098,9.1192,1.8898,30
gecko,phi,uncoupled,rugged,169,8.6874,8.361,10.8098,9.1284,1.8994,30
gecko,phi,uncoupled,rugged,170,8.6874,8.361,10.8098,9.1293,1.8982,30
gecko,phi,uncoupled,rugged,171,8.6874,8.361,10.8098,9.1293,1.8982,30
gecko,phi,uncoupled,rugged,172,8.7001,8.3932,10.8098,9.1356,1.9018,30
gecko,phi,uncoupled,rugged,173,8.7001,8.3932,10.9834,9.1436,1.9092,30
gecko,phi,uncoupled,rugged,174,8.7001,8.3932,10.9834,9.1473,1.9031,30
gecko,phi,uncoupled,rugged,175,8.7107,8.3932,10.9834,9.1533,1.9067,30
gecko,phi,uncoupled,rugged,176,8.7107,8.3932,10.9834,9.1547,1.9071,30
gecko,phi,uncoupled,rugged,177,8.7131,8.3932,10.9834,9.1548,1.907,30
gecko,phi,uncoupled,rugged,178,8.7131,8.3932,10.9986,9.1593,1.9096,30
gecko,phi,uncoupled,rugged,179,8.7131,8.3932,10.9986,9.161,1.9075,30
gecko,phi,uncoupled,rugged,180,8.7131,8.3932,10.9986,9.161,1.9075,30
gecko,phi,uncoupled,rugged,181,8.7131,8.3943,10.9986,9.1647,1.9055,30
gecko,phi,uncoupled,rugged,182,8.7131,8.3943,10.9986,9.1647,1.9055,30
gecko,phi,uncoupled,rugged,183,8.7131,8.3998,10.9986,9.166,1.9051,30
gecko,phi,uncoupled,rugged,184,8.7131,8.3998,10.9986,9.167,1.9048,30
gecko,phi,uncoupled,rugged,185,8.7131,8.3998,11.0759,9.1777,1.9146,30
gecko,phi,uncoupled,rugged,186,8.7131,8.3998,11.0822,9.1811,1.9184,30
gecko,phi,uncoupled,rugged,187,8.7131,8.3998,11.0822,9.1811,1.9184,30
gecko,phi,uncoupled,rugged,188,8.7131,8.3998,11.0822,9.1811,1.9184,30
gecko,phi,uncoupled,rugged,189,8.7131,8.3998,11.0822,9.1817,1.9192,30
gecko,phi,uncoupled,rugged,190,8.7131,8.3998,11.0822,9.1817,1.9192,30
gecko,phi,uncoupled,rugged,191,8.7131,8.4012,11.0822,9.1819,1.9191,30
gecko,phi,uncoupled,rugged,192,8.7131,8.4012,11.0822,9.1819,1.9191,30
gecko,phi,uncoupled,rugged,193,8.7131,8.4012,11.0822,9.1819,1.9191,30
gecko,phi,uncoupled,rugged,194,8.7131,8.4012,11.0822,9.182,1.9191,30
gecko,phi,uncoupled,rugged,195,8.7131,8.4017,11.0822,9.1879,1.9206,30
gecko,phi,uncoupled,rugged,196,8.7131,8.4017,11.0822,9.1879,1.9206,30
gecko,phi,uncoupled,rugged,197,8.7131,8.4017,11.0822,9.1928,1.9271,30
gecko,phi,uncoupled,rugged,198,8.7131,8.4017,11.0822,9.1936,1.9267,30
gecko,phi,uncoupled,rugged,199,8.7131,8.4017,11.0822,9.1938,1.9267,30
gecko,phi,uncoupled,rugged,200,8.7131,8.4017,11.0822,9.1938,1.9267,30
gecko,phi,uncoupled,rugged,201,8.7131,8.4017,11.0822,9.1938,1.9267,30
gecko,phi,uncoupled,rugged,202,8.7131,8.4017,11.0822,9.1945,1.9264,30
gecko,phi,uncoupled,rugged,203,8.7131,8.4017,11.0822,9.1945,1.9264,30
gecko,phi,uncoupled,rugged,204,8.7131,8.4111,11.0822,9.1958,1.9272,30
gecko,phi,uncoupled,rugged,205,8.7131,8.4111,11.0822,9.1958,1.9272,30
gecko,phi,uncoupled,rugged,206,8.7131,8.4111,11.0822,9.1958,1.9272,30
gecko,phi,uncoupled,rugged,207,8.7131,8.4111,11.0822,9.1963,1.9271,30
gecko,phi,uncoupled,rugged,208,8.7131,8.4111,11.0822,9.1964,1.9271,30
gecko,phi,uncoupled,rugged,209,8.7131,8.4111,11.0822,9.1977,1.9268,30
gecko,phi,uncoupled,rugged,210,8.7131,8.4111,11.0822,9.1986,1.9277,30
gecko,phi,uncoupled,rugged,211,8.7143,8.4111,11.0822,9.2022,1.9277,30
gecko,phi,uncoupled,rugged,212,8.7143,8.4111,11.0822,9.2027,1.9264,30
gecko,phi,uncoupled,rugged,213,8.7143,8.4111,11.0822,9.2027,1.9264,30
gecko,phi,uncoupled,rugged,214,8.7143,8.4111,11.0822,9.2035,1.9261,30
gecko,phi,uncoupled,rugged,215,8.7143,8.4111,11.0822,9.2035,1.9261,30
gecko,phi,uncoupled,rugged,216,8.7143,8.4111,11.0822,9.2035,1.9261,30
gecko,phi,uncoupled,rugged,217,8.7143,8.4111,11.0822,9.2035,1.9261,30
gecko,phi,uncoupled,rugged,218,8.7143,8.4111,11.0822,9.2035,1.9261,30
gecko,phi,uncoupled,rugged,219,8.7143,8.4111,11.0822,9.2042,1.9263,30
gecko,phi,uncoupled,rugged,220,8.7143,8.4111,11.0822,9.2042,1.9263,30
gecko,phi,uncoupled,rugged,221,8.7143,8.4111,11.0822,9.2042,1.9263,30
gecko,phi,uncoupled,rugged,222,8.7204,8.4111,11.0822,9.2046,1.9262,30
gecko,phi,uncoupled,rugged,223,8.7204,8.4111,11.0822,9.2046,1.9262,30
gecko,phi,uncoupled,rugged,224,8.7204,8.4111,11.0822,9.2046,1.9262,30
gecko,phi,uncoupled,rugged,225,8.7204,8.4111,11.0822,9.2046,1.9262,30
gecko,phi,uncoupled,rugged,226,8.7204,8.4111,11.0822,9.2049,1.9261,30
gecko,phi,uncoupled,rugged,227,8.7204,8.4111,11.0822,9.2049,1.9261,30
gecko,phi,uncoupled,rugged,228,8.7204,8.4111,11.0822,9.2067,1.9277,30
gecko,phi,uncoupled,rugged,229,8.7204,8.4111,11.0822,9.2077,1.9287,30
gecko,phi,uncoupled,rugged,230,8.7204,8.4111,11.0822,9.2083,1.9288,30
gecko,phi,uncoupled,rugged,231,8.7204,8.4111,11.0822,9.2134,1.9333,30
gecko,phi,uncoupled,rugged,232,8.7281,8.4111,11.0822,9.2169,1.9367,30
gecko,phi,uncoupled,rugged,233,8.7281,8.4111,11.0822,9.2178,1.9371,30
gecko,phi,uncoupled,rugged,234,8.7281,8.4111,11.0822,9.2178,1.9371,30
gecko,phi,uncoupled,rugged,235,8.7281,8.4111,11.0822,9.2178,1.9371,30
gecko,phi,uncoupled,rugged,236,8.7281,8.4111,11.0822,9.2178,1.9371,30
gecko,phi,uncoupled,rugged,237,8.7281,8.4111,11.0822,9.2178,1.9371,30
gecko,phi,uncoupled,rugged,238,8.7281,8.4149,11.0822,9.2212,1.9418,30
gecko,phi,uncoupled,rugged,239,8.7281,8.4149,11.1498,9.2306,1.9511,30
gecko,phi,uncoupled,rugged,240,8.7281,8.4149,11.1498,9.2306,1.9511,30
gecko,phi,uncoupled,rugged,241,8.7281,8.4149,11.1498,9.2306,1.9511,30
gecko,phi,uncoupled,rugged,242,8.7281,8.4149,11.1498,9.2306,1.9511,30
gecko,phi,uncoupled,rugged,243,8.7281,8.4149,11.1498,9.2306,1.9511,30
gecko,phi,uncoupled,rugged,244,8.7281,8.4149,11.1498,9.2306,1.9511,30
gecko,phi,uncoupled,rugged,245,8.7281,8.4239,11.1498,9.231,1.951,30
gecko,phi,uncoupled,rugged,246,8.7281,8.4239,11.1498,9.2331,1.9532,30
gecko,phi,uncoupled,rugged,247,8.7281,8.4239,11.1498,9.2342,1.9529,30
gecko,phi,uncoupled,rugged,248,8.7281,8.4239,11.1498,9.2342,1.9529,30
gecko,phi,uncoupled,rugged,249,8.7281,8.4239,11.1498,9.2346,1.9529,30
gecko,phi,uncoupled,rugged,250,8.7315,8.4239,11.1498,9.237,1.9548,30
gecko,phi,uncoupled,rugged,251,8.7315,8.4239,11.1498,9.237,1.9548,30
gecko,phi,uncoupled,rugged,252,8.7315,8.4239,11.1498,9.237,1.9548,30
gecko,phi,uncoupled,rugged,253,8.7315,8.4239,11.1498,9.237,1.9548,30
gecko,phi,uncoupled,rugged,254,8.7315,8.4239,11.1498,9.2389,1.9544,30
gecko,phi,uncoupled,rugged,255,8.7315,8.4239,11.1498,9.2422,1.9579,30
gecko,phi,uncoupled,rugged,256,8.7315,8.4239,11.1498,9.2423,1.9578,30
gecko,phi,uncoupled,rugged,257,8.7315,8.4239,11.1498,9.2423,1.9578,30
gecko,phi,uncoupled,rugged,258,8.7315,8.4239,11.1498,9.2436,1.9581,30
gecko,phi,uncoupled,rugged,259,8.7315,8.4239,11.1498,9.2436,1.9581,30
gecko,phi,uncoupled,rugged,260,8.7315,8.4239,11.1498,9.2436,1.9581,30
gecko,phi,uncoupled,rugged,261,8.7315,8.4239,11.1498,9.2436,1.9581,30
gecko,phi,uncoupled,rugged,262,8.7315,8.4239,11.1498,9.2445,1.9572,30
gecko,phi,uncoupled,rugged,263,8.7315,8.4239,11.1498,9.2507,1.9648,30
gecko,phi,uncoupled,rugged,264,8.7315,8.4239,11.1514,9.2509,1.965,30
gecko,phi,uncoupled,rugged,265,8.7315,8.4239,11.1514,9.254,1.9683,30
gecko,phi,uncoupled,rugged,266,8.7315,8.4239,11.1514,9.254,1.9683,30
gecko,phi,uncoupled,rugged,267,8.7315,8.4239,11.1514,9.254,1.9683,30
gecko,phi,uncoupled,rugged,268,8.7315,8.4239,11.1514,9.2543,1.9682,30
gecko,phi,uncoupled,rugged,269,8.7315,8.4239,11.1514,9.2543,1.9682,30
gecko,phi,uncoupled,rugged,270,8.7315,8.4239,11.1514,9.2543,1.9682,30
gecko,phi,uncoupled,rugged,271,8.7315,8.4239,11.1514,9.2543,1.9682,30
gecko,phi,uncoupled,rugged,272,8.7315,8.4239,11.1514,9.2543,1.9682,30
gecko,phi,uncoupled,rugged,273,8.7315,8.4239,11.1514,9.2543,1.9682,30
gecko,phi,uncoupled,rugged,274,8.7315,8.4239,11.1694,9.2551,1.969,30
gecko,phi,uncoupled,rugged,275,8.7315,8.4239,11.1694,9.2551,1.969,30
gecko,phi,uncoupled,rugged,276,8.7315,8.4239,11.1694,9.2551,1.969,30
gecko,phi,uncoupled,rugged,277,8.7315,8.4239,11.1694,9.2551,1.969,30
gecko,phi,uncoupled,rugged,278,8.7315,8.4239,11.1694,9.2552,1.9691,30
gecko,phi,uncoupled,rugged,279,8.7315,8.4239,11.1694,9.2552,1.9691,30
gecko,phi,uncoupled,rugged,280,8.7315,8.4239,11.1694,9.2555,1.9694,30
gecko,phi,uncoupled,rugged,281,8.7315,8.4239,11.1694,9.2555,1.9694,30
gecko,phi,uncoupled,rugged,282,8.7315,8.4239,11.1694,9.2555,1.9694,30
gecko,phi,uncoupled,rugged,283,8.7315,8.4239,11.1694,9.2555,1.9694,30
gecko,phi,uncoupled,rugged,284,8.7315,8.4239,11.1694,9.2555,1.9694,30
gecko,phi,uncoupled,rugged,285,8.7315,8.4239,11.2205,9.2632,1.9773,30
gecko,phi,uncoupled,rugged,286,8.7315,8.4239,11.2205,9.2632,1.9773,30
gecko,phi,uncoupled,rugged,287,8.7315,8.4239,11.2205,9.2659,1.9786,30
gecko,phi,uncoupled,rugged,288,8.7315,8.4239,11.2205,9.2662,1.9779,30
gecko,phi,uncoupled,rugged,289,8.7315,8.4254,11.2858,9.2714,1.9832,30
gecko,phi,uncoupled,rugged,290,8.7315,8.4254,11.2858,9.2718,1.9831,30
gecko,phi,uncoupled,rugged,291,8.7315,8.4254,11.2858,9.2718,1.9831,30
gecko,phi,uncoupled,rugged,292,8.7315,8.4254,11.2858,9.2718,1.9831,30
gecko,phi,uncoupled,rugged,293,8.7315,8.4254,11.2858,9.2718,1.9831,30
gecko,phi,uncoupled,rugged,294,8.7315,8.4255,11.2858,9.2783,1.9757,30
gecko,phi,uncoupled,rugged,295,8.7315,8.4255,11.2858,9.2848,1.9817,30
gecko,phi,uncoupled,rugged,296,8.7315,8.4255,11.2858,9.2859,1.9829,30
gecko,phi,uncoupled,rugged,297,8.7315,8.4255,11.2858,9.2859,1.9829,30
gecko,phi,uncoupled,rugged,298,8.7315,8.4255,11.2858,9.2867,1.9828,30
gecko,phi,uncoupled,rugged,299,8.7315,8.4255,11.2858,9.2875,1.9825,30
gecko,phi,uncoupled,rugged,300,8.7315,8.4255,11.2858,9.2875,1.9825,30
insect,base,blf,flat,1,1.6152433443165983,1.1978373101614173,2.0217151291321476,1.6677693774188858,0.5739468231327808,30
insect,base,blf,flat,2,2.153026224743347,1.7100097459087948,2.5029410497804294,2.1223408851006993,0.6224932398163828,30
insect,base,blf,flat,3,2.3921762557309587,1.9426910153266723,2.890328144197773,2.4994352893111613,0.6853900487896487,30
insect,base,blf,flat,4,2.8070222397696423,2.412333851965575,3.2393428232936876,2.8187340883312606,0.6931493243470674,30
insect,base,blf,flat,5,3.133003648096607,2.7661199165541013,3.527382850369623,3.0975197516830173,0.5925225486645456,30
insect,base,blf,flat,6,3.1536745198253957,2.877494351504368,3.5662826342654506,3.1769744958333135,0.5867690123435444,30
insect,base,blf,flat,7,3.2022411153247496,2.9505681752116795,3.664991877496066,3.332536803992461,0.5131248151551691,30
insect,base,blf,flat,8,3.469349089896783,2.9946493819626645,3.9097932568715343,3.4722110080494426,0.5639746842368231,30
insect,base,blf,flat,9,3.49694967136661,3.149368904410769,3.9509058694252306,3.567204973993628,0.5333335171017931,30
insect,base,blf,flat,10,3.5275572799270742,3.178624662643874,4.060470916940938,3.6403139305187437,0.5717551990014664,30
insect,base,blf,flat,11,3.7906178971856814,3.26544691829743,4.163049522730039,3.7533882660873816,0.553602015905731,30
insect,base,blf,flat,12,3.819199237899282,3.508606599388625,4.231103663383317,3.8400302393544283,0.5258566277643443,30
insect,base,blf,flat,13,3.859533021295997,3.6226434211664125,4.347165910706887,3.9621615364709686,0.5038272480479343,30
insect,base,blf,flat,14,4.045879120370747,3.6810198326770567,4.395670792623275,4.091980211389272,0.5626521777255629,30
insect,base,blf,flat,15,4.126099220500683,3.7583670138344205,4.501885232337951,4.142496241711435,0.5749374271079177,30
insect,base,blf,flat,16,4.129790740689747,3.7718986798095835,4.501885232337951,4.157433474288667,0.5707883748645585,30
insect,base,blf,flat,17,4.154578138741588,3.8253314090174872,4.600700042029521,4.207991866017163,0.565766528109132,30
insect,base,blf,flat,18,4.187857228042082,3.8253314090174872,4.600700042029521,4.236878633762705,0.583218150381968,30
insect,base,blf,flat,19,4.324871067928629,3.8383022780486566,4.70293599324582,4.2879411277444595,0.5861654656364718,30
insect,base,blf,flat,20,4.374760408876139,3.8943566271636003,4.716737167875541,4.339687336229023,0.572006116107104,30
insect,base,blf,flat,21,4.456747199876711,4.027101999290355,4.7184950340946985,4.418938964613006,0.5267489932665916,30
insect,base,blf,flat,22,4.605812786113382,4.211478905071456,4.774059023815354,4.509622317142146,0.5134506090585941,30
insect,base,blf,flat,23,4.632367288384751,4.247020552622098,4.829776241957837,4.61730960418232,0.6040103461030515,30
insect,base,blf,flat,24,4.632367288384751,4.247020552622098,4.9760443220495345,4.62919110026865,0.6103081878873856,30
insect,base,blf,flat,25,4.632367288384751,4.247020552622098,4.9760443220495345,4.631131350960589,0.6128981046000466,30
insect,base,blf,flat,26,4.679799878452437,4.306736477090283,4.9760443220495345,4.668187007020109,0.6059757339111712,30
insect,base,blf,flat,27,4.679799878452437,4.306736477090283,4.9760443220495345,4.668187007020109,0.6059757339111712,30
insect,base,blf,flat,28,4.690533496065802,4.306736477090283,4.986071508106057,4.702684681108094,0.6217260386216874,30
insect,base,blf,flat,29,4.690533496065802,4.390484184426381,4.986071508106057,4.710342699888136,0.6173385105398341,30
insect,base,blf,flat,30,4.705067389303895,4.480028479342749,4.986071508106057,4.7709619632406195,0.6350602165764105,30
insect,base,blf,flat,31,4.715004183517397,4.497612233643291,5.048125850274808,4.866690411254636,0.7108874419963868,30
insect,base,blf,flat,32,4.715004183517397,4.497612233643291,5.048125850274808,4.882139990355281,0.7235724987983039,30
insect,base,blf,flat,33,4.755425192407971,4.570154514880097,5.062458174598148,4.914738169990369,0.7073023332097439,30
insect,base,blf,flat,34,4.824500341525059,4.570154514880097,5.310939315280235,4.980552940662387,0.7332557926138362,30
insect,base,blf,flat,35,4.830972980446272,4.570154514880097,5.351015523245898,5.010880053732389,0.7359023170360498,30
insect,base,blf,flat,36,4.830972980446272,4.65078665928271,5.477185442144499,5.033200937798853,0.7390163570334881,30
insect,base,blf,flat,37,4.830972980446272,4.65078665928271,5.477185442144499,5.064159800961394,0.6955733026003174,30
insect,base,blf,flat,38,4.830972980446272,4.663715938592349,5.477185442144499,5.081598021906766,0.7107613221346766,30
insect,base,blf,flat,39,4.851027352559317,4.663715938592349,5.477185442144499,5.100430365420385,0.6979229217174469,30
insect,base,blf,flat,40,4.851027352559317,4.678464603516194,5.477185442144499,5.115477686023303,0.6889990507810645,30
insect,base,blf,flat,41,4.851027352559317,4.68973737494397,5.477185442144499,5.126335456190543,0.6925126204990012,30
insect,base,blf,flat,42,4.893046897072836,4.729268163675812,5.639892027733868,5.143361675196068,0.6924590183120505,30
insect,base,blf,flat,43,4.925741878536896,4.769071646504834,5.639892027733868,5.165891903472967,0.6798753857936184,30
insect,base,blf,flat,44,4.988162928278469,4.769071646504834,5.640063655724369,5.188120076910456,0.6763502921875013,30
insect,base,blf,flat,45,4.998931920147472,4.795859358052144,5.660604904804144,5.219667624623107,0.6557781907311101,30
insect,base,blf,flat,46,5.065596676917419,4.803033480391187,5.821983336239442,5.257575020297688,0.6589891119778122,30
insect,base,blf,flat,47,5.195935820801589,4.803033480391187,5.926682499024384,5.2905186992508515,0.6647395343756376,30
insect,base,blf,flat,48,5.195935820801589,4.803033480391187,5.926682499024384,5.295809400811801,0.6718823471988566,30
insect,base,blf,flat,49,5.232529224982689,4.803033480391187,5.926682499024384,5.342898691210322,0.6518957655895242,30
insect,base,blf,flat,50,5.232529224982689,4.803033480391187,5.926682499024384,5.353271523887903,0.6570366868173362,30
insect,base,blf,flat,51,5.290094798186988,4.821568970163833,5.926682499024384,5.370342323826468,0.6486090949095749,30
insect,base,blf,flat,52,5.290094798186988,4.821568970163833,5.93542945691087,5.375111227406058,0.6455743909891,30
insect,base,blf,flat,53,5.319343251905671,4.866183657708818,6.068614538604216,5.4279093933690215,0.6417957615693622,30
insect,base,blf,flat,54,5.323234153026387,4.866183657708818,6.068614538604216,5.438128012089677,0.6368027551556433,30
insect,base,blf,flat,55,5.323234153026387,4.917946895107179,6.129639191900074,5.487229795844152,0.6294112595135548,30
insect,base,blf,flat,56,5.323234153026387,4.917946895107179,6.129639191900074,5.499881238182081,0.6313217694005497,30
insect,base,blf,flat,57,5.323234153026387,4.917946895107179,6.129639191900074,5.5027865503675475,0.6278751526177639,30
insect,base,blf,flat,58,5.368998967636931,4.997645655257721,6.129639191900074,5.545598265233715,0.6539580113046072,30
insect,base,blf,flat,59,5.519480899219088,5.026743792954917,6.129639191900074,5.598483065687742,0.6483881748729439,30
insect,base,blf,flat,60,5.563770994451857,5.0781446509990635,6.129639191900074,5.634318763316291,0.6386488015666992,30
insect,base,blf,flat,61,5.611232887935557,5.21586056876411,6.129639191900074,5.739480398441153,0.7031287020474185,30
insect,base,blf,flat,62,5.611232887935557,5.21586056876411,6.129639191900074,5.744391147368303,0.6957877339120466,30
insect,base,blf,flat,63,5.611232887935557,5.21586056876411,6.129639191900074,5.747104262892237,0.6943497575819908,30
insect,base,blf,flat,64,5.611232887935557,5.21586056876411,6.231694696445829,5.754231883836938,0.6995640487100644,30
insect,base,blf,flat,65,5.6830585551647665,5.234242441167117,6.231694696445829,5.773266613811278,0.7038027694478682,30
insect,base,blf,flat,66,5.6830585551647665,5.238442065346861,6.231694696445829,5.775651579861712,0.7034012093003391,30
insect,base,blf,flat,67,5.6830585551647665,5.238442065346861,6.313494987865998,5.794128552788201,0.7116094383907533,30
insect,base,blf,flat,68,5.7231697775428305,5.238442065346861,6.313494987865998,5.802229007979865,0.7075588655135987,30
insect,base,blf,flat,69,5.7231697775428305,5.276137064192216,6.313494987865998,5.820839976463082,0.6947301876205181,30
insect,base,blf,flat,70,5.7231697775428305,5.276137064192216,6.313494987865998,5.834786017501795,0.7164923162350805,30
insect,base,blf,flat,71,5.74526257458757,5.344960808903401,6.336416969324669,5.874094841480092,0.6932999550741372,30
insect,base,blf,flat,72,5.74526257458757,5.344960808903401,6.336416969324669,5.875251088034218,0.6933581233051663,30
insect,base,blf,flat,73,5.74526257458757,5.353661765235297,6.336416969324669,5.885898519967754,0.6870387781807283,30
insect,base,blf,flat,74,5.794847738758536,5.36964410955277,6.336416969324669,5.929541407573944,0.6957826931246434,30
insect,base,blf,flat,75,5.947743759147659,5.36964410955277,6.336416969324669,5.944616469341966,0.6937844773168743,30
insect,base,blf,flat,76,5.947743759147659,5.5628592272433774,6.366167020813194,5.979239682516199,0.7027004224771063,30
insect,base,blf,flat,77,5.947743759147659,5.5628592272433774,6.426200496980181,5.994151448241729,0.7023044670419051,30
insect,base,blf,flat,78,5.947743759147659,5.5628592272433774,6.426200496980181,6.00109468952295,0.7029790774412715,30
insect,base,blf,flat,79,5.979476393796972,5.5628592272433774,6.426200496980181,6.033698840931425,0.7211677925957031,30
insect,base,blf,flat,80,5.979476393796972,5.5628592272433774,6.426200496980181,6.036830622502349,0.7246918804629532,30
insect,base,blf,flat,81,6.013326368316308,5.566393721494742,6.426200496980181,6.050142966425176,0.7193888010646634,30
insect,base,blf,flat,82,6.021960637104854,5.566393721494742,6.435348463061691,6.063248480052214,0.7218996221283529,30
insect,base,blf,flat,83,6.021960637104854,5.566393721494742,6.453969840300909,6.0855287453100795,0.7032412252558585,30
insect,base,blf,flat,84,6.19812428116029,5.590301185770545,6.789655903757723,6.170396848838688,0.7143254847105717,30
insect,base,blf,flat,85,6.19846626074901,5.657405093009796,6.8463255531305265,6.182387790086851,0.7180558610394205,30
insect,base,blf,flat,86,6.19846626074901,5.677717105286316,6.8463255531305265,6.199065720497336,0.713653606158813,30
insect,base,blf,flat,87,6.19846626074901,5.677717105286316,6.856969056607166,6.20297464008134,0.7148199645892775,30
insect,base,blf,flat,88,6.2362230524110664,5.677717105286316,6.870428357227025,6.213570255548103,0.7207875410694233,30
insect,base,blf,flat,89,6.2362230524110664,5.71269062900776,6.870428357227025,6.227561929499034,0.7203259424187491,30
insect,base,blf,flat,90,6.2362230524110664,5.71269062900776,6.878903669689528,6.256420864764437,0.7284636244439691,30
insect,base,blf,flat,91,6.288240326701651,5.71269062900776,6.878903669689528,6.288214517859212,0.7324836065527728,30
insect,base,blf,flat,92,6.3466113976265435,5.853042670888451,6.878903669689528,6.351831673286211,0.697011807413205,30
insect,base,blf,flat,93,6.362762978268408,5.853042670888451,6.898745855538966,6.370424448072808,0.7062609857038341,30
insect,base,blf,flat,94,6.362762978268408,5.853042670888451,6.898745855538966,6.381920440834287,0.7141353153731174,30
insect,base,blf,flat,95,6.362762978268408,5.853042670888451,6.898745855538966,6.385467353328594,0.7128281877352144,30
insect,base,blf,flat,96,6.389512635019058,5.853042670888451,6.898745855538966,6.4001259091493425,0.7035830781714127,30
insect,base,blf,flat,97,6.389512635019058,5.853042670888451,6.900813327451528,6.4028870011269055,0.7033002438154642,30
insect,base,blf,flat,98,6.389512635019058,5.856592450440346,6.900813327451528,6.403443444561911,0.7029261715592082,30
insect,base,blf,flat,99,6.427794803857907,5.857489994414648,6.904588286445558,6.42941848803726,0.7165060814222778,30
insect,base,blf,flat,100,6.427794803857907,5.857489994414648,6.904588286445558,6.448326199125415,0.7113280137125899,30
insect,base,blf,flat,101,6.436894548785437,5.857489994414648,6.960017554325363,6.463592118025736,0.7105768998735869,30
insect,base,blf,flat,102,6.436894548785437,5.935113616695994,6.987708159006646,6.48466049274411,0.7167218450065579,30
insect,base,blf,flat,103,6.498253876346114,5.935113616695994,7.028723122313522,6.507885192804098,0.7182370632329581,30
insect,base,blf,flat,104,6.501010742081223,5.935113616695994,7.028723122313522,6.519861532127361,0.7077292212819343,30
insect,base,blf,flat,105,6.501010742081223,5.935113616695994,7.043648040497201,6.529645621477557,0.7030457376882596,30
insect,base,blf,flat,106,6.524336406569171,5.967982691119072,7.043648040497201,6.541195204747756,0.6995453475460555,30
insect,base,blf,flat,107,6.524336406569171,5.967982691119072,7.043648040497201,6.542123014354795,0.7000638442435381,30
insect,base,blf,flat,108,6.524336406569171,6.009497364301948,7.043648040497201,6.54772732059883,0.695033316319175,30
insect,base,blf,flat,109,6.548500640280272,6.033239355268051,7.063554871171379,6.558597288753216,0.6941099157709734,30
insect,base,blf,flat,110,6.565853947647315,6.033239355268051,7.171389241868663,6.582662000075752,0.7177566087643651,30
insect,base,blf,flat,111,6.607616617243899,6.078591634045817,7.171389241868663,6.607832468936611,0.7214095765459064,30
insect,base,blf,flat,112,6.636224426631424,6.078591634045817,7.171389241868663,6.636109930542258,0.7267057879589705,30
insect,base,blf,flat,113,6.687955283905325,6.078591634045817,7.180914794525156,6.653433983255229,0.7179632740923668,30
insect,base,blf,flat,114,6.687955283905325,6.078591634045817,7.180914794525156,6.661664416408047,0.7154386602819353,30
insect,base,blf,flat,115,6.687955283905325,6.078591634045817,7.180914794525156,6.664017086508296,0.7151107955825482,30
insect,base,blf,flat,116,6.687955283905325,6.141405869366681,7.187165093338315,6.672833442405838,0.7128727429976982,30
insect,base,blf,flat,117,6.7381857484498795,6.141405869366681,7.247205029683286,6.6837430794246275,0.7138142608814372,30
insect,base,blf,flat,118,6.7381857484498795,6.141405869366681,7.247205029683286,6.702593304733516,0.6892990401021734,30
insect,base,blf,flat,119,6.750955401579747,6.141405869366681,7.298896408923035,6.71110586440358,0.6943597170244049,30
insect,base,blf,flat,120,6.750955401579747,6.141405869366681,7.307074818928066,6.716926827538624,0.6945175060625612,30
insect,base,blf,flat,121,6.780787948787539,6.1543888939543505,7.307074818928066,6.734804458758233,0.6848143830369638,30
insect,base,blf,flat,122,6.786758887291773,6.1543888939543505,7.307074818928066,6.741532074394696,0.6863360914599893,30
insect,base,blf,flat,123,6.791588539685273,6.207968101946998,7.307074818928066,6.754607586154452,0.6843354842353395,30
insect,base,blf,flat,124,6.815171502742373,6.207968101946998,7.307074818928066,6.768028595710994,0.6905182829212485,30
insect,base,blf,flat,125,6.815171502742373,6.2237638662397545,7.307074818928066,6.7743922512601555,0.6953741611020162,30
insect,base,blf,flat,126,6.815171502742373,6.2507422880615975,7.307074818928066,6.787694616491417,0.6923703834594318,30
insect,base,blf,flat,127,6.815171502742373,6.2507422880615975,7.307074818928066,6.7958143345696564,0.6983214922232002,30
insect,base,blf,flat,128,6.823848796558872,6.2507422880615975,7.307074818928066,6.808621805860212,0.7023967730920767,30
insect,base,blf,flat,129,6.825609504232596,6.2507422880615975,7.340330827305632,6.822497530165438,0.7060901387431088,30
insect,base,blf,flat,130,6.855192149807964,6.2507422880615975,7.340330827305632,6.830246718514354,0.7066499140921733,30
insect,base,blf,flat,131,6.855192149807964,6.2507422880615975,7.3430871491258,6.835315390704767,0.7074418983520085,30
insect,base,blf,flat,132,6.855192149807964,6.2507422880615975,7.3430871491258,6.840350502625837,0.7047625906086686,30
insect,base,blf,flat,133,6.871545717538673,6.29408266380149,7.3430871491258,6.8544835788044205,0.7053301432722952,30
insect,base,blf,flat,134,6.917149495685716,6.29408266380149,7.3430871491258,6.864055989321242,0.6985998485931212,30
insect,base,blf,flat,135,6.917149495685716,6.319628195161784,7.3430871491258,6.886647339034158,0.6797695300913595,30
insect,base,blf,flat,136,6.917149495685716,6.321567730398881,7.3430871491258,6.893875799036514,0.6800439811413964,30
insect,base,blf,flat,137,6.920356510570187,6.345337468801014,7.354836663166546,6.900222894226889,0.6836563272690124,30
insect,base,blf,flat,138,6.924973172581037,6.345337468801014,7.493044338106831,6.914787128206846,0.6875455092549223,30
insect,base,blf,flat,139,6.944426890553743,6.352240213848196,7.494785814290934,6.923414513253338,0.6843152613134816,30
insect,base,blf,flat,140,6.97769444752564,6.352240213848196,7.512933354949874,6.934227521143302,0.6844394148714674,30
insect,base,blf,flat,141,6.97769444752564,6.352240213848196,7.512933354949874,6.936345120855519,0.6845751318407265,30
insect,base,blf,flat,142,6.97769444752564,6.352240213848196,7.512933354949874,6.94408005801225,0.6807541549970777,30
insect,base,blf,flat,143,6.97769444752564,6.356055000998808,7.512933354949874,6.955135737519489,0.6845656308261513,30
insect,base,blf,flat,144,6.97769444752564,6.358497289566779,7.512933354949874,6.958512942540846,0.6830282153072978,30
insect,base,blf,flat,145,6.97769444752564,6.373082964606649,7.5252409298662375,6.973972361270944,0.68715710086252,30
insect,base,blf,flat,146,6.9927900798730365,6.394464822540604,7.546453939896507,6.987806497919393,0.6882913785365863,30
insect,base,blf,flat,147,6.9927900798730365,6.394464822540604,7.546453939896507,6.988475541525219,0.6878921817558651,30
insect,base,blf,flat,148,7.0065464282132925,6.401663232671311,7.553284849031856,6.992044387737152,0.6865853037677571,30
insect,base,blf,flat,149,7.0065464282132925,6.450340935778435,7.553284849031856,7.00004277651634,0.6825699628138483,30
insect,base,blf,flat,150,7.0065464282132925,6.450340935778435,7.553284849031856,7.005811075315441,0.6842159995039343,30
insect,base,blf,flat,151,7.033358035338443,6.450340935778435,7.553284849031856,7.014836398480467,0.6827173687780963,30
insect,base,blf,flat,152,7.033358035338443,6.450995778868875,7.565118492979703,7.018110800659661,0.6826306265673387,30
insect,base,blf,flat,153,7.033358035338443,6.451519746283029,7.659367456777739,7.030444833607732,0.6898872426476351,30
insect,base,blf,flat,154,7.033358035338443,6.451519746283029,7.659367456777739,7.030893046406802,0.6894392058950933,30
insect,base,blf,flat,155,7.034795106136376,6.451519746283029,7.662657743644386,7.041662545215288,0.6790075613678602,30
insect,base,blf,flat,156,7.065514672293117,6.454603890100515,7.662657743644386,7.047426042618004,0.6784930853498782,30
insect,base,blf,flat,157,7.065514672293117,6.455145834948824,7.662657743644386,7.053811164856522,0.6815369678477597,30
insect,base,blf,flat,158,7.065514672293117,6.468194072348375,7.662657743644386,7.058701819675035,0.6790657123187893,30
insect,base,blf,flat,159,7.065514672293117,6.476408471295009,7.6657545899587465,7.066601081913981,0.6798937579816638,30
insect,base,blf,flat,160,7.086617416565714,6.494092042293829,7.669526726536961,7.075263893330047,0.678729344316929,30
insect,base,blf,flat,161,7.087420594055301,6.494092042293829,7.669526726536961,7.081549961310683,0.6779978831451436,30
insect,base,blf,flat,162,7.087420594055301,6.5000805115255895,7.677205151132265,7.085851688697529,0.6810927673681617,30
insect,base,blf,flat,163,7.087420594055301,6.5000805115255895,7.677205151132265,7.096642456748825,0.6881789131925476,30
insect,base,blf,flat,164,7.097792266576965,6.502227051576493,7.682043703097447,7.099265634888375,0.6896331299701818,30
insect,base,blf,flat,165,7.097792266576965,6.532196845138854,7.682043703097447,7.101282187762937,0.6887251806157203,30
insect,base,blf,flat,166,7.097792266576965,6.532196845138854,7.682043703097447,7.105951938677705,0.694430224495728,30
insect,base,blf,flat,167,7.097792266576965,6.532691514758701,7.792210847200506,7.11833218117909,0.6918456349383264,30
insect,base,blf,flat,168,7.103789326150093,6.532691514758701,7.792210847200506,7.123046935545668,0.6923921386107504,30
insect,base,blf,flat,169,7.103789326150093,6.534122375545344,7.792210847200506,7.130570255108129,0.6984390070030795,30
insect,base,blf,flat,170,7.1078414746750616,6.539482519492455,7.792210847200506,7.139495371608231,0.6963795463839173,30
insect,base,blf,flat,171,7.1078414746750616,6.5703347925453786,7.792210847200506,7.145528636599801,0.69600069924984,30
insect,base,blf,flat,172,7.1078414746750616,6.5703347925453786,7.792210847200506,7.146183010365579,0.6958014728067572,30
insect,base,blf,flat,173,7.115448020761976,6.576809772981045,7.792210847200506,7.14741235917328,0.6951863894787979,30
insect,base,blf,flat,174,7.115448020761976,6.576809772981045,7.792210847200506,7.151724295252117,0.6985049996014153,30
insect,base,blf,flat,175,7.115448020761976,6.576809772981045,7.792896496419844,7.155832369925935,0.7022459153901697,30
insect,base,blf,flat,176,7.118731820889147,6.576809772981045,7.810073651154687,7.162367082552489,0.7055869279227787,30
insect,base,blf,flat,177,7.13415392133331,6.576809772981045,7.810073651154687,7.165368993582594,0.70429425534152,30
insect,base,blf,flat,178,7.13415392133331,6.576809772981045,7.810073651154687,7.170975725271039,0.6968446530136074,30
insect,base,blf,flat,179,7.13415392133331,6.5989878885030055,7.810073651154687,7.173713048582372,0.6950703263238406,30
insect,base,blf,flat,180,7.13415392133331,6.5989878885030055,7.810073651154687,7.175859828060151,0.6936323575836842,30
insect,base,blf,flat,181,7.160429121151532,6.5989878885030055,7.810073651154687,7.180013976478542,0.6934273451985038,30
insect,base,blf,flat,182,7.166928193398098,6.5989878885030055,7.810073651154687,7.1808201030447245,0.6930192475458927,30
insect,base,blf,flat,183,7.166928193398098,6.5989878885030055,7.810073651154687,7.184074373849651,0.691441185747139,30
insect,base,blf,flat,184,7.166928193398098,6.599081758396576,7.810073651154687,7.187097687929746,0.6910756632948912,30
insect,base,blf,flat,185,7.166928193398098,6.616024174392269,7.816798095652353,7.192083516932459,0.6869251896275028,30
insect,base,blf,flat,186,7.172183301336439,6.638295048894604,7.816798095652353,7.19553682072171,0.687163951800239,30
insect,base,blf,flat,187,7.174790929654252,6.638295048894604,7.816798095652353,7.198260376057589,0.6870152986293844,30
insect,base,blf,flat,188,7.1810803177228095,6.638295048894604,7.85723442759701,7.205776616605419,0.6927397112728676,30
insect,base,blf,flat,189,7.1810803177228095,6.638862471732881,7.85723442759701,7.2098252251608645,0.6876816569471775,30
insect,base,blf,flat,190,7.1810803177228095,6.638862471732881,7.85723442759701,7.2111194649392525,0.6864607326642433,30
insect,base,blf,flat,191,7.1810803177228095,6.638862471732881,7.85723442759701,7.213201743146826,0.6864067880238724,30
insect,base,blf,flat,192,7.1810803177228095,6.638862471732881,7.85723442759701,7.213995957978631,0.6861805452551417,30
insect,base,blf,flat,193,7.1810803177228095,6.638862471732881,7.85723442759701,7.2200195720978435,0.6853235757541347,30
insect,base,blf,flat,194,7.1810803177228095,6.639444833359348,7.857842156803593,7.228557834538277,0.6883597631515481,30
insect,base,blf,flat,195,7.1810803177228095,6.639444833359348,7.857842156803593,7.229657006155225,0.688700623539128,30
insect,base,blf,flat,196,7.1810803177228095,6.639444833359348,7.857842156803593,7.23332226283403,0.6891053352188359,30
insect,base,blf,flat,197,7.1810803177228095,6.639444833359348,7.857842156803593,7.235649005329661,0.6871785426763849,30
insect,base,blf,flat,198,7.1810803177228095,6.639444833359348,7.877752062932879,7.238797537085753,0.687191650212662,30
insect,base,blf,flat,199,7.184106461060847,6.639444833359348,7.877752062932879,7.243132373135593,0.6853608058579729,30
insect,base,blf,flat,200,7.186865308307468,6.64622699878799,7.877752062932879,7.2444523593325965,0.6854755691597668,30
insect,base,blf,flat,201,7.186865308307468,6.651188993165566,7.877752062932879,7.252170608404482,0.6829020308929201,30
insect,base,blf,flat,202,7.186865308307468,6.652447615917451,7.877752062932879,7.254009364763328,0.6826558451606316,30
insect,base,blf,flat,203,7.186865308307468,6.652447615917451,7.877752062932879,7.257618322311998,0.6829826059589165,30
insect,base,blf,flat,204,7.186865308307468,6.652447615917451,7.877752062932879,7.25916962304373,0.6838861771819774,30
insect,base,blf,flat,205,7.186865308307468,6.652447615917451,7.884349091658036,7.260678920552431,0.6824187030349673,30
insect,base,blf,flat,206,7.186865308307468,6.652447615917451,7.930788706647396,7.264061238896597,0.6861885058693656,30
insect,base,blf,flat,207,7.187011337072728,6.652447615917451,7.940575803113132,7.269197949040159,0.6886904427783814,30
insect,base,blf,flat,208,7.190355181984263,6.652447615917451,7.940575803113132,7.271061875947905,0.6875449609442715,30
insect,base,blf,flat,209,7.190355181984263,6.6533757174082275,7.940575803113132,7.2749787167914395,0.6905545598056768,30
insect,base,blf,flat,210,7.195159277212597,6.658024114581001,7.940575803113132,7.278767860378827,0.6889099937595012,30
insect,base,blf,flat,211,7.198104517950157,6.6626425157448494,7.940575803113132,7.283041623727522,0.6859496009093842,30
insect,base,blf,flat,212,7.220017652797123,6.663515510046442,7.940575803113132,7.286030685725544,0.6846654012788526,30
insect,base,blf,flat,213,7.220017652797123,6.663515510046442,7.965512915072508,7.293027109184835,0.685953235339069,30
insect,base,blf,flat,214,7.220017652797123,6.663515510046442,7.965512915072508,7.295108291960452,0.6836206303515358,30
insect,base,blf,flat,215,7.220017652797123,6.667193121150086,7.965512915072508,7.301771748452122,0.6823156309888169,30
insect,base,blf,flat,216,7.220017652797123,6.667193121150086,7.965512915072508,7.304665787929879,0.6856846695283627,30
insect,base,blf,flat,217,7.220017652797123,6.66871940249392,7.967818795808444,7.3055202410906865,0.6857426526951631,30
insect,base,blf,flat,218,7.232512104745542,6.67242235385401,7.967818795808444,7.306818002238995,0.6850380961471749,30
insect,base,blf,flat,219,7.232512104745542,6.675733956148058,7.967818795808444,7.308983072793565,0.6827875314892392,30
insect,base,blf,flat,220,7.232512104745542,6.680663654441128,7.967818795808444,7.310380780205232,0.6833848226265733,30
insect,base,blf,flat,221,7.232512104745542,6.699559580780017,7.967818795808444,7.312137527379984,0.6823439209814154,30
insect,base,blf,flat,222,7.232512104745542,6.70545862514081,7.967818795808444,7.316966014793113,0.6826298636472808,30
insect,base,blf,flat,223,7.232512104745542,6.709536462170009,7.975532270108897,7.320000313532708,0.6835767760641117,30
insect,base,blf,flat,224,7.232512104745542,6.728743414758697,7.975532270108897,7.323940963192117,0.6819205630020646,30
insect,base,blf,flat,225,7.232512104745542,6.728743414758697,7.984979520629492,7.326364545735665,0.6824381127133512,30
insect,base,blf,flat,226,7.232512104745542,6.728743414758697,7.984979520629492,7.327802123951997,0.6820420516083306,30
insect,base,blf,flat,227,7.232512104745542,6.728743414758697,7.984979520629492,7.332391556866309,0.6843378962939977,30
insect,base,blf,flat,228,7.232512104745542,6.728743414758697,7.984979520629492,7.333423571097892,0.6843352790257281,30
insect,base,blf,flat,229,7.232512104745542,6.728743414758697,7.98705455246647,7.3358356474747834,0.6861797560469094,30
insect,base,blf,flat,230,7.245799845237795,6.728743414758697,7.98705455246647,7.337534777214133,0.6864118741447376,30
insect,base,blf,flat,231,7.245799845237795,6.728743414758697,7.988191349470145,7.340410957870879,0.6842508171385905,30
insect,base,blf,flat,232,7.246592415964294,6.728743414758697,7.994992444946487,7.342279308503035,0.6859754164427405,30
insect,base,blf,flat,233,7.252405727498659,6.728743414758697,8.004238761377787,7.343394966016547,0.6862413125604594,30
insect,base,blf,flat,234,7.252405727498659,6.729319289273034,8.009788123134035,7.346463241708534,0.6852264539383112,30
insect,base,blf,flat,235,7.253606477047649,6.729319289273034,8.009788123134035,7.34704435683934,0.6847955770744042,30
insect,base,blf,flat,236,7.253606477047649,6.729990360833444,8.010800985909286,7.347633125084394,0.6846931494742171,30
insect,base,blf,flat,237,7.253606477047649,6.729990360833444,8.010800985909286,7.348551134313768,0.6844360049214212,30
insect,base,blf,flat,238,7.25565965012735,6.729990360833444,8.01095908279253,7.349945679708973,0.6842931454992268,30
insect,base,blf,flat,239,7.25565965012735,6.73090680147953,8.014484329905933,7.352582332816384,0.685087713669201,30
insect,base,blf,flat,240,7.25565965012735,6.733241637875901,8.014484329905933,7.3541764557478135,0.6852573765540536,30
insect,base,blf,flat,241,7.25565965012735,6.743791402073368,8.014655573435068,7.3558892486129865,0.6842136723451635,30
insect,base,blf,flat,242,7.25565965012735,6.74423025759372,8.018893948103205,7.357931869356359,0.6852533636856176,30
insect,base,blf,flat,243,7.25565965012735,6.74423025759372,8.018893948103205,7.358116504752514,0.6852404825837425,30
insect,base,blf,flat,244,7.258048480225844,6.746866329452329,8.03264865152537,7.361777952613457,0.6856783762009148,30
insect,base,blf,flat,245,7.258048480225844,6.746866329452329,8.03264865152537,7.363432099270773,0.6856438451299913,30
insect,base,blf,flat,246,7.258048480225844,6.746866329452329,8.061038398799717,7.368633076861067,0.6907494220942251,30
insect,base,blf,flat,247,7.258048480225844,6.746866329452329,8.061038398799717,7.369831126807806,0.6915363963456116,30
insect,base,blf,flat,248,7.258048480225844,6.752771186756472,8.061038398799717,7.37157997569156,0.6908424739509038,30
insect,base,blf,flat,249,7.260477077010558,6.752771186756472,8.061038398799717,7.372812041391952,0.6903652452576768,30
insect,base,blf,flat,250,7.261453367647757,6.752771186756472,8.061038398799717,7.37445532929021,0.6903983878691684,30
insect,base,blf,flat,251,7.2618879443640205,6.754347848334126,8.061038398799717,7.374849637086254,0.6902336228153514,30
insect,base,blf,flat,252,7.264947832466519,6.75455953104973,8.061038398799717,7.37551626561364,0.6902613903391561,30
insect,base,blf,flat,253,7.264947832466519,6.756049346528784,8.063733629491148,7.376252834880035,0.6905481846345747,30
insect,base,blf,flat,254,7.265816000191927,6.76159871323846,8.063733629491148,7.376604524155288,0.6902697888284829,30
insect,base,blf,flat,255,7.266175931307858,6.76159871323846,8.066143713135395,7.378750036429901,0.690587993450007,30
insect,base,blf,flat,256,7.266475755576348,6.764847547588826,8.066143713135395,7.381142635810487,0.6902527863412496,30
insect,base,blf,flat,257,7.270397873224564,6.764847547588826,8.066143713135395,7.381930017376799,0.6902894313130178,30
insect,base,blf,flat,258,7.2720758681877875,6.764847547588826,8.066143713135395,7.382952623627915,0.690066150302709,30
insect,base,blf,flat,259,7.273895958312963,6.764847547588826,8.066143713135395,7.386274394157421,0.692836950855503,30
insect,base,blf,flat,260,7.273895958312963,6.764847547588826,8.071060784824237,7.3873336829207865,0.6931059267810753,30
insect,base,blf,flat,261,7.273895958312963,6.764847547588826,8.071060784824237,7.387819096439317,0.6926546618781109,30
insect,base,blf,flat,262,7.273895958312963,6.764847547588826,8.071060784824237,7.389956964972595,0.6934443324550065,30
insect,base,blf,flat,263,7.273895958312963,6.764847547588826,8.073694011883818,7.390469620359523,0.6938467008819205,30
insect,base,blf,flat,264,7.275809821867759,6.764847547588826,8.073694011883818,7.393568951706999,0.6952996290560999,30
insect,base,blf,flat,265,7.275809821867759,6.765045030554168,8.073694011883818,7.397277365757124,0.6987609668589596,30
insect,base,blf,flat,266,7.275837143954494,6.7677628690863205,8.073694011883818,7.399058205063488,0.6979312285380607,30
insect,base,blf,flat,267,7.275837143954494,6.7677628690863205,8.073694011883818,7.399232828149609,0.6978258248660894,30
insect,base,blf,flat,268,7.276195943948795,6.770902819712331,8.073694011883818,7.400316027049471,0.69672065596224,30
insect,base,blf,flat,269,7.276195943948795,6.772586442035856,8.073694011883818,7.401211198969175,0.6964028145665413,30
insect,base,blf,flat,270,7.276195943948795,6.772731517913053,8.073694011883818,7.401301529609014,0.696318305954698,30
insect,base,blf,flat,271,7.276195943948795,6.773158660395167,8.073694011883818,7.401840231107291,0.6961449987923242,30
insect,base,blf,flat,272,7.276195943948795,6.773696670428322,8.073694011883818,7.403143576219455,0.6964988175395687,30
insect,base,blf,flat,273,7.276266101556374,6.77420406657243,8.075557432966075,7.404884204253789,0.6977234296763724,30
insect,base,blf,flat,274,7.277024621582056,6.775664029369024,8.075557432966075,7.406354179849921,0.6986690934037071,30
insect,base,blf,flat,275,7.278439106641201,6.775664029369024,8.075557432966075,7.407836127005221,0.6979142395405192,30
insect,base,blf,flat,276,7.278439106641201,6.775664029369024,8.075557432966075,7.409289243407639,0.6979363124664594,30
insect,base,blf,flat,277,7.278439106641201,6.778407289546746,8.075557432966075,7.41043157667904,0.6985730201527444,30
insect,base,blf,flat,278,7.278439106641201,6.778407289546746,8.075557432966075,7.411933129862941,0.6994721901518164,30
insect,base,blf,flat,279,7.278439106641201,6.778407289546746,8.075557432966075,7.41207802838189,0.6994191479722672,30
insect,base,blf,flat,280,7.278439106641201,6.778407289546746,8.075557432966075,7.412831929107489,0.6993434538805158,30
insect,base,blf,flat,281,7.278439106641201,6.778407289546746,8.075557432966075,7.412994045469572,0.6992180778683315,30
insect,base,blf,flat,282,7.278439106641201,6.778407289546746,8.076030386092432,7.413398883141144,0.6993968753631035,30
insect,base,blf,flat,283,7.278439106641201,6.778709289644235,8.07973066513961,7.414681632991961,0.6991382818179286,30
insect,base,blf,flat,284,7.278439106641201,6.778709289644235,8.083738894262051,7.416184485474587,0.6996273986335797,30
insect,base,blf,flat,285,7.28152307243387,6.779038302748114,8.083738894262051,7.4178000581914905,0.7001284108172381,30
insect,base,blf,flat,286,7.28152307243387,6.779038302748114,8.083738894262051,7.419123144485541,0.701376811668073,30
insect,base,blf,flat,287,7.28152307243387,6.779548331748996,8.083738894262051,7.420774476635273,0.7026886769721004,30
insect,base,blf,flat,288,7.2817238671020394,6.779858042494731,8.083738894262051,7.421558834950204,0.7022381157796679,30
insect,base,blf,flat,289,7.2817238671020394,6.779858042494731,8.084169758601776,7.42287340955317,0.7034634635730636,30
insect,base,blf,flat,290,7.2817238671020394,6.779858042494731,8.087542188585607,7.4249578618593235,0.7044790244659149,30
insect,base,blf,flat,291,7.281834116013254,6.779858042494731,8.087542188585607,7.426806119887872,0.7047838767763498,30
insect,base,blf,flat,292,7.282018632141348,6.783624599329165,8.087542188585607,7.4272865460579265,0.7042095630028758,30
insect,base,blf,flat,293,7.282018632141348,6.783624599329165,8.096410336671974,7.427936890991725,0.7046224124008157,30
insect,base,blf,flat,294,7.2820541011808695,6.783624599329165,8.097026779596163,7.428031134543393,0.7047089132979814,30
insect,base,blf,flat,295,7.282638936010294,6.783869875781922,8.099231076819688,7.430048867816514,0.7056545020959757,30
insect,base,blf,flat,296,7.282638936010294,6.784719528623158,8.114405224641844,7.431236951650205,0.7063358882743198,30
insect,base,blf,flat,297,7.282638936010294,6.784762851806559,8.117851187467835,7.433184061327605,0.7072371123265467,30
insect,base,blf,flat,298,7.282638936010294,6.784897236515253,8.119201235039828,7.433433644832201,0.707340241621491,30
insect,base,blf,flat,299,7.283771887272822,6.784897236515253,8.119201235039828,7.434629301102208,0.7084178649717884,30
insect,base,blf,flat,300,7.2871445896416365,6.785050675840777,8.119201235039828,7.435012306860556,0.7083953411959182,30
insect,base,blf,rugged,1,1.5587,1.1912,2.0241,1.6942,0.615,30
insect,base,blf,rugged,2,2.0863,1.8438,2.4857,2.1444,0.4714,30
insect,base,blf,rugged,3,2.505,2.2983,2.6513,2.5448,0.478,30
insect,base,blf,rugged,4,2.5241,2.3023,2.7497,2.5914,0.4775,30
insect,base,blf,rugged,5,2.7149,2.4427,2.9705,2.7745,0.5067,30
insect,base,blf,rugged,6,2.837,2.5642,3.2099,2.9763,0.5881,30
insect,base,blf,rugged,7,2.9638,2.6201,3.6214,3.1402,0.6521,30
insect,base,blf,rugged,8,3.211,2.7679,3.7366,3.2336,0.6473,30
insect,base,blf,rugged,9,3.2245,2.7739,3.7538,3.2763,0.6463,30
insect,base,blf,rugged,10,3.2829,2.8863,3.7771,3.3552,0.5951,30
insect,base,blf,rugged,11,3.4039,2.9671,3.8975,3.4353,0.5904,30
insect,base,blf,rugged,12,3.487,2.9836,3.9736,3.5145,0.557,30
insect,base,blf,rugged,13,3.5214,3.1977,4.0165,3.6109,0.4928,30
insect,base,blf,rugged,14,3.8462,3.383,4.044,3.7447,0.47,30
insect,base,blf,rugged,15,3.9215,3.4138,4.0444,3.7865,0.4872,30
insect,base,blf,rugged,16,3.9386,3.5014,4.0507,3.8325,0.4914,30
insect,base,blf,rugged,17,3.9511,3.5014,4.0827,3.8503,0.4683,30
insect,base,blf,rugged,18,3.9778,3.5944,4.0827,3.8886,0.4435,30
insect,base,blf,rugged,19,4.011,3.7377,4.2283,3.9652,0.478,30
insect,base,blf,rugged,20,4.0417,3.7842,4.2862,4.0425,0.4624,30
insect,base,blf,rugged,21,4.0651,3.7842,4.2884,4.0833,0.4757,30
insect,base,blf,rugged,22,4.0651,3.7842,4.3174,4.1113,0.5039,30
insect,base,blf,rugged,23,4.0888,3.8326,4.3604,4.1408,0.4866,30
insect,base,blf,rugged,24,4.113,3.9026,4.3604,4.1556,0.4741,30
insect,base,blf,rugged,25,4.1473,3.9323,4.3604,4.1816,0.4621,30
insect,base,blf,rugged,26,4.2481,4.0242,4.3705,4.2466,0.4405,30
insect,base,blf,rugged,27,4.2958,4.0377,4.4908,4.2904,0.4494,30
insect,base,blf,rugged,28,4.3076,4.0377,4.5609,4.3382,0.4891,30
insect,base,blf,rugged,29,4.3076,4.0579,4.5609,4.3739,0.4382,30
insect,base,blf,rugged,30,4.3491,4.1451,4.5694,4.4309,0.4312,30
insect,base,blf,rugged,31,4.3885,4.1642,4.6657,4.4547,0.4309,30
insect,base,blf,rugged,32,4.3885,4.1642,4.6838,4.4733,0.4398,30
insect,base,blf,rugged,33,4.4492,4.2223,4.7793,4.5345,0.4455,30
insect,base,blf,rugged,34,4.4597,4.2223,4.854,4.5773,0.4958,30
insect,base,blf,rugged,35,4.4597,4.2223,4.854,4.5849,0.4952,30
insect,base,blf,rugged,36,4.4597,4.2787,4.8591,4.5987,0.4858,30
insect,base,blf,rugged,37,4.5646,4.2787,4.9445,4.6274,0.4933,30
insect,base,blf,rugged,38,4.5646,4.2787,4.9445,4.6392,0.5109,30
insect,base,blf,rugged,39,4.6554,4.2787,5.024,4.6978,0.5421,30
insect,base,blf,rugged,40,4.6746,4.2867,5.024,4.7358,0.5618,30
insect,base,blf,rugged,41,4.6746,4.2867,5.024,4.7358,0.5618,30
insect,base,blf,rugged,42,4.6908,4.2867,5.024,4.7457,0.5601,30
insect,base,blf,rugged,43,4.7306,4.2954,5.1503,4.7823,0.563,30
insect,base,blf,rugged,44,4.7306,4.343,5.1503,4.8165,0.6275,30
insect,base,blf,rugged,45,4.7744,4.3972,5.1626,4.8437,0.626,30
insect,base,blf,rugged,46,4.8068,4.3972,5.1626,4.8557,0.6273,30
insect,base,blf,rugged,47,4.8068,4.3972,5.1626,4.8619,0.6333,30
insect,base,blf,rugged,48,4.8292,4.4141,5.1644,4.8725,0.6317,30
insect,base,blf,rugged,49,4.8292,4.4393,5.1644,4.9026,0.6209,30
insect,base,blf,rugged,50,4.8802,4.4393,5.2231,4.9244,0.6195,30
insect,base,blf,rugged,51,4.8802,4.4393,5.2482,4.939,0.6216,30
insect,base,blf,rugged,52,4.9304,4.4988,5.457,4.9873,0.6324,30
insect,base,blf,rugged,53,4.9304,4.523,5.4631,5.0021,0.6394,30
insect,base,blf,rugged,54,4.941,4.5801,5.4631,5.0588,0.6825,30
insect,base,blf,rugged,55,4.941,4.5801,5.4631,5.0604,0.6835,30
insect,base,blf,rugged,56,4.9988,4.6636,5.4631,5.0899,0.6743,30
insect,base,blf,rugged,57,5.0015,4.6636,5.4631,5.0981,0.6726,30
insect,base,blf,rugged,58,5.0577,4.6636,5.4631,5.1094,0.6785,30
insect,base,blf,rugged,59,5.0577,4.6636,5.4631,5.1248,0.6955,30
insect,base,blf,rugged,60,5.0804,4.6636,5.5736,5.1424,0.7025,30
insect,base,blf,rugged,61,5.0804,4.6636,5.5736,5.1465,0.7024,30
insect,base,blf,rugged,62,5.1088,4.6636,5.5736,5.1558,0.6975,30
insect,base,blf,rugged,63,5.12,4.6977,5.5736,5.1939,0.6714,30
insect,base,blf,rugged,64,5.1723,4.6977,5.5736,5.207,0.6781,30
insect,base,blf,rugged,65,5.1723,4.711,5.598,5.2218,0.6839,30
insect,base,blf,rugged,66,5.2378,4.7112,5.6,5.2388,0.6872,30
insect,base,blf,rugged,67,5.2378,4.8001,5.6,5.2554,0.6793,30
insect,base,blf,rugged,68,5.2378,4.8001,5.6665,5.2712,0.6897,30
insect,base,blf,rugged,69,5.2378,4.8001,5.6665,5.2806,0.7013,30
insect,base,blf,rugged,70,5.2378,4.8001,5.6665,5.3142,0.7417,30
insect,base,blf,rugged,71,5.2378,4.8051,5.6888,5.3383,0.7599,30
insect,base,blf,rugged,72,5.2378,4.8051,5.6888,5.3394,0.7611,30
insect,base,blf,rugged,73,5.2598,4.8302,5.8193,5.3894,0.7367,30
insect,base,blf,rugged,74,5.2659,4.8334,5.8193,5.4054,0.7453,30
insect,base,blf,rugged,75,5.2659,4.8716,6.039,5.4453,0.7431,30
insect,base,blf,rugged,76,5.2659,4.896,6.0914,5.4613,0.7459,30
insect,base,blf,rugged,77,5.2659,4.9221,6.0914,5.4882,0.7452,30
insect,base,blf,rugged,78,5.2849,4.9767,6.0914,5.4995,0.7385,30
insect,base,blf,rugged,79,5.36,4.9767,6.2058,5.5285,0.7447,30
insect,base,blf,rugged,80,5.36,4.9767,6.2058,5.5352,0.7516,30
insect,base,blf,rugged,81,5.502,4.9954,6.232,5.5651,0.7586,30
insect,base,blf,rugged,82,5.502,4.9954,6.232,5.5687,0.7637,30
insect,base,blf,rugged,83,5.5261,5.0514,6.2953,5.6084,0.7628,30
insect,base,blf,rugged,84,5.5261,5.0514,6.2953,5.6238,0.7784,30
insect,base,blf,rugged,85,5.5876,5.0602,6.2953,5.6457,0.7827,30
insect,base,blf,rugged,86,5.5876,5.0602,6.2953,5.6538,0.7866,30
insect,base,blf,rugged,87,5.6069,5.1023,6.2953,5.6809,0.7877,30
insect,base,blf,rugged,88,5.6788,5.1023,6.2953,5.6961,0.7835,30
insect,base,blf,rugged,89,5.7055,5.1919,6.302,5.7068,0.7791,30
insect,base,blf,rugged,90,5.7055,5.2421,6.3714,5.7245,0.7756,30
insect,base,blf,rugged,91,5.7055,5.2421,6.3882,5.7299,0.7821,30
insect,base,blf,rugged,92,5.7526,5.2429,6.4536,5.7745,0.7758,30
insect,base,blf,rugged,93,5.7526,5.2429,6.4536,5.7798,0.7737,30
insect,base,blf,rugged,94,5.7526,5.2494,6.4536,5.7855,0.7676,30
insect,base,blf,rugged,95,5.7526,5.2513,6.5067,5.8185,0.7918,30
insect,base,blf,rugged,96,5.7526,5.2513,6.5067,5.8299,0.7845,30
insect,base,blf,rugged,97,5.7526,5.3009,6.5067,5.8331,0.7822,30
insect,base,blf,rugged,98,5.7526,5.3009,6.5067,5.8537,0.775,30
insect,base,blf,rugged,99,5.7526,5.3009,6.5067,5.8691,0.778,30
insect,base,blf,rugged,100,5.7767,5.3009,6.5067,5.875,0.7781,30
insect,base,blf,rugged,101,5.7767,5.3009,6.5697,5.8829,0.7767,30
insect,base,blf,rugged,102,5.7767,5.3009,6.6058,5.9021,0.7592,30
insect,base,blf,rugged,103,5.8095,5.3312,6.6058,5.9423,0.76,30
insect,base,blf,rugged,104,5.8095,5.3327,6.6058,5.9509,0.7579,30
insect,base,blf,rugged,105,5.8095,5.35,6.6058,5.9598,0.7531,30
insect,base,blf,rugged,106,5.8104,5.3528,6.6058,5.9806,0.7346,30
insect,base,blf,rugged,107,5.8104,5.3528,6.7447,5.9932,0.7347,30
insect,base,blf,rugged,108,5.8104,5.3528,6.7447,5.9963,0.7356,30
insect,base,blf,rugged,109,5.8104,5.3939,6.7582,6.0123,0.7385,30
insect,base,blf,rugged,110,5.8625,5.397,6.7582,6.0183,0.7378,30
insect,base,blf,rugged,111,5.8625,5.4264,6.7582,6.0237,0.7331,30
insect,base,blf,rugged,112,5.8829,5.4264,6.7634,6.0314,0.7307,30
insect,base,blf,rugged,113,5.8829,5.4475,6.7634,6.0382,0.7267,30
insect,base,blf,rugged,114,5.8829,5.4847,6.7942,6.0479,0.723,30
insect,base,blf,rugged,115,5.8829,5.5001,6.7942,6.0549,0.7203,30
insect,base,blf,rugged,116,5.8829,5.5001,6.7942,6.0594,0.7206,30
insect,base,blf,rugged,117,5.8946,5.5203,6.874,6.0779,0.7256,30
insect,base,blf,rugged,118,5.9378,5.5203,6.874,6.0825,0.7266,30
insect,base,blf,rugged,119,5.9378,5.5285,6.9038,6.0937,0.7323,30
insect,base,blf,rugged,120,5.9646,5.5285,6.9038,6.1067,0.7367,30
insect,base,blf,rugged,121,5.9736,5.5285,6.9038,6.115,0.7349,30
insect,base,blf,rugged,122,5.9736,5.5422,6.9547,6.1259,0.7353,30
insect,base,blf,rugged,123,6.0256,5.5589,6.9898,6.1369,0.7384,30
insect,base,blf,rugged,124,6.0256,5.5855,7.0415,6.1533,0.7408,30
insect,base,blf,rugged,125,6.0625,5.5855,7.068,6.1612,0.7421,30
insect,base,blf,rugged,126,6.0625,5.5855,7.068,6.1634,0.7408,30
insect,base,blf,rugged,127,6.0665,5.5855,7.0794,6.1738,0.7447,30
insect,base,blf,rugged,128,6.1069,5.5912,7.0794,6.1796,0.7437,30
insect,base,blf,rugged,129,6.1069,5.6061,7.0794,6.1925,0.7349,30
insect,base,blf,rugged,130,6.1389,5.6205,7.0794,6.198,0.7326,30
insect,base,blf,rugged,131,6.1389,5.6205,7.0794,6.2035,0.7349,30
insect,base,blf,rugged,132,6.1389,5.6381,7.0794,6.2069,0.7313,30
insect,base,blf,rugged,133,6.1389,5.6429,7.0794,6.2146,0.7269,30
insect,base,blf,rugged,134,6.1389,5.6429,7.0794,6.2312,0.7066,30
insect,base,blf,rugged,135,6.1768,5.6625,7.0794,6.2517,0.7182,30
insect,base,blf,rugged,136,6.1889,5.6625,7.0794,6.2575,0.7136,30
insect,base,blf,rugged,137,6.1889,5.6625,7.0794,6.2617,0.7167,30
insect,base,blf,rugged,138,6.1889,5.6625,7.0794,6.2686,0.7268,30
insect,base,blf,rugged,139,6.1889,5.688,7.0794,6.2759,0.7212,30
insect,base,blf,rugged,140,6.1889,5.6917,7.0794,6.2802,0.7228,30
insect,base,blf,rugged,141,6.193,5.7155,7.0794,6.2866,0.7244,30
insect,base,blf,rugged,142,6.193,5.739,7.0794,6.3034,0.7293,30
insect,base,blf,rugged,143,6.193,5.739,7.0794,6.3068,0.734,30
insect,base,blf,rugged,144,6.193,5.7553,7.0843,6.313,0.7282,30
insect,base,blf,rugged,145,6.193,5.7553,7.0843,6.3153,0.7294,30
insect,base,blf,rugged,146,6.193,5.7553,7.0904,6.3337,0.7314,30
insect,base,blf,rugged,147,6.193,5.7715,7.0904,6.3487,0.7198,30
insect,base,blf,rugged,148,6.193,5.7715,7.0904,6.3498,0.7198,30
insect,base,blf,rugged,149,6.206,5.7715,7.1711,6.3599,0.7281,30
insect,base,blf,rugged,150,6.206,5.774,7.1728,6.3619,0.7281,30
insect,base,blf,rugged,151,6.2183,5.795,7.1728,6.3694,0.7233,30
insect,base,blf,rugged,152,6.2183,5.8057,7.1728,6.3704,0.7225,30
insect,base,blf,rugged,153,6.233,5.8184,7.1728,6.3759,0.722,30
insect,base,blf,rugged,154,6.2582,5.8279,7.1728,6.3823,0.7189,30
insect,base,blf,rugged,155,6.2672,5.8279,7.1728,6.389,0.7223,30
insect,base,blf,rugged,156,6.2672,5.8279,7.1728,6.3895,0.7219,30
insect,base,blf,rugged,157,6.2712,5.851,7.1728,6.3947,0.7185,30
insect,base,blf,rugged,158,6.2793,5.8654,7.1728,6.3986,0.7157,30
insect,base,blf,rugged,159,6.2793,5.8654,7.2158,6.4042,0.7223,30
insect,base,blf,rugged,160,6.2894,5.8654,7.2158,6.4074,0.7201,30
insect,base,blf,rugged,161,6.3011,5.8654,7.2158,6.4096,0.7203,30
insect,base,blf,rugged,162,6.3011,5.8654,7.2433,6.4169,0.7228,30
insect,base,blf,rugged,163,6.3011,5.8717,7.2433,6.4341,0.7091,30
insect,base,blf,rugged,164,6.3128,5.8792,7.2433,6.4383,0.7058,30
insect,base,blf,rugged,165,6.3136,5.8792,7.2597,6.448,0.7074,30
insect,base,blf,rugged,166,6.3136,5.8792,7.2597,6.4482,0.7076,30
insect,base,blf,rugged,167,6.3136,5.8877,7.2603,6.4613,0.698,30
insect,base,blf,rugged,168,6.3136,5.8877,7.2603,6.4647,0.6991,30
insect,base,blf,rugged,169,6.3136,5.8877,7.2603,6.4695,0.6979,30
insect,base,blf,rugged,170,6.3136,5.8877,7.2603,6.4738,0.698,30
insect,base,blf,rugged,171,6.3245,5.8877,7.3164,6.4817,0.6982,30
insect,base,blf,rugged,172,6.3245,5.8877,7.3164,6.4852,0.6943,30
insect,base,blf,rugged,173,6.3245,5.8967,7.3174,6.4965,0.7,30
insect,base,blf,rugged,174,6.3245,5.9082,7.3174,6.4992,0.6968,30
insect,base,blf,rugged,175,6.3245,5.9082,7.3174,6.5027,0.6953,30
insect,base,blf,rugged,176,6.3245,5.916,7.3174,6.5206,0.6738,30
insect,base,blf,rugged,177,6.3245,5.9879,7.3174,6.5259,0.6693,30
insect,base,blf,rugged,178,6.3245,5.9879,7.3174,6.5274,0.6677,30
insect,base,blf,rugged,179,6.3245,5.9879,7.3174,6.5302,0.6672,30
insect,base,blf,rugged,180,6.3245,5.9907,7.3249,6.5326,0.6695,30
insect,base,blf,rugged,181,6.376,5.9907,7.3249,6.5408,0.6661,30
insect,base,blf,rugged,182,6.376,5.9925,7.3249,6.5433,0.6633,30
insect,base,blf,rugged,183,6.376,5.9925,7.3249,6.5505,0.6663,30
insect,base,blf,rugged,184,6.376,5.9953,7.3249,6.5593,0.6598,30
insect,base,blf,rugged,185,6.376,5.9953,7.3249,6.5607,0.6582,30
insect,base,blf,rugged,186,6.376,6.0047,7.3249,6.5626,0.6566,30
insect,base,blf,rugged,187,6.4402,6.0047,7.3439,6.5728,0.6609,30
insect,base,blf,rugged,188,6.4402,6.0412,7.3439,6.5835,0.6558,30
insect,base,blf,rugged,189,6.4402,6.0412,7.3525,6.5867,0.6566,30
insect,base,blf,rugged,190,6.4402,6.0412,7.3525,6.5877,0.6562,30
insect,base,blf,rugged,191,6.4402,6.0412,7.3525,6.5881,0.6558,30
insect,base,blf,rugged,192,6.4718,6.0412,7.3525,6.5933,0.6533,30
insect,base,blf,rugged,193,6.4718,6.0412,7.3525,6.595,0.6526,30
insect,base,blf,rugged,194,6.4751,6.0422,7.3941,6.5991,0.6533,30
insect,base,blf,rugged,195,6.4751,6.0422,7.3941,6.6012,0.6515,30
insect,base,blf,rugged,196,6.4751,6.0422,7.3941,6.6033,0.6493,30
insect,base,blf,rugged,197,6.4751,6.0422,7.4007,6.6047,0.6496,30
insect,base,blf,rugged,198,6.4751,6.0422,7.4007,6.6047,0.6496,30
insect,base,blf,rugged,199,6.5035,6.0422,7.4007,6.6119,0.6479,30
insect,base,blf,rugged,200,6.5035,6.0422,7.4007,6.6119,0.6479,30
insect,base,blf,rugged,201,6.5035,6.0422,7.4007,6.6152,0.6464,30
insect,base,blf,rugged,202,6.5092,6.0422,7.4022,6.6199,0.6501,30
insect,base,blf,rugged,203,6.5092,6.0422,7.4022,6.6214,0.6491,30
insect,base,blf,rugged,204,6.5092,6.0422,7.4022,6.624,0.6474,30
insect,base,blf,rugged,205,6.5092,6.0422,7.4022,6.6247,0.6485,30
insect,base,blf,rugged,206,6.5092,6.0422,7.4022,6.6247,0.6485,30
insect,base,blf,rugged,207,6.5092,6.0488,7.4022,6.6266,0.6505,30
insect,base,blf,rugged,208,6.5092,6.0524,7.4022,6.6272,0.6509,30
insect,base,blf,rugged,209,6.5134,6.0524,7.4115,6.6283,0.6518,30
insect,base,blf,rugged,210,6.5134,6.0727,7.4168,6.6303,0.6516,30
insect,base,blf,rugged,211,6.5134,6.0727,7.4168,6.6321,0.6506,30
insect,base,blf,rugged,212,6.5134,6.0727,7.4237,6.6359,0.6543,30
insect,base,blf,rugged,213,6.5134,6.0727,7.4237,6.6394,0.6521,30
insect,base,blf,rugged,214,6.5169,6.0727,7.4237,6.6509,0.6533,30
insect,base,blf,rugged,215,6.5252,6.0727,7.4237,6.6514,0.6532,30
insect,base,blf,rugged,216,6.5252,6.0775,7.4237,6.6527,0.6521,30
insect,base,blf,rugged,217,6.5311,6.0775,7.4237,6.6532,0.652,30
insect,base,blf,rugged,218,6.5311,6.0775,7.4237,6.6536,0.6517,30
insect,base,blf,rugged,219,6.5311,6.0775,7.4237,6.6542,0.6517,30
insect,base,blf,rugged,220,6.5311,6.0775,7.4237,6.6567,0.6508,30
insect,base,blf,rugged,221,6.5311,6.0972,7.4243,6.6612,0.6485,30
insect,base,blf,rugged,222,6.5311,6.1007,7.4243,6.6643,0.6484,30
insect,base,blf,rugged,223,6.5311,6.1007,7.4243,6.6647,0.6483,30
insect,base,blf,rugged,224,6.5311,6.1007,7.4243,6.6651,0.6486,30
insect,base,blf,rugged,225,6.5311,6.1007,7.4277,6.6667,0.6505,30
insect,base,blf,rugged,226,6.5311,6.1007,7.4359,6.6697,0.6534,30
insect,base,blf,rugged,227,6.5311,6.1007,7.4359,6.6735,0.6546,30
insect,base,blf,rugged,228,6.5311,6.1007,7.4359,6.6761,0.6576,30
insect,base,blf,rugged,229,6.5382,6.1007,7.4359,6.6792,0.6561,30
insect,base,blf,rugged,230,6.5382,6.1134,7.4359,6.6813,0.6549,30
insect,base,blf,rugged,231,6.5482,6.1134,7.4359,6.6832,0.6564,30
insect,base,blf,rugged,232,6.5507,6.1134,7.4359,6.6849,0.6563,30
insect,base,blf,rugged,233,6.5507,6.1272,7.4359,6.6857,0.6557,30
insect,base,blf,rugged,234,6.5507,6.1272,7.4359,6.6857,0.6557,30
insect,base,blf,rugged,235,6.5507,6.1272,7.4359,6.686,0.6557,30
insect,base,blf,rugged,236,6.5507,6.1272,7.4359,6.6871,0.6573,30
insect,base,blf,rugged,237,6.5507,6.1272,7.4359,6.69,0.6589,30
insect,base,blf,rugged,238,6.5507,6.1324,7.465,6.6941,0.6578,30
insect,base,blf,rugged,239,6.5507,6.1324,7.465,6.6944,0.6576,30
insect,base,blf,rugged,240,6.5507,6.1324,7.465,6.6944,0.6576,30
insect,base,blf,rugged,241,6.5946,6.1324,7.465,6.6978,0.6571,30
insect,base,blf,rugged,242,6.5946,6.1324,7.465,6.6978,0.6571,30
insect,base,blf,rugged,243,6.5946,6.1324,7.465,6.7002,0.6553,30
insect,base,blf,rugged,244,6.5946,6.1324,7.465,6.7002,0.6553,30
insect,base,blf,rugged,245,6.5946,6.1324,7.465,6.7004,0.6556,30
insect,base,blf,rugged,246,6.5946,6.1324,7.465,6.7004,0.6556,30
insect,base,blf,rugged,247,6.5946,6.1324,7.465,6.7016,0.6558,30
insect,base,blf,rugged,248,6.5946,6.1324,7.465,6.7016,0.6558,30
insect,base,blf,rugged,249,6.6022,6.1324,7.465,6.7032,0.6563,30
insect,base,blf,rugged,250,6.6022,6.1324,7.4703,6.7074,0.6608,30
insect,base,blf,rugged,251,6.6022,6.1324,7.4703,6.7077,0.6605,30
insect,base,blf,rugged,252,6.6022,6.1324,7.4703,6.709,0.6598,30
insect,base,blf,rugged,253,6.6022,6.1324,7.4703,6.7106,0.6589,30
insect,base,blf,rugged,254,6.6022,6.1324,7.4703,6.7122,0.6606,30
insect,base,blf,rugged,255,6.6022,6.1324,7.4703,6.7122,0.6606,30
insect,base,blf,rugged,256,6.6022,6.1324,7.4703,6.7149,0.6589,30
insect,base,blf,rugged,257,6.6022,6.1324,7.4703,6.7149,0.6589,30
insect,base,blf,rugged,258,6.6022,6.1324,7.4703,6.7149,0.6589,30
insect,base,blf,rugged,259,6.6022,6.1324,7.4703,6.7188,0.6634,30
insect,base,blf,rugged,260,6.6022,6.1324,7.4703,6.7194,0.6642,30
insect,base,blf,rugged,261,6.6111,6.1324,7.4703,6.7201,0.6641,30
insect,base,blf,rugged,262,6.6111,6.1324,7.4703,6.7216,0.6632,30
insect,base,blf,rugged,263,6.6194,6.1603,7.4703,6.7284,0.6593,30
insect,base,blf,rugged,264,6.6194,6.1603,7.4703,6.7291,0.6599,30
insect,base,blf,rugged,265,6.6283,6.1603,7.4703,6.7313,0.6611,30
insect,base,blf,rugged,266,6.6283,6.1603,7.4703,6.7313,0.6611,30
insect,base,blf,rugged,267,6.6283,6.1603,7.4703,6.7322,0.6608,30
insect,base,blf,rugged,268,6.6283,6.1603,7.4703,6.7325,0.6606,30
insect,base,blf,rugged,269,6.6283,6.1603,7.4703,6.7328,0.6607,30
insect,base,blf,rugged,270,6.6283,6.1603,7.4703,6.7353,0.6592,30
insect,base,blf,rugged,271,6.6283,6.1603,7.4703,6.7375,0.6623,30
insect,base,blf,rugged,272,6.6283,6.1603,7.4703,6.7375,0.6623,30
insect,base,blf,rugged,273,6.6283,6.1603,7.4742,6.7392,0.663,30
insect,base,blf,rugged,274,6.6283,6.1603,7.4742,6.7397,0.6627,30
insect,base,blf,rugged,275,6.6283,6.1603,7.4742,6.7397,0.6627,30
insect,base,blf,rugged,276,6.6283,6.1603,7.4742,6.7433,0.6606,30
insect,base,blf,rugged,277,6.6283,6.1603,7.4742,6.7434,0.6605,30
insect,base,blf,rugged,278,6.6283,6.1603,7.4742,6.7434,0.6605,30
insect,base,blf,rugged,279,6.6283,6.1603,7.4742,6.7435,0.6605,30
insect,base,blf,rugged,280,6.6283,6.1603,7.4742,6.7446,0.66,30
insect,base,blf,rugged,281,6.6283,6.1603,7.4742,6.7492,0.6578,30
insect,base,blf,rugged,282,6.6283,6.1603,7.4742,6.7505,0.6581,30
insect,base,blf,rugged,283,6.6283,6.1603,7.4742,6.7505,0.658,30
insect,base,blf,rugged,284,6.6283,6.1603,7.4742,6.7505,0.658,30
insect,base,blf,rugged,285,6.6283,6.1603,7.4742,6.7505,0.658,30
insect,base,blf,rugged,286,6.6283,6.1603,7.4742,6.7528,0.6607,30
insect,base,blf,rugged,287,6.6283,6.1603,7.4742,6.7539,0.6622,30
insect,base,blf,rugged,288,6.6283,6.1603,7.4742,6.754,0.6621,30
insect,base,blf,rugged,289,6.6283,6.1603,7.4742,6.7545,0.6622,30
insect,base,blf,rugged,290,6.6283,6.1603,7.4742,6.7557,0.6611,30
insect,base,blf,rugged,291,6.6283,6.1603,7.4742,6.7562,0.6609,30
insect,base,blf,rugged,292,6.6283,6.1603,7.4742,6.7567,0.6618,30
insect,base,blf,rugged,293,6.6283,6.1636,7.4742,6.7572,0.6615,30
insect,base,blf,rugged,294,6.6283,6.1647,7.4742,6.7581,0.661,30
insect,base,blf,rugged,295,6.6283,6.1647,7.4742,6.7581,0.661,30
insect,base,blf,rugged,296,6.6339,6.1647,7.4742,6.7588,0.6609,30
insect,base,blf,rugged,297,6.6416,6.1647,7.4742,6.7597,0.6607,30
insect,base,blf,rugged,298,6.6416,6.1647,7.4742,6.7611,0.6601,30
insect,base,blf,rugged,299,6.6416,6.1647,7.4742,6.7614,0.6604,30
insect,base,blf,rugged,300,6.6416,6.1688,7.4742,6.762,0.6601,30
insect,phi,uncoupled,flat,1,2.067254900531888,1.6415554289591698,2.7011643444801026,2.1703562015583944,0.6632676539259225,30
insect,phi,uncoupled,flat,2,2.4464281912233927,1.953655539741348,2.895642618400594,2.3887330319132043,0.5773428749339031,30
insect,phi,uncoupled,flat,3,2.716701187893692,2.408715603603227,3.060515973160187,2.7151063464539384,0.6481690134229575,30
insect,phi,uncoupled,flat,4,2.9645185893523793,2.6952023647125,3.1880594867769307,2.9299391704233875,0.5931533168735738,30
insect,phi,uncoupled,flat,5,3.034371515408648,2.8667095719675153,3.5935700855073307,3.2201202390706025,0.610515853139679,30
insect,phi,uncoupled,flat,6,3.117475592792756,2.9125134837488362,3.747388198333323,3.3442906754259187,0.6597069932647658,30
insect,phi,uncoupled,flat,7,3.3235748382390033,2.9198547042323257,3.934233300916021,3.435664060976869,0.6868830548710858,30
insect,phi,uncoupled,flat,8,3.3235748382390033,2.998519317460048,3.934233300916021,3.480502106370082,0.6448297239131399,30
insect,phi,uncoupled,flat,9,3.4644909348575466,3.1761075395435885,3.9969984830805405,3.5786408222423756,0.594720791225669,30
insect,phi,uncoupled,flat,10,3.6256575532427835,3.258430731245061,4.056027493419613,3.6933987400606787,0.5614142256205987,30
insect,phi,uncoupled,flat,11,3.7557639392583786,3.4291356736555016,4.179481686031326,3.814642778098725,0.5070675082677643,30
insect,phi,uncoupled,flat,12,3.9635467925002965,3.5099607759245415,4.422130551335749,3.9738834286370026,0.5468115396191812,30
insect,phi,uncoupled,flat,13,4.001665542838403,3.6681686741509423,4.422130551335749,4.054143538647848,0.4744728578414724,30
insect,phi,uncoupled,flat,14,4.0382664858262425,3.6807266757381276,4.4801522220147305,4.098171799142006,0.5040631458631322,30
insect,phi,uncoupled,flat,15,4.2149522646289626,3.7196957556316965,4.539309555276265,4.173980260710109,0.5100042592588386,30
insect,phi,uncoupled,flat,16,4.258936577287836,3.8173386187538068,4.594008556135567,4.25511553208937,0.5571562038051019,30
insect,phi,uncoupled,flat,17,4.324280911305483,3.8173386187538068,4.604952797374295,4.276536536800132,0.5647787978884516,30
insect,phi,uncoupled,flat,18,4.443283044431181,3.9634626925849816,4.664018423648018,4.337804789063671,0.5611014063516722,30
insect,phi,uncoupled,flat,19,4.443283044431181,3.994002331198783,4.664018423648018,4.373643199885971,0.5487539477292978,30
insect,phi,uncoupled,flat,20,4.501273426250206,4.0865412453633,4.909004014854533,4.468700867258345,0.5046748874601733,30
insect,phi,uncoupled,flat,21,4.501273426250206,4.0865412453633,4.909004014854533,4.473332458321265,0.513174201870412,30
insect,phi,uncoupled,flat,22,4.501273426250206,4.0865412453633,4.925449761582297,4.4803989866386305,0.5209681129428502,30
insect,phi,uncoupled,flat,23,4.556234661713896,4.102571118783375,4.925449761582297,4.537978985474977,0.5903122799674326,30
insect,phi,uncoupled,flat,24,4.556234661713896,4.102571118783375,4.925449761582297,4.537978985474977,0.5903122799674326,30
insect,phi,uncoupled,flat,25,4.556234661713896,4.102571118783375,4.925449761582297,4.537978985474977,0.5903122799674326,30
insect,phi,uncoupled,flat,26,4.578123144191354,4.191510061229605,4.925449761582297,4.575394920899068,0.5725373631265914,30
insect,phi,uncoupled,flat,27,4.578123144191354,4.191510061229605,4.930657554983187,4.583752969567856,0.5754821886383668,30
insect,phi,uncoupled,flat,28,4.578123144191354,4.191510061229605,4.9945107209774635,4.615882534904719,0.6071539249044625,30
insect,phi,uncoupled,flat,29,4.578123144191354,4.191510061229605,4.9945107209774635,4.640500392424891,0.5867264199492321,30
insect,phi,uncoupled,flat,30,4.602691062051928,4.2219211792324485,4.9945107209774635,4.671960619356517,0.58181739488168,30
insect,phi,uncoupled,flat,31,4.602691062051928,4.2219211792324485,4.9945107209774635,4.674050300393982,0.5862868627557218,30
insect,phi,uncoupled,flat,32,4.636616751608329,4.295120658329056,4.9945107209774635,4.741206817179271,0.5658833065472458,30
insect,phi,uncoupled,flat,33,4.752998071775853,4.375608727841772,5.163127565553868,4.800657259613339,0.5637437699558895,30
insect,phi,uncoupled,flat,34,4.891431084645339,4.396397813073231,5.163127565553868,4.840428076892303,0.5557918540011493,30
insect,phi,uncoupled,flat,35,4.965476391298797,4.396397813073231,5.29508688837454,4.917028124620518,0.6000640515514931,30
insect,phi,uncoupled,flat,36,4.965476391298797,4.396397813073231,5.297768162662312,4.9239745442530305,0.5994985874801111,30
insect,phi,uncoupled,flat,37,4.965476391298797,4.442564100609753,5.297768162662312,4.932868186419051,0.590112755060619,30
insect,phi,uncoupled,flat,38,4.993763181553064,4.60042932672956,5.3465157605344285,4.990448330699059,0.590660758436811,30
insect,phi,uncoupled,flat,39,4.993763181553064,4.60042932672956,5.376998663323756,4.9988495749414446,0.6015408161869752,30
insect,phi,uncoupled,flat,40,4.993763181553064,4.601361689482108,5.376998663323756,5.002667271930619,0.5993289552747764,30
insect,phi,uncoupled,flat,41,5.049558556622999,4.638644348373115,5.401867458639087,5.057150221776825,0.6077131560514719,30
insect,phi,uncoupled,flat,42,5.049558556622999,4.638644348373115,5.435342754192767,5.076256681642324,0.6273146681541673,30
insect,phi,uncoupled,flat,43,5.05606424630526,4.76411093571252,5.435342754192767,5.117083778906241,0.6145017587996057,30
insect,phi,uncoupled,flat,44,5.05606424630526,4.797128735071732,5.435342754192767,5.138846339189309,0.595759115624414,30
insect,phi,uncoupled,flat,45,5.05606424630526,4.798002479887581,5.660531525369244,5.191018428223644,0.6717122027573894,30
insect,phi,uncoupled,flat,46,5.065017438851854,4.8446564534686445,5.660531525369244,5.199986941746764,0.6697103340124831,30
insect,phi,uncoupled,flat,47,5.143371327983957,4.881891339627279,5.660531525369244,5.224638769122433,0.6706218992420349,30
insect,phi,uncoupled,flat,48,5.143371327983957,4.9758950854967,5.660531525369244,5.229923662110483,0.6681282234756293,30
insect,phi,uncoupled,flat,49,5.143371327983957,4.9758950854967,5.73392724777642,5.261930746793608,0.6831792717310297,30
insect,phi,uncoupled,flat,50,5.143371327983957,4.9758950854967,5.849565887738944,5.291348224191234,0.7205039246664355,30
insect,phi,uncoupled,flat,51,5.152232300783883,4.9758950854967,5.849565887738944,5.31280722884975,0.7138142016152808,30
insect,phi,uncoupled,flat,52,5.196136546768075,4.994467546599292,5.849565887738944,5.341055975581743,0.7004399021599284,30
insect,phi,uncoupled,flat,53,5.196136546768075,4.994467546599292,5.912155600051585,5.3438377405734165,0.7028483734692431,30
insect,phi,uncoupled,flat,54,5.243391538184859,5.012746236039684,5.966059476017707,5.39800908220841,0.7213665663657507,30
insect,phi,uncoupled,flat,55,5.243391538184859,5.012746236039684,5.966059476017707,5.4084016634756855,0.7296212101321772,30
insect,phi,uncoupled,flat,56,5.317324192953327,5.012746236039684,5.966059476017707,5.421434570451653,0.7260500995635258,30
insect,phi,uncoupled,flat,57,5.317324192953327,5.012746236039684,6.008562316463772,5.435881030554362,0.7432595965692597,30
insect,phi,uncoupled,flat,58,5.317324192953327,5.012746236039684,6.008562316463772,5.445170610891297,0.7477065070942295,30
insect,phi,uncoupled,flat,59,5.317324192953327,5.040363262696589,6.008562316463772,5.484140977679528,0.7125089142328078,30
insect,phi,uncoupled,flat,60,5.317324192953327,5.040363262696589,6.008562316463772,5.488699398330436,0.716799643170847,30
insect,phi,uncoupled,flat,61,5.372389424077401,5.040363262696589,6.0157899658218845,5.511619353520181,0.7347409946153654,30
insect,phi,uncoupled,flat,62,5.410496345405258,5.040363262696589,6.0157899658218845,5.534390309537907,0.7129678909475079,30
insect,phi,uncoupled,flat,63,5.410496345405258,5.040363262696589,6.0457283620897,5.543261671717771,0.712514851775391,30
insect,phi,uncoupled,flat,64,5.410496345405258,5.040363262696589,6.0457283620897,5.564627895381282,0.7395572060929253,30
insect,phi,uncoupled,flat,65,5.410496345405258,5.040363262696589,6.222710335018283,5.581718228657054,0.7503346333792565,30
insect,phi,uncoupled,flat,66,5.410496345405258,5.040363262696589,6.222710335018283,5.586478112426554,0.7542771378112758,30
insect,phi,uncoupled,flat,67,5.410496345405258,5.040363262696589,6.222710335018283,5.594556716791888,0.7648476641499957,30
insect,phi,uncoupled,flat,68,5.410496345405258,5.040363262696589,6.222710335018283,5.5952595066118,0.7652550987339993,30
insect,phi,uncoupled,flat,69,5.410496345405258,5.040363262696589,6.222710335018283,5.5978963118732015,0.765529104377676,30
insect,phi,uncoupled,flat,70,5.43550262631878,5.040363262696589,6.222710335018283,5.629416819549586,0.7718039311278933,30
insect,phi,uncoupled,flat,71,5.43550262631878,5.040363262696589,6.222710335018283,5.640606560765411,0.7635389897053173,30
insect,phi,uncoupled,flat,72,5.475413337342072,5.205631061380639,6.222710335018283,5.709428039588692,0.7417384824681396,30
insect,phi,uncoupled,flat,73,5.608182231755729,5.230617535947095,6.35630453513999,5.745573643608226,0.7485220946479323,30
insect,phi,uncoupled,flat,74,5.608182231755729,5.230617535947095,6.4965359941286875,5.779654835301986,0.7679795039812503,30
insect,phi,uncoupled,flat,75,5.608182231755729,5.230617535947095,6.4965359941286875,5.797310030672857,0.7887233971894289,30
insect,phi,uncoupled,flat,76,5.608182231755729,5.230617535947095,6.53308932197036,5.816608880285753,0.8143779664372089,30
insect,phi,uncoupled,flat,77,5.608182231755729,5.230617535947095,6.546385461585163,5.846400630034176,0.8303631267507973,30
insect,phi,uncoupled,flat,78,5.633493435292528,5.230617535947095,6.546385461585163,5.8809891735421225,0.856831598521664,30
insect,phi,uncoupled,flat,79,5.633493435292528,5.230617535947095,6.546385461585163,5.8925474397833,0.8604450853992651,30
insect,phi,uncoupled,flat,80,5.633493435292528,5.321105142782412,6.546385461585163,5.92106931906559,0.8546318708421631,30
insect,phi,uncoupled,flat,81,5.696461678800194,5.321105142782412,6.546385461585163,5.949091909045788,0.8437063169475507,30
insect,phi,uncoupled,flat,82,5.696461678800194,5.425803683243712,6.872422962472629,5.990490857174553,0.8455564414778194,30
insect,phi,uncoupled,flat,83,5.696461678800194,5.425803683243712,6.872422962472629,6.028680004982726,0.8137248449925303,30
insect,phi,uncoupled,flat,84,5.79211795660982,5.437507867628025,6.872422962472629,6.055521760739757,0.8074760170207789,30
insect,phi,uncoupled,flat,85,5.802821965799113,5.447829376114236,6.872422962472629,6.0684842464933695,0.8075249022062305,30
insect,phi,uncoupled,flat,86,5.802821965799113,5.447829376114236,6.875417557890563,6.079542588485806,0.8178704151465902,30
insect,phi,uncoupled,flat,87,5.802821965799113,5.465281427351059,6.875417557890563,6.081701728086772,0.816160235278571,30
insect,phi,uncoupled,flat,88,5.949737574886845,5.510858300902236,6.875417557890563,6.140915479054603,0.8277730656261039,30
insect,phi,uncoupled,flat,89,5.949737574886845,5.517700412042805,6.875417557890563,6.154033159098099,0.8351838797700414,30
insect,phi,uncoupled,flat,90,5.950605112010249,5.517700412042805,6.902170085154251,6.175495745188212,0.8367132133352879,30
insect,phi,uncoupled,flat,91,5.950605112010249,5.561862526403996,6.963914592933573,6.2051137105872085,0.8572880959584567,30
insect,phi,uncoupled,flat,92,5.955185431714151,5.583880104628957,6.9666335812735,6.217004484140343,0.8479284741425949,30
insect,phi,uncoupled,flat,93,5.999862041546414,5.710687967949105,6.9666335812735,6.25629297164867,0.8400653102910715,30
insect,phi,uncoupled,flat,94,6.262987355534863,5.757484038658205,6.9666335812735,6.331611431694696,0.8262354991069487,30
insect,phi,uncoupled,flat,95,6.318026828780772,5.831188607671559,7.0119833705421435,6.372040692010495,0.8311405645592368,30
insect,phi,uncoupled,flat,96,6.462672299197008,5.831188607671559,7.0119833705421435,6.388565309568909,0.8350638994206094,30
insect,phi,uncoupled,flat,97,6.5068450898893975,5.831188607671559,7.0119833705421435,6.402201970232417,0.8395292052145941,30
insect,phi,uncoupled,flat,98,6.534520471655691,5.831188607671559,7.0119833705421435,6.406460027999139,0.8427983975976703,30
insect,phi,uncoupled,flat,99,6.534520471655691,5.835968016600583,7.0119833705421435,6.412590147793513,0.8452918652525745,30
insect,phi,uncoupled,flat,100,6.661517533663865,5.835968016600583,7.10519753743557,6.44576101617985,0.8538499602363533,30
insect,phi,uncoupled,flat,101,6.661517533663865,5.86406971344999,7.10872182273698,6.466945063259618,0.8477218028041206,30
insect,phi,uncoupled,flat,102,6.661517533663865,5.86406971344999,7.116273043742867,6.471515405305527,0.8541673431105331,30
insect,phi,uncoupled,flat,103,6.686472294132587,5.867481395747082,7.1307338349482485,6.497827867711647,0.8712012841563523,30
insect,phi,uncoupled,flat,104,6.729932208090198,5.933331297960394,7.1307338349482485,6.520723200154228,0.8595144734957322,30
insect,phi,uncoupled,flat,105,6.729932208090198,5.933331297960394,7.158061701909642,6.551704411625814,0.8695940388400784,30
insect,phi,uncoupled,flat,106,6.7523337834438415,5.939448006354682,7.158061701909642,6.558079994402285,0.872012156117242,30
insect,phi,uncoupled,flat,107,6.7523337834438415,5.952867911895483,7.158061701909642,6.567713077111731,0.8699756695234164,30
insect,phi,uncoupled,flat,108,6.7523337834438415,5.961889999790001,7.158061701909642,6.5953203259521835,0.858329127863874,30
insect,phi,uncoupled,flat,109,6.7523337834438415,5.961889999790001,7.180806611415476,6.6130248953323845,0.8640620398126985,30
insect,phi,uncoupled,flat,110,6.771971377154934,5.966645994679174,7.184540345724878,6.624191348356481,0.8617826254621561,30
insect,phi,uncoupled,flat,111,6.849610086041448,5.97673295589044,7.184540345724878,6.63658468393601,0.8638888245531062,30
insect,phi,uncoupled,flat,112,6.884584028889487,5.985228066419623,7.20618915257123,6.646917584550803,0.8681683964388364,30
insect,phi,uncoupled,flat,113,6.909365347074802,5.985228066419623,7.20916285783713,6.675233136579617,0.8592391534686946,30
insect,phi,uncoupled,flat,114,6.928441338256874,6.070660752773193,7.353218345742318,6.71808575626981,0.8638944736790043,30
insect,phi,uncoupled,flat,115,6.940555539034936,6.071502863153434,7.37606225370718,6.741074755905383,0.8546376085472781,30
insect,phi,uncoupled,flat,116,6.940555539034936,6.071502863153434,7.4011626622706554,6.75948834459599,0.8585604760761464,30
insect,phi,uncoupled,flat,117,6.940555539034936,6.071502863153434,7.418037465249238,6.768421591417894,0.8633137692575692,30
insect,phi,uncoupled,flat,118,6.947785495925584,6.1031851719845855,7.418037465249238,6.785760200932278,0.8475282543105255,30
insect,phi,uncoupled,flat,119,7.039328103401649,6.123634694037001,7.418037465249238,6.818461520556601,0.8473101828391092,30
insect,phi,uncoupled,flat,120,7.059646854443365,6.127947448850955,7.468178137163381,6.856817459149591,0.8344620941108362,30
insect,phi,uncoupled,flat,121,7.0790640334829575,6.133945695939362,7.468178137163381,6.8626860147288395,0.8398319360668359,30
insect,phi,uncoupled,flat,122,7.099423059678218,6.17478935450832,7.468178137163381,6.875029355271946,0.8428540786147973,30
insect,phi,uncoupled,flat,123,7.099423059678218,6.17478935450832,7.471128122291818,6.875225843407375,0.8430091686165405,30
insect,phi,uncoupled,flat,124,7.113167419350043,6.183732846516088,7.471128122291818,6.884749558371263,0.8447081388040647,30
insect,phi,uncoupled,flat,125,7.1365803963574175,6.183732846516088,7.506134658886348,6.908188501728799,0.8523641377331388,30
insect,phi,uncoupled,flat,126,7.168727869627883,6.198216584217045,7.545684272694064,6.921560476724384,0.8557905840000021,30
insect,phi,uncoupled,flat,127,7.168727869627883,6.247841541847043,7.545684272694064,6.932713933748288,0.848855029584988,30
insect,phi,uncoupled,flat,128,7.1966538179115425,6.2492680998404255,7.554253846968213,6.950678667378087,0.8614006953295381,30
insect,phi,uncoupled,flat,129,7.1966538179115425,6.25587710735563,7.554253846968213,6.959564265437966,0.8608509523048352,30
insect,phi,uncoupled,flat,130,7.205946141891213,6.332087789622366,7.691078599048362,6.9879391799579365,0.83729661419244,30
insect,phi,uncoupled,flat,131,7.230937510624496,6.332087789622366,7.738716147493015,7.01163129217735,0.8281995101083356,30
insect,phi,uncoupled,flat,132,7.230937510624496,6.332087789622366,7.738716147493015,7.018399145722691,0.8204820402762603,30
insect,phi,uncoupled,flat,133,7.232616684527347,6.34889539168255,7.738716147493015,7.027606609339769,0.8119734081581949,30
insect,phi,uncoupled,flat,134,7.232616684527347,6.364910348568465,7.7708148598226705,7.041005449181276,0.8164259527868842,30
insect,phi,uncoupled,flat,135,7.232616684527347,6.378799507532338,7.7708148598226705,7.075552395336933,0.7709879085791265,30
insect,phi,uncoupled,flat,136,7.243148734754369,6.378799507532338,7.775920192508479,7.09258936696828,0.7694215039454535,30
insect,phi,uncoupled,flat,137,7.254710949513234,6.378799507532338,7.777850010130306,7.097882967172059,0.7713224664707988,30
insect,phi,uncoupled,flat,138,7.261904812832597,6.378799507532338,7.777850010130306,7.103912925172231,0.7713356262249523,30
insect,phi,uncoupled,flat,139,7.2745485457813945,6.378799507532338,7.801667711852642,7.1119157976057155,0.7746705729883188,30
insect,phi,uncoupled,flat,140,7.2745485457813945,6.378799507532338,7.823311904154168,7.1284379767506545,0.7757730441124263,30
insect,phi,uncoupled,flat,141,7.2745485457813945,6.4833965817727295,7.833532291587337,7.149639301026621,0.7677372601280609,30
insect,phi,uncoupled,flat,142,7.30415111088838,6.4833965817727295,7.833532291587337,7.158700196389618,0.766353652961751,30
insect,phi,uncoupled,flat,143,7.30415111088838,6.531704293323317,7.833532291587337,7.163605994337456,0.762126805257482,30
insect,phi,uncoupled,flat,144,7.30415111088838,6.531704293323317,7.833532291587337,7.180550325087327,0.7529220396735651,30
insect,phi,uncoupled,flat,145,7.30415111088838,6.531704293323317,7.882492976391202,7.195151001842609,0.7612030524182979,30
insect,phi,uncoupled,flat,146,7.30415111088838,6.531704293323317,7.882492976391202,7.199605502579776,0.765850798270143,30
insect,phi,uncoupled,flat,147,7.30415111088838,6.531704293323317,7.882492976391202,7.215713799790007,0.7676970208382564,30
insect,phi,uncoupled,flat,148,7.30415111088838,6.531704293323317,7.882492976391202,7.220998472427235,0.7652304804651873,30
insect,phi,uncoupled,flat,149,7.30415111088838,6.531704293323317,7.882492976391202,7.226604139386716,0.7647384851837536,30
insect,phi,uncoupled,flat,150,7.345910807280485,6.531704293323317,7.882492976391202,7.239613068659084,0.755071611814278,30
insect,phi,uncoupled,flat,151,7.4029470410132765,6.531704293323317,7.882492976391202,7.248880615124999,0.7557992235732298,30
insect,phi,uncoupled,flat,152,7.4029470410132765,6.531704293323317,7.882492976391202,7.259953727262631,0.7597634010087403,30
insect,phi,uncoupled,flat,153,7.4029470410132765,6.531704293323317,7.9410506281022455,7.271174320600268,0.7601595205247536,30
insect,phi,uncoupled,flat,154,7.4029470410132765,6.540725663283882,7.9410506281022455,7.2777051476783345,0.7530452839916125,30
insect,phi,uncoupled,flat,155,7.406066093984839,6.540725663283882,7.9671475949455,7.297580137115935,0.7541445776567082,30
insect,phi,uncoupled,flat,156,7.407962001202909,6.540725663283882,7.9671475949455,7.305032864288214,0.7589449542479657,30
insect,phi,uncoupled,flat,157,7.407962001202909,6.564315921342411,8.050753791865567,7.320896026389947,0.7666907726710886,30
insect,phi,uncoupled,flat,158,7.413834237115017,6.564315921342411,8.050753791865567,7.324267973573166,0.7668445743524037,30
insect,phi,uncoupled,flat,159,7.4303941960422115,6.5716711985047755,8.060707921673323,7.337590932192234,0.7744018442453672,30
insect,phi,uncoupled,flat,160,7.4303941960422115,6.571955823802164,8.072829685375856,7.343194474392693,0.7760547618389039,30
insect,phi,uncoupled,flat,161,7.445259267231098,6.57887421550446,8.072829685375856,7.357305547346589,0.7636165600617553,30
insect,phi,uncoupled,flat,162,7.445259267231098,6.57887421550446,8.07879657826173,7.373289569421293,0.7679443326244667,30
insect,phi,uncoupled,flat,163,7.44616312067162,6.5939412957394286,8.07879657826173,7.379655184749168,0.7609481670233054,30
insect,phi,uncoupled,flat,164,7.454619865068243,6.599749036387643,8.098028674844073,7.401191977333104,0.7818746032094029,30
insect,phi,uncoupled,flat,165,7.454619865068243,6.599749036387643,8.098028674844073,7.407938979615284,0.7742148876767831,30
insect,phi,uncoupled,flat,166,7.454619865068243,6.600925883944922,8.098028674844073,7.413920882261708,0.7769629906504054,30
insect,phi,uncoupled,flat,167,7.477797793601098,6.603623884063891,8.098028674844073,7.42815379401875,0.7784159570529499,30
insect,phi,uncoupled,flat,168,7.477797793601098,6.603623884063891,8.109968145409105,7.431252261195362,0.7790125181227984,30
insect,phi,uncoupled,flat,169,7.477797793601098,6.63134006585536,8.109968145409105,7.436837556617236,0.7767175804183717,30
insect,phi,uncoupled,flat,170,7.483168420113761,6.63134006585536,8.109968145409105,7.4385870260445826,0.7784368109602203,30
insect,phi,uncoupled,flat,171,7.483168420113761,6.643392867649595,8.109968145409105,7.44646463623279,0.7838660256805378,30
insect,phi,uncoupled,flat,172,7.487050932449293,6.803205612725855,8.109968145409105,7.462946373901567,0.7781043788268996,30
insect,phi,uncoupled,flat,173,7.487050932449293,6.887197531622275,8.109968145409105,7.475102205311722,0.7711615151310539,30
insect,phi,uncoupled,flat,174,7.488788456103713,6.887197531622275,8.121170291639892,7.480975972048069,0.7729950675053957,30
insect,phi,uncoupled,flat,175,7.492914428366074,6.887197531622275,8.136843281383388,7.48389441873031,0.7743612011267078,30
insect,phi,uncoupled,flat,176,7.547207526672752,6.8945876953018885,8.136843281383388,7.4898397242382035,0.7758811451817862,30
insect,phi,uncoupled,flat,177,7.547207526672752,6.895919164512355,8.136843281383388,7.495273045612179,0.7758172175948427,30
insect,phi,uncoupled,flat,178,7.5574735175045475,6.895919164512355,8.136843281383388,7.497043154164858,0.7764636714771007,30
insect,phi,uncoupled,flat,179,7.5580424791090906,6.908930211617372,8.136843281383388,7.499786660337918,0.7773154742595636,30
insect,phi,uncoupled,flat,180,7.5580424791090906,6.908930211617372,8.136843281383388,7.503131110460699,0.7743177880669267,30
insect,phi,uncoupled,flat,181,7.571001071117982,6.927488885830747,8.139956076446857,7.516946753949699,0.7733786680232605,30
insect,phi,uncoupled,flat,182,7.586866732594159,6.932086684687876,8.139956076446857,7.525456315101627,0.772620328993774,30
insect,phi,uncoupled,flat,183,7.586866732594159,6.932086684687876,8.139956076446857,7.531097778171114,0.7704401169577034,30
insect,phi,uncoupled,flat,184,7.586866732594159,6.939514296015412,8.139956076446857,7.531467579421588,0.7701859291599319,30
insect,phi,uncoupled,flat,185,7.586866732594159,6.94329097506383,8.139956076446857,7.5447005759055035,0.7701993957062501,30
insect,phi,uncoupled,flat,186,7.595323576460737,6.949137919380845,8.143655282233894,7.550496044166264,0.7738243270139712,30
insect,phi,uncoupled,flat,187,7.6018349610250215,6.955948166265237,8.143655282233894,7.553648062866486,0.7731443292317896,30
insect,phi,uncoupled,flat,188,7.612180172755655,6.955948166265237,8.143655282233894,7.560634462552472,0.7659700627470133,30
insect,phi,uncoupled,flat,189,7.652466445734868,6.9718774313642395,8.143655282233894,7.567675098947059,0.7659394148355027,30
insect,phi,uncoupled,flat,190,7.68882753861099,6.979651565315356,8.156370143775398,7.575652069739514,0.7693133658202641,30
insect,phi,uncoupled,flat,191,7.68882753861099,6.979651565315356,8.179605316033417,7.580750648932855,0.7724180642484041,30
insect,phi,uncoupled,flat,192,7.696551538924634,6.979651565315356,8.221074379268583,7.590845169316852,0.7754955348200586,30
insect,phi,uncoupled,flat,193,7.708741188474094,6.979651565315356,8.221074379268583,7.59253813621791,0.7765737744686396,30
insect,phi,uncoupled,flat,194,7.735454208804793,6.979651565315356,8.221074379268583,7.6007492664550655,0.778028105343466,30
insect,phi,uncoupled,flat,195,7.762471939591851,6.979651565315356,8.221074379268583,7.603913340660558,0.7797626610225457,30
insect,phi,uncoupled,flat,196,7.762471939591851,6.979651565315356,8.221074379268583,7.619681892094456,0.7554868999538569,30
insect,phi,uncoupled,flat,197,7.762471939591851,6.979651565315356,8.228610046797318,7.622410880126694,0.7564831436365916,30
insect,phi,uncoupled,flat,198,7.769477483382032,6.979651565315356,8.22891383842308,7.62771544397986,0.7589974379855197,30
insect,phi,uncoupled,flat,199,7.769477483382032,6.982972863811918,8.22891383842308,7.630245018365811,0.759198110905978,30
insect,phi,uncoupled,flat,200,7.769477483382032,6.982972863811918,8.22891383842308,7.632094097412045,0.7597542674682394,30
insect,phi,uncoupled,flat,201,7.804129524190122,6.982972863811918,8.22891383842308,7.639827672854202,0.7579578597275857,30
insect,phi,uncoupled,flat,202,7.804129524190122,6.986340396968152,8.22891383842308,7.642340291851728,0.7571233631958486,30
insect,phi,uncoupled,flat,203,7.82483580594988,6.990450827319178,8.22891383842308,7.64631499767496,0.7593175171589807,30
insect,phi,uncoupled,flat,204,7.82483580594988,6.998717302263188,8.230107495249406,7.651732957163529,0.7577634170157632,30
insect,phi,uncoupled,flat,205,7.850872891558842,7.0084918422089215,8.230107495249406,7.65622656407842,0.7571585794917453,30
insect,phi,uncoupled,flat,206,7.858714024458639,7.0084918422089215,8.231370329458422,7.663409639544719,0.7532914550594674,30
insect,phi,uncoupled,flat,207,7.980960438349664,7.0084918422089215,8.231370329458422,7.676080685628359,0.757397761319693,30
insect,phi,uncoupled,flat,208,7.992938796363699,7.0084918422089215,8.23845042164559,7.680532967406301,0.7596569843515522,30
insect,phi,uncoupled,flat,209,7.992938796363699,7.0091606911848565,8.238625444052278,7.682268727530503,0.7592799630354927,30
insect,phi,uncoupled,flat,210,7.992938796363699,7.0173067318495725,8.252591084310348,7.6859460483739666,0.7587944964857147,30
insect,phi,uncoupled,flat,211,7.992938796363699,7.023640569228677,8.252591084310348,7.688055818442452,0.7585370434178608,30
insect,phi,uncoupled,flat,212,7.992938796363699,7.023640569228677,8.252591084310348,7.691231183568879,0.7598246116401025,30
insect,phi,uncoupled,flat,213,8.01497297177518,7.023640569228677,8.25532815615119,7.697948615975112,0.7624033487449832,30
insect,phi,uncoupled,flat,214,8.01497297177518,7.023640569228677,8.25532815615119,7.69837026083209,0.7628785297087252,30
insect,phi,uncoupled,flat,215,8.01497297177518,7.031016895377355,8.25532815615119,7.701368754242628,0.7601639438818444,30
insect,phi,uncoupled,flat,216,8.01497297177518,7.031016895377355,8.25532815615119,7.705131646300179,0.7557813994064072,30
insect,phi,uncoupled,flat,217,8.025511236816563,7.0396080464175785,8.25532815615119,7.710724456452107,0.7498722390850586,30
insect,phi,uncoupled,flat,218,8.032326369260808,7.0396080464175785,8.25532815615119,7.713177330299894,0.7522445638175455,30
insect,phi,uncoupled,flat,219,8.032326369260808,7.049804585349143,8.259407751217708,7.718090059292185,0.7486380677215098,30
insect,phi,uncoupled,flat,220,8.032326369260808,7.065787377508213,8.259407751217708,7.72016845059692,0.7478515330184208,30
insect,phi,uncoupled,flat,221,8.034837881021414,7.065787377508213,8.259407751217708,7.723943344950666,0.7524811172070935,30
insect,phi,uncoupled,flat,222,8.03794662784,7.065787377508213,8.259407751217708,7.7248973248185075,0.7527674710872222,30
insect,phi,uncoupled,flat,223,8.03794662784,7.06587362622772,8.263771367298121,7.727335074541113,0.7540322931415863,30
insect,phi,uncoupled,flat,224,8.042088293592679,7.06587362622772,8.27137878669913,7.730394485625401,0.7553316815052832,30
insect,phi,uncoupled,flat,225,8.042088293592679,7.06587362622772,8.27137878669913,7.734820686827933,0.756712121877646,30
insect,phi,uncoupled,flat,226,8.042088293592679,7.06587362622772,8.27137878669913,7.7357753707268895,0.7564772294375726,30
insect,phi,uncoupled,flat,227,8.050918982550659,7.070110894845422,8.27137878669913,7.738010422136716,0.7570548316916366,30
insect,phi,uncoupled,flat,228,8.088247195825272,7.072960385508725,8.27137878669913,7.745097788216517,0.7577973234925212,30
insect,phi,uncoupled,flat,229,8.088247195825272,7.079035071435288,8.27137878669913,7.751079393731031,0.7486823192891231,30
insect,phi,uncoupled,flat,230,8.094072600748976,7.079035071435288,8.27137878669913,7.755048713821447,0.7493784782084042,30
insect,phi,uncoupled,flat,231,8.094072600748976,7.079035071435288,8.273879809470408,7.755938720921254,0.7498755119569515,30
insect,phi,uncoupled,flat,232,8.094072600748976,7.083384163398574,8.279306082086709,7.75903570722524,0.7468893652624463,30
insect,phi,uncoupled,flat,233,8.094072600748976,7.083384163398574,8.279306082086709,7.760499901058014,0.7478555519852736,30
insect,phi,uncoupled,flat,234,8.094072600748976,7.083384163398574,8.286209024158154,7.762719008517772,0.7499308923656511,30
insect,phi,uncoupled,flat,235,8.094072600748976,7.083384163398574,8.286209024158154,7.763238168973404,0.7500774343925124,30
insect,phi,uncoupled,flat,236,8.09637609668436,7.083384163398574,8.287475078181167,7.766262787200168,0.7513566265993826,30
insect,phi,uncoupled,flat,237,8.09637609668436,7.084256333000206,8.287475078181167,7.768353113922504,0.7511185407660333,30
insect,phi,uncoupled,flat,238,8.098526437874895,7.090304035303166,8.29564633331483,7.773026160537451,0.753916736810216,30
insect,phi,uncoupled,flat,239,8.112585008482174,7.090664965311925,8.302051237913496,7.778521781835865,0.751638490347171,30
insect,phi,uncoupled,flat,240,8.112585008482174,7.096696503772336,8.302051237913496,7.781988462595936,0.7525065092643456,30
insect,phi,uncoupled,flat,241,8.112585008482174,7.101700337643064,8.302051237913496,7.7852335312118885,0.7500707600821164,30
insect,phi,uncoupled,flat,242,8.12344242735401,7.101700337643064,8.302051237913496,7.787563027034982,0.7518834566778271,30
insect,phi,uncoupled,flat,243,8.12344242735401,7.101700337643064,8.308086117331044,7.789323314770522,0.7536809007107427,30
insect,phi,uncoupled,flat,244,8.12344242735401,7.101700337643064,8.308086117331044,7.791023256674511,0.7518341602026704,30
insect,phi,uncoupled,flat,245,8.12344242735401,7.101700337643064,8.308086117331044,7.793087546160197,0.7521090354122151,30
insect,phi,uncoupled,flat,246,8.12344242735401,7.101700337643064,8.30922952046332,7.794159750820792,0.75225907523545,30
insect,phi,uncoupled,flat,247,8.12344242735401,7.101700337643064,8.309854416407966,7.794621719965852,0.7523492858931177,30
insect,phi,uncoupled,flat,248,8.12344242735401,7.106643967407674,8.309854416407966,7.797471411543259,0.7515572420942638,30
insect,phi,uncoupled,flat,249,8.12344242735401,7.106643967407674,8.321330556664073,7.798819905850099,0.7519448587402056,30
insect,phi,uncoupled,flat,250,8.127729573245581,7.1070783345674124,8.321330556664073,7.800742022135292,0.7528811377069318,30
insect,phi,uncoupled,flat,251,8.127729573245581,7.10818278890817,8.321330556664073,7.802207954810994,0.7520389413681435,30
insect,phi,uncoupled,flat,252,8.127729573245581,7.10818278890817,8.341804847065438,7.8040979910402966,0.7536924095753446,30
insect,phi,uncoupled,flat,253,8.134529724655131,7.110780354132089,8.341804847065438,7.80527563493604,0.7540391763556539,30
insect,phi,uncoupled,flat,254,8.134529724655131,7.113465645015138,8.341804847065438,7.807146989086078,0.7536860873052166,30
insect,phi,uncoupled,flat,255,8.137869437470785,7.113465645015138,8.341804847065438,7.811178981760246,0.7530930290342155,30
insect,phi,uncoupled,flat,256,8.138585672075418,7.113465645015138,8.344350375043286,7.815069203711928,0.7531294118954369,30
insect,phi,uncoupled,flat,257,8.138585672075418,7.114163381072259,8.347240990778289,7.8163345863561045,0.754074087712416,30
insect,phi,uncoupled,flat,258,8.138585672075418,7.114827642404524,8.349843251335706,7.817120185300295,0.7544718038840258,30
insect,phi,uncoupled,flat,259,8.138585672075418,7.115759362588221,8.349843251335706,7.819967997419657,0.7521144362895595,30
insect,phi,uncoupled,flat,260,8.140036191368843,7.118170267713445,8.359986172301614,7.82222319838585,0.7534246684057555,30
insect,phi,uncoupled,flat,261,8.140122597002291,7.118170267713445,8.360029943242932,7.825336938848787,0.7507952148902659,30
insect,phi,uncoupled,flat,262,8.140122597002291,7.125299059540444,8.360029943242932,7.828143863704557,0.7480157591589167,30
insect,phi,uncoupled,flat,263,8.140122597002291,7.129797383949391,8.361529199435306,7.830972333044129,0.7482095407079224,30
insect,phi,uncoupled,flat,264,8.140122597002291,7.13586479998553,8.37312838054746,7.833015923958841,0.7496014217899447,30
insect,phi,uncoupled,flat,265,8.140122597002291,7.144692330804476,8.380694357618637,7.835255159361706,0.7487498428592434,30
insect,phi,uncoupled,flat,266,8.140122597002291,7.168336753285333,8.380694357618637,7.840697086314153,0.7439947629029116,30
insect,phi,uncoupled,flat,267,8.140122597002291,7.168336753285333,8.380788405159068,7.841870835368756,0.7447142800706613,30
insect,phi,uncoupled,flat,268,8.140122597002291,7.168336753285333,8.380788405159068,7.84277626507417,0.7453283030245939,30
insect,phi,uncoupled,flat,269,8.140122597002291,7.168336753285333,8.393178863095606,7.843872159115037,0.7449757050583178,30
insect,phi,uncoupled,flat,270,8.140122597002291,7.168336753285333,8.393178863095606,7.845369123951561,0.7462252175085682,30
insect,phi,uncoupled,flat,271,8.140122597002291,7.168336753285333,8.398845387526137,7.846190279757889,0.7468276302795764,30
insect,phi,uncoupled,flat,272,8.140122597002291,7.179635897909122,8.398845387526137,7.848529245855428,0.7461742033462057,30
insect,phi,uncoupled,flat,273,8.141700628573446,7.179635897909122,8.399418235269689,7.850063378514486,0.7472095648265232,30
insect,phi,uncoupled,flat,274,8.141700628573446,7.180698350245189,8.399948664385471,7.850611410491438,0.7472643183790583,30
insect,phi,uncoupled,flat,275,8.142553986812766,7.186795611456518,8.400352048116506,7.852176857782451,0.7462841233972336,30
insect,phi,uncoupled,flat,276,8.142553986812766,7.186795611456518,8.402292014880189,7.853082146976794,0.7466179888116176,30
insect,phi,uncoupled,flat,277,8.142553986812766,7.213476653194343,8.40472441259316,7.856674204130199,0.7456046299413275,30
insect,phi,uncoupled,flat,278,8.142553986812766,7.213476653194343,8.40472441259316,7.8575649469075435,0.7457640863952015,30
insect,phi,uncoupled,flat,279,8.14272243809254,7.213476653194343,8.40472441259316,7.859673228659205,0.7455995281979795,30
insect,phi,uncoupled,flat,280,8.14272243809254,7.213476653194343,8.40472441259316,7.860676418279132,0.745388217377275,30
insect,phi,uncoupled,flat,281,8.14272243809254,7.216962731259417,8.40472441259316,7.861402474586871,0.7452508189241217,30
insect,phi,uncoupled,flat,282,8.14272243809254,7.216962731259417,8.40472441259316,7.861847629565532,0.7452936819697855,30
insect,phi,uncoupled,flat,283,8.143053124385919,7.216962731259417,8.406010874133889,7.863421999664735,0.7464978111599101,30
insect,phi,uncoupled,flat,284,8.143053124385919,7.224919452598552,8.407885224917512,7.864983483849628,0.745875131430176,30
insect,phi,uncoupled,flat,285,8.146801642125078,7.224919452598552,8.408547974098935,7.865736950499236,0.7460105651348578,30
insect,phi,uncoupled,flat,286,8.146801642125078,7.224919452598552,8.408547974098935,7.866546589701331,0.7462769362153358,30
insect,phi,uncoupled,flat,287,8.148489415735472,7.224919452598552,8.408584968311995,7.866902987736463,0.7464046732755296,30
insect,phi,uncoupled,flat,288,8.150812628481727,7.224919452598552,8.409483537105604,7.868053927692578,0.7469191395804978,30
insect,phi,uncoupled,flat,289,8.151273440392064,7.224919452598552,8.409483537105604,7.869266056798499,0.7477823315055175,30
insect,phi,uncoupled,flat,290,8.151273440392064,7.2319793169227475,8.412319353896212,7.871051522919598,0.7479163997926006,30
insect,phi,uncoupled,flat,291,8.151273440392064,7.240027819271219,8.412530723408306,7.872599203936054,0.7474861461992235,30
insect,phi,uncoupled,flat,292,8.151273440392064,7.240027819271219,8.413900712451818,7.873098478208584,0.7479022730172913,30
insect,phi,uncoupled,flat,293,8.151273440392064,7.240027819271219,8.416785447125722,7.8736999117647555,0.7484584053166977,30
insect,phi,uncoupled,flat,294,8.151273440392064,7.242249803798998,8.416785447125722,7.874995396127683,0.7488671379420963,30
insect,phi,uncoupled,flat,295,8.151273440392064,7.242249803798998,8.416785447125722,7.875213032511203,0.7490970749642784,30
insect,phi,uncoupled,flat,296,8.153235056441725,7.247255781244253,8.416785447125722,7.875902360730188,0.7487991866013025,30
insect,phi,uncoupled,flat,297,8.153235056441725,7.253423713088422,8.416785447125722,7.876833870185682,0.7486740796540098,30
insect,phi,uncoupled,flat,298,8.153235056441725,7.253423713088422,8.417050171682732,7.877181020382947,0.7489669273505721,30
insect,phi,uncoupled,flat,299,8.153235056441725,7.2583696944680005,8.417050171682732,7.877819285582699,0.7489264910899046,30
insect,phi,uncoupled,flat,300,8.159746323452874,7.2583696944680005,8.417050171682732,7.878348201170464,0.7489136509365462,30
insect,phi,uncoupled,rugged,1,1.6971,1.4878,2.0045,1.7479,0.4903,30
insect,phi,uncoupled,rugged,2,2.3652,1.9692,2.6231,2.3171,0.56,30
insect,phi,uncoupled,rugged,3,2.4964,2.1938,2.8393,2.5539,0.5761,30
insect,phi,uncoupled,rugged,4,2.731,2.2879,3.0279,2.6606,0.5597,30
insect,phi,uncoupled,rugged,5,2.8374,2.4214,3.3968,2.8641,0.5599,30
insect,phi,uncoupled,rugged,6,2.8893,2.6448,3.4092,3.0024,0.6995,30
insect,phi,uncoupled,rugged,7,3.2738,2.7446,3.5949,3.2199,0.6633,30
insect,phi,uncoupled,rugged,8,3.3283,3.0786,3.6422,3.3311,0.6367,30
insect,phi,uncoupled,rugged,9,3.4155,3.1212,3.7803,3.4578,0.6091,30
insect,phi,uncoupled,rugged,10,3.4155,3.1581,3.7803,3.4917,0.6511,30
insect,phi,uncoupled,rugged,11,3.4227,3.2627,3.7803,3.5215,0.6628,30
insect,phi,uncoupled,rugged,12,3.4579,3.2627,3.8131,3.5522,0.668,30
insect,phi,uncoupled,rugged,13,3.6457,3.3947,3.828,3.6415,0.6249,30
insect,phi,uncoupled,rugged,14,3.7471,3.414,3.9854,3.7332,0.5576,30
insect,phi,uncoupled,rugged,15,3.7919,3.414,4.056,3.7892,0.5318,30
insect,phi,uncoupled,rugged,16,3.7919,3.414,4.0752,3.8168,0.5472,30
insect,phi,uncoupled,rugged,17,3.8053,3.5025,4.0752,3.8703,0.5072,30
insect,phi,uncoupled,rugged,18,3.8053,3.5025,4.1265,3.9057,0.5336,30
insect,phi,uncoupled,rugged,19,3.9809,3.5088,4.2719,3.973,0.5523,30
insect,phi,uncoupled,rugged,20,3.9809,3.5088,4.3345,4.038,0.6126,30
insect,phi,uncoupled,rugged,21,3.9809,3.5088,4.3345,4.0733,0.6577,30
insect,phi,uncoupled,rugged,22,4.0471,3.6946,4.5615,4.1718,0.6763,30
insect,phi,uncoupled,rugged,23,4.0542,3.7302,4.5615,4.21,0.6417,30
insect,phi,uncoupled,rugged,24,4.0713,3.7302,4.5615,4.2473,0.6732,30
insect,phi,uncoupled,rugged,25,4.1107,3.7947,4.5615,4.2548,0.6694,30
insect,phi,uncoupled,rugged,26,4.1107,3.8553,4.5615,4.3146,0.7595,30
insect,phi,uncoupled,rugged,27,4.1456,3.9134,4.5691,4.3446,0.7523,30
insect,phi,uncoupled,rugged,28,4.1456,3.9134,4.7482,4.367,0.76,30
insect,phi,uncoupled,rugged,29,4.1456,3.9327,4.8732,4.4012,0.7581,30
insect,phi,uncoupled,rugged,30,4.1528,3.9327,4.9157,4.4248,0.7754,30
insect,phi,uncoupled,rugged,31,4.2213,4.0018,4.9157,4.465,0.767,30
insect,phi,uncoupled,rugged,32,4.2213,4.0018,4.9157,4.4703,0.761,30
insect,phi,uncoupled,rugged,33,4.2968,4.0263,5.0246,4.5272,0.7478,30
insect,phi,uncoupled,rugged,34,4.2968,4.0263,5.0246,4.5472,0.7437,30
insect,phi,uncoupled,rugged,35,4.324,4.0263,5.244,4.6035,0.755,30
insect,phi,uncoupled,rugged,36,4.3467,4.1081,5.244,4.6609,0.7217,30
insect,phi,uncoupled,rugged,37,4.5435,4.1796,5.244,4.7154,0.7314,30
insect,phi,uncoupled,rugged,38,4.5935,4.2184,5.244,4.7275,0.7237,30
insect,phi,uncoupled,rugged,39,4.7548,4.2186,5.244,4.7492,0.7259,30
insect,phi,uncoupled,rugged,40,4.7548,4.2909,5.2543,4.7587,0.7251,30
insect,phi,uncoupled,rugged,41,4.7672,4.304,5.2543,4.7683,0.7197,30
insect,phi,uncoupled,rugged,42,4.7672,4.304,5.3254,4.7937,0.7051,30
insect,phi,uncoupled,rugged,43,4.7672,4.304,5.3254,4.8146,0.7335,30
insect,phi,uncoupled,rugged,44,4.8008,4.3278,5.3254,4.8811,0.7363,30
insect,phi,uncoupled,rugged,45,4.8095,4.3278,5.3254,4.8937,0.7372,30
insect,phi,uncoupled,rugged,46,4.8341,4.3495,5.3329,4.9346,0.7271,30
insect,phi,uncoupled,rugged,47,4.8341,4.4951,5.3329,4.9504,0.7149,30
insect,phi,uncoupled,rugged,48,4.8341,4.4951,5.3329,4.961,0.7265,30
insect,phi,uncoupled,rugged,49,4.8341,4.5232,5.3329,4.9728,0.7283,30
insect,phi,uncoupled,rugged,50,4.8592,4.5232,5.3329,4.9918,0.7305,30
insect,phi,uncoupled,rugged,51,4.8656,4.5232,5.3329,5.0039,0.7254,30
insect,phi,uncoupled,rugged,52,4.9076,4.5481,5.5694,5.0543,0.7433,30
insect,phi,uncoupled,rugged,53,4.9541,4.5704,5.5694,5.0739,0.7425,30
insect,phi,uncoupled,rugged,54,4.9541,4.5704,5.5694,5.0882,0.7498,30
insect,phi,uncoupled,rugged,55,4.9541,4.5704,5.5694,5.0956,0.7412,30
insect,phi,uncoupled,rugged,56,4.9541,4.6987,5.5694,5.1102,0.7341,30
insect,phi,uncoupled,rugged,57,5.0603,4.8174,5.5694,5.174,0.6766,30
insect,phi,uncoupled,rugged,58,5.117,4.8174,5.5694,5.1952,0.6797,30
insect,phi,uncoupled,rugged,59,5.117,4.8404,5.5694,5.2322,0.6497,30
insect,phi,uncoupled,rugged,60,5.2747,4.8475,5.6783,5.302,0.6332,30
insect,phi,uncoupled,rugged,61,5.2747,4.8645,5.7186,5.338,0.6271,30
insect,phi,uncoupled,rugged,62,5.2747,4.8862,5.7186,5.3523,0.6309,30
insect,phi,uncoupled,rugged,63,5.2747,4.9277,5.7186,5.3746,0.616,30
insect,phi,uncoupled,rugged,64,5.3287,4.9277,5.7531,5.4064,0.6342,30
insect,phi,uncoupled,rugged,65,5.4071,5.0113,5.7531,5.4557,0.6318,30
insect,phi,uncoupled,rugged,66,5.4866,5.097,5.7531,5.4942,0.6328,30
insect,phi,uncoupled,rugged,67,5.4974,5.0976,5.7531,5.5276,0.6271,30
insect,phi,uncoupled,rugged,68,5.5092,5.0976,5.8468,5.5506,0.647,30
insect,phi,uncoupled,rugged,69,5.5292,5.1441,5.8927,5.5822,0.6437,30
insect,phi,uncoupled,rugged,70,5.5538,5.1441,5.901,5.6116,0.6412,30
insect,phi,uncoupled,rugged,71,5.6252,5.1441,6.1,5.6579,0.6649,30
insect,phi,uncoupled,rugged,72,5.6267,5.1441,6.1965,5.6932,0.6673,30
insect,phi,uncoupled,rugged,73,5.6729,5.1879,6.1965,5.7085,0.6646,30
insect,phi,uncoupled,rugged,74,5.6729,5.1879,6.1965,5.7231,0.6811,30
insect,phi,uncoupled,rugged,75,5.7766,5.2051,6.2135,5.771,0.6796,30
insect,phi,uncoupled,rugged,76,5.7766,5.263,6.2135,5.7878,0.6866,30
insect,phi,uncoupled,rugged,77,5.7766,5.2686,6.2597,5.8068,0.6891,30
insect,phi,uncoupled,rugged,78,5.7766,5.3544,6.3905,5.8654,0.6362,30
insect,phi,uncoupled,rugged,79,5.7766,5.3775,6.3965,5.8704,0.6348,30
insect,phi,uncoupled,rugged,80,5.8104,5.5,6.412,5.9028,0.6294,30
insect,phi,uncoupled,rugged,81,5.8104,5.5,6.412,5.9301,0.6416,30
insect,phi,uncoupled,rugged,82,5.8229,5.5005,6.412,5.9418,0.6508,30
insect,phi,uncoupled,rugged,83,5.9538,5.5005,6.412,5.9519,0.6517,30
insect,phi,uncoupled,rugged,84,6.06,5.5018,6.412,5.9817,0.6607,30
insect,phi,uncoupled,rugged,85,6.06,5.5018,6.5774,5.9996,0.6714,30
insect,phi,uncoupled,rugged,86,6.0658,5.5018,6.5774,6.0157,0.672,30
insect,phi,uncoupled,rugged,87,6.1109,5.5029,6.5774,6.0363,0.6689,30
insect,phi,uncoupled,rugged,88,6.1501,5.5029,6.5959,6.0601,0.6844,30
insect,phi,uncoupled,rugged,89,6.1811,5.5029,6.7022,6.0872,0.6984,30
insect,phi,uncoupled,rugged,90,6.2332,5.5029,6.7022,6.0991,0.7045,30
insect,phi,uncoupled,rugged,91,6.2458,5.5242,6.7022,6.1195,0.7069,30
insect,phi,uncoupled,rugged,92,6.3574,5.5322,6.7022,6.1725,0.7095,30
insect,phi,uncoupled,rugged,93,6.4227,5.5322,6.7223,6.2057,0.7071,30
insect,phi,uncoupled,rugged,94,6.4376,5.5322,6.7593,6.2197,0.7135,30
insect,phi,uncoupled,rugged,95,6.4376,5.5322,6.8198,6.2344,0.7126,30
insect,phi,uncoupled,rugged,96,6.4376,5.5632,6.8198,6.2424,0.7087,30
insect,phi,uncoupled,rugged,97,6.4445,5.5632,6.8198,6.2486,0.7119,30
insect,phi,uncoupled,rugged,98,6.5067,5.5632,6.8292,6.2654,0.7177,30
insect,phi,uncoupled,rugged,99,6.5785,5.763,6.8292,6.3239,0.6629,30
insect,phi,uncoupled,rugged,100,6.6131,5.763,6.8377,6.3449,0.674,30
insect,phi,uncoupled,rugged,101,6.6237,5.7672,6.886,6.3649,0.6826,30
insect,phi,uncoupled,rugged,102,6.6237,5.7672,6.8896,6.3816,0.6645,30
insect,phi,uncoupled,rugged,103,6.6237,5.7672,6.8896,6.3865,0.6671,30
insect,phi,uncoupled,rugged,104,6.6301,5.7672,6.9008,6.3992,0.6733,30
insect,phi,uncoupled,rugged,105,6.6301,5.7672,6.9394,6.4169,0.6732,30
insect,phi,uncoupled,rugged,106,6.6636,5.8505,6.9394,6.4281,0.6682,30
insect,phi,uncoupled,rugged,107,6.6869,5.8505,6.9562,6.4359,0.6736,30
insect,phi,uncoupled,rugged,108,6.7062,5.8505,6.9653,6.4505,0.6615,30
insect,phi,uncoupled,rugged,109,6.7086,5.8505,6.976,6.4696,0.6747,30
insect,phi,uncoupled,rugged,110,6.7086,5.8533,7.0486,6.4931,0.6677,30
insect,phi,uncoupled,rugged,111,6.7172,5.8558,7.0486,6.5014,0.6696,30
insect,phi,uncoupled,rugged,112,6.7172,5.8558,7.079,6.5234,0.6647,30
insect,phi,uncoupled,rugged,113,6.7172,5.8558,7.079,6.5339,0.6697,30
insect,phi,uncoupled,rugged,114,6.7633,5.8574,7.079,6.5382,0.6687,30
insect,phi,uncoupled,rugged,115,6.7633,5.8758,7.079,6.5452,0.6689,30
insect,phi,uncoupled,rugged,116,6.7633,5.8758,7.079,6.5585,0.6757,30
insect,phi,uncoupled,rugged,117,6.7633,5.8758,7.1281,6.5758,0.6759,30
insect,phi,uncoupled,rugged,118,6.7633,5.8758,7.1281,6.5836,0.6649,30
insect,phi,uncoupled,rugged,119,6.8252,5.8758,7.1281,6.5938,0.6716,30
insect,phi,uncoupled,rugged,120,6.8778,5.8758,7.1528,6.6087,0.6653,30
insect,phi,uncoupled,rugged,121,6.8797,5.9164,7.1528,6.6379,0.6568,30
insect,phi,uncoupled,rugged,122,6.9393,5.9164,7.1671,6.651,0.6588,30
insect,phi,uncoupled,rugged,123,6.9792,5.9243,7.1671,6.6562,0.6607,30
insect,phi,uncoupled,rugged,124,6.9792,5.9243,7.1671,6.6647,0.669,30
insect,phi,uncoupled,rugged,125,6.9792,5.9243,7.1803,6.6835,0.6512,30
insect,phi,uncoupled,rugged,126,6.9792,6.0727,7.196,6.6979,0.643,30
insect,phi,uncoupled,rugged,127,6.9792,6.0727,7.196,6.7065,0.6374,30
insect,phi,uncoupled,rugged,128,6.9971,6.0727,7.1967,6.7128,0.6425,30
insect,phi,uncoupled,rugged,129,7.0295,6.0727,7.1967,6.7193,0.6433,30
insect,phi,uncoupled,rugged,130,7.0295,6.0727,7.1967,6.7276,0.6446,30
insect,phi,uncoupled,rugged,131,7.0295,6.0727,7.2026,6.74,0.6398,30
insect,phi,uncoupled,rugged,132,7.0604,6.077,7.2026,6.7481,0.6412,30
insect,phi,uncoupled,rugged,133,7.0822,6.077,7.2026,6.7678,0.647,30
insect,phi,uncoupled,rugged,134,7.0828,6.077,7.2026,6.77,0.6461,30
insect,phi,uncoupled,rugged,135,7.0898,6.077,7.207,6.7895,0.651,30
insect,phi,uncoupled,rugged,136,7.0898,6.077,7.2718,6.7944,0.6519,30
insect,phi,uncoupled,rugged,137,7.1063,6.0902,7.2718,6.8023,0.6544,30
insect,phi,uncoupled,rugged,138,7.1063,6.0902,7.283,6.8176,0.6386,30
insect,phi,uncoupled,rugged,139,7.1063,6.0902,7.283,6.8226,0.6412,30
insect,phi,uncoupled,rugged,140,7.1371,6.0934,7.283,6.8326,0.636,30
insect,phi,uncoupled,rugged,141,7.1371,6.0934,7.3275,6.8392,0.6403,30
insect,phi,uncoupled,rugged,142,7.1371,6.0934,7.3275,6.8511,0.6307,30
insect,phi,uncoupled,rugged,143,7.1371,6.0934,7.3275,6.8567,0.635,30
insect,phi,uncoupled,rugged,144,7.1371,6.1063,7.332,6.8697,0.6291,30
insect,phi,uncoupled,rugged,145,7.1371,6.1063,7.332,6.8745,0.624,30
insect,phi,uncoupled,rugged,146,7.1371,6.1301,7.332,6.8795,0.6179,30
insect,phi,uncoupled,rugged,147,7.1371,6.1389,7.332,6.885,0.6157,30
insect,phi,uncoupled,rugged,148,7.1602,6.1389,7.332,6.8957,0.6044,30
insect,phi,uncoupled,rugged,149,7.1721,6.1389,7.332,6.9001,0.6061,30
insect,phi,uncoupled,rugged,150,7.1721,6.1389,7.3708,6.9042,0.6093,30
insect,phi,uncoupled,rugged,151,7.1875,6.1481,7.3708,6.907,0.6098,30
insect,phi,uncoupled,rugged,152,7.1914,6.2505,7.3708,6.9171,0.601,30
insect,phi,uncoupled,rugged,153,7.1914,6.2807,7.376,6.923,0.6007,30
insect,phi,uncoupled,rugged,154,7.1914,6.2807,7.376,6.9235,0.6011,30
insect,phi,uncoupled,rugged,155,7.1975,6.2807,7.376,6.926,0.598,30
insect,phi,uncoupled,rugged,156,7.1975,6.3131,7.376,6.9369,0.5971,30
insect,phi,uncoupled,rugged,157,7.1975,6.3131,7.376,6.9421,0.5898,30
insect,phi,uncoupled,rugged,158,7.1975,6.3659,7.376,6.949,0.5874,30
insect,phi,uncoupled,rugged,159,7.1975,6.3659,7.376,6.9531,0.5832,30
insect,phi,uncoupled,rugged,160,7.1975,6.3979,7.4628,6.9712,0.5909,30
insect,phi,uncoupled,rugged,161,7.2238,6.3979,7.4628,6.9809,0.5951,30
insect,phi,uncoupled,rugged,162,7.2238,6.4059,7.4628,6.986,0.591,30
insect,phi,uncoupled,rugged,163,7.2238,6.4332,7.4628,6.9896,0.5883,30
insect,phi,uncoupled,rugged,164,7.2381,6.4332,7.4628,6.9912,0.5876,30
insect,phi,uncoupled,rugged,165,7.2381,6.4822,7.4628,6.9934,0.5853,30
insect,phi,uncoupled,rugged,166,7.2381,6.4822,7.4628,6.9934,0.5853,30
insect,phi,uncoupled,rugged,167,7.2381,6.4822,7.4628,6.9949,0.5865,30
insect,phi,uncoupled,rugged,168,7.2438,6.4822,7.4811,7.0038,0.5914,30
insect,phi,uncoupled,rugged,169,7.2438,6.5118,7.4858,7.0099,0.5871,30
insect,phi,uncoupled,rugged,170,7.2438,6.5118,7.4858,7.0114,0.5864,30
insect,phi,uncoupled,rugged,171,7.2651,6.5578,7.4925,7.0238,0.5864,30
insect,phi,uncoupled,rugged,172,7.2651,6.6088,7.4925,7.0337,0.5784,30
insect,phi,uncoupled,rugged,173,7.2651,6.6236,7.4925,7.0402,0.5804,30
insect,phi,uncoupled,rugged,174,7.282,6.6236,7.4925,7.0433,0.5821,30
insect,phi,uncoupled,rugged,175,7.3187,6.6236,7.4925,7.0471,0.5837,30
insect,phi,uncoupled,rugged,176,7.3187,6.6795,7.4925,7.0509,0.5818,30
insect,phi,uncoupled,rugged,177,7.3187,6.7112,7.4925,7.056,0.5756,30
insect,phi,uncoupled,rugged,178,7.3187,6.7112,7.5019,7.059,0.5782,30
insect,phi,uncoupled,rugged,179,7.3187,6.7112,7.5019,7.059,0.5782,30
insect,phi,uncoupled,rugged,180,7.3187,6.7112,7.5168,7.0647,0.5816,30
insect,phi,uncoupled,rugged,181,7.3187,6.7431,7.5168,7.0704,0.58,30
insect,phi,uncoupled,rugged,182,7.3187,6.7453,7.5168,7.0717,0.5774,30
insect,phi,uncoupled,rugged,183,7.321,6.7453,7.5168,7.0739,0.5787,30
insect,phi,uncoupled,rugged,184,7.3217,6.7453,7.5168,7.0774,0.5804,30
insect,phi,uncoupled,rugged,185,7.3217,6.7489,7.5168,7.0811,0.5816,30
insect,phi,uncoupled,rugged,186,7.3258,6.7489,7.5168,7.0816,0.5818,30
insect,phi,uncoupled,rugged,187,7.3258,6.7489,7.5168,7.0819,0.5819,30
insect,phi,uncoupled,rugged,188,7.3258,6.7489,7.5168,7.0826,0.5818,30
insect,phi,uncoupled,rugged,189,7.3258,6.7729,7.5168,7.0855,0.5824,30
insect,phi,uncoupled,rugged,190,7.3258,6.8109,7.5168,7.0916,0.5808,30
insect,phi,uncoupled,rugged,191,7.3401,6.8109,7.5168,7.0949,0.5825,30
insect,phi,uncoupled,rugged,192,7.3401,6.8109,7.5168,7.0986,0.5839,30
insect,phi,uncoupled,rugged,193,7.341,6.8109,7.5168,7.1011,0.5841,30
insect,phi,uncoupled,rugged,194,7.341,6.8109,7.5512,7.1152,0.5859,30
insect,phi,uncoupled,rugged,195,7.341,6.8109,7.5512,7.1152,0.5859,30
insect,phi,uncoupled,rugged,196,7.341,6.8109,7.5512,7.1152,0.5859,30
insect,phi,uncoupled,rugged,197,7.341,6.8109,7.5512,7.1174,0.5872,30
insect,phi,uncoupled,rugged,198,7.3435,6.8109,7.5512,7.1177,0.5872,30
insect,phi,uncoupled,rugged,199,7.3435,6.8358,7.5512,7.1219,0.586,30
insect,phi,uncoupled,rugged,200,7.3435,6.8358,7.5744,7.1243,0.5878,30
insect,phi,uncoupled,rugged,201,7.3435,6.8358,7.5744,7.1258,0.5856,30
insect,phi,uncoupled,rugged,202,7.3463,6.8358,7.5744,7.1262,0.5857,30
insect,phi,uncoupled,rugged,203,7.3463,6.871,7.5905,7.1327,0.5818,30
insect,phi,uncoupled,rugged,204,7.3463,6.871,7.5905,7.1344,0.5815,30
insect,phi,uncoupled,rugged,205,7.3463,6.871,7.5905,7.1388,0.5797,30
insect,phi,uncoupled,rugged,206,7.3463,6.871,7.5905,7.1392,0.5793,30
insect,phi,uncoupled,rugged,207,7.3467,6.871,7.5905,7.1408,0.58,30
insect,phi,uncoupled,rugged,208,7.3572,6.871,7.5905,7.1417,0.5802,30
insect,phi,uncoupled,rugged,209,7.3572,6.871,7.5905,7.1434,0.5797,30
insect,phi,uncoupled,rugged,210,7.374,6.871,7.5905,7.1455,0.5796,30
insect,phi,uncoupled,rugged,211,7.374,6.8755,7.5905,7.1513,0.5784,30
insect,phi,uncoupled,rugged,212,7.374,6.8755,7.5905,7.1523,0.5787,30
insect,phi,uncoupled,rugged,213,7.374,6.8755,7.5948,7.1529,0.5791,30
insect,phi,uncoupled,rugged,214,7.3787,6.8755,7.5948,7.1552,0.578,30
insect,phi,uncoupled,rugged,215,7.3787,6.8794,7.5948,7.1577,0.5756,30
insect,phi,uncoupled,rugged,216,7.3787,6.8794,7.5948,7.1619,0.5719,30
insect,phi,uncoupled,rugged,217,7.3787,6.8794,7.5948,7.1619,0.5719,30
insect,phi,uncoupled,rugged,218,7.3787,6.8865,7.5948,7.1644,0.5732,30
insect,phi,uncoupled,rugged,219,7.3787,6.8865,7.5948,7.1651,0.5736,30
insect,phi,uncoupled,rugged,220,7.3787,6.8865,7.5948,7.1651,0.5736,30
insect,phi,uncoupled,rugged,221,7.3994,6.8865,7.5948,7.1688,0.5744,30
insect,phi,uncoupled,rugged,222,7.3994,6.891,7.5948,7.1703,0.5749,30
insect,phi,uncoupled,rugged,223,7.3994,6.891,7.6065,7.1715,0.5758,30
insect,phi,uncoupled,rugged,224,7.3994,6.891,7.6065,7.1729,0.5769,30
insect,phi,uncoupled,rugged,225,7.3994,6.891,7.6065,7.1732,0.5771,30
insect,phi,uncoupled,rugged,226,7.3994,6.891,7.6065,7.1743,0.5773,30
insect,phi,uncoupled,rugged,227,7.3994,6.8913,7.6065,7.1743,0.5773,30
insect,phi,uncoupled,rugged,228,7.3994,6.9025,7.6065,7.1778,0.5794,30
insect,phi,uncoupled,rugged,229,7.4073,6.9025,7.6065,7.1788,0.5798,30
insect,phi,uncoupled,rugged,230,7.4088,6.9138,7.611,7.1801,0.58,30
insect,phi,uncoupled,rugged,231,7.4088,6.9138,7.611,7.1803,0.5801,30
insect,phi,uncoupled,rugged,232,7.4109,6.92,7.611,7.1807,0.58,30
insect,phi,uncoupled,rugged,233,7.4109,6.92,7.6238,7.1839,0.5827,30
insect,phi,uncoupled,rugged,234,7.4205,6.92,7.6238,7.1864,0.5817,30
insect,phi,uncoupled,rugged,235,7.4205,6.92,7.6238,7.1864,0.5817,30
insect,phi,uncoupled,rugged,236,7.4205,6.92,7.6238,7.1866,0.5817,30
insect,phi,uncoupled,rugged,237,7.4205,6.9341,7.6238,7.1882,0.5806,30
insect,phi,uncoupled,rugged,238,7.4205,6.9341,7.6238,7.1915,0.5807,30
insect,phi,uncoupled,rugged,239,7.4205,6.9341,7.6238,7.1915,0.5807,30
insect,phi,uncoupled,rugged,240,7.4205,6.9341,7.6263,7.1937,0.582,30
insect,phi,uncoupled,rugged,241,7.4205,6.9341,7.6263,7.1937,0.582,30
insect,phi,uncoupled,rugged,242,7.4205,6.9341,7.6263,7.1937,0.582,30
insect,phi,uncoupled,rugged,243,7.4205,6.9341,7.6263,7.1943,0.5817,30
insect,phi,uncoupled,rugged,244,7.4205,6.9341,7.6263,7.1946,0.5816,30
insect,phi,uncoupled,rugged,245,7.4215,6.9341,7.6285,7.1968,0.5824,30
insect,phi,uncoupled,rugged,246,7.443,6.9341,7.6285,7.2,0.5836,30
insect,phi,uncoupled,rugged,247,7.443,6.9341,7.6544,7.2041,0.5852,30
insect,phi,uncoupled,rugged,248,7.443,6.9341,7.6544,7.2067,0.5825,30
insect,phi,uncoupled,rugged,249,7.443,6.9341,7.6544,7.2068,0.5826,30
insect,phi,uncoupled,rugged,250,7.443,6.9341,7.6544,7.2068,0.5826,30
insect,phi,uncoupled,rugged,251,7.443,6.9341,7.6544,7.2068,0.5826,30
insect,phi,uncoupled,rugged,252,7.443,6.935,7.6544,7.2069,0.5826,30
insect,phi,uncoupled,rugged,253,7.443,6.935,7.6544,7.2085,0.5796,30
insect,phi,uncoupled,rugged,254,7.443,6.935,7.6544,7.209,0.5785,30
insect,phi,uncoupled,rugged,255,7.443,6.935,7.6544,7.209,0.5785,30
insect,phi,uncoupled,rugged,256,7.443,6.935,7.6544,7.2112,0.5806,30
insect,phi,uncoupled,rugged,257,7.443,6.9931,7.6544,7.2186,0.5765,30
insect,phi,uncoupled,rugged,258,7.443,6.9931,7.6544,7.2186,0.5765,30
insect,phi,uncoupled,rugged,259,7.4457,6.9931,7.6544,7.2193,0.5768,30
insect,phi,uncoupled,rugged,260,7.4532,6.9931,7.6544,7.2218,0.5761,30
insect,phi,uncoupled,rugged,261,7.4532,6.9931,7.6544,7.2218,0.5761,30
insect,phi,uncoupled,rugged,262,7.4532,6.9931,7.6544,7.2221,0.5763,30
insect,phi,uncoupled,rugged,263,7.4532,6.9931,7.6544,7.2222,0.5764,30
insect,phi,uncoupled,rugged,264,7.4532,6.9931,7.6544,7.2229,0.5767,30
insect,phi,uncoupled,rugged,265,7.4532,6.9931,7.6708,7.2242,0.5763,30
insect,phi,uncoupled,rugged,266,7.4532,6.9931,7.6708,7.2243,0.5763,30
insect,phi,uncoupled,rugged,267,7.4532,6.9931,7.6708,7.2245,0.5765,30
insect,phi,uncoupled,rugged,268,7.4532,6.9931,7.6708,7.2248,0.5767,30
insect,phi,uncoupled,rugged,269,7.4532,6.9931,7.6708,7.2248,0.5767,30
insect,phi,uncoupled,rugged,270,7.4532,6.9942,7.6708,7.2249,0.5768,30
insect,phi,uncoupled,rugged,271,7.4532,6.9942,7.6708,7.225,0.5769,30
insect,phi,uncoupled,rugged,272,7.4532,6.9942,7.6708,7.225,0.5769,30
insect,phi,uncoupled,rugged,273,7.4532,6.9942,7.6708,7.2255,0.5773,30
insect,phi,uncoupled,rugged,274,7.4532,6.9942,7.6708,7.2273,0.5789,30
insect,phi,uncoupled,rugged,275,7.4532,6.9942,7.6708,7.2275,0.5788,30
insect,phi,uncoupled,rugged,276,7.4532,6.9942,7.6708,7.2275,0.5788,30
insect,phi,uncoupled,rugged,277,7.4532,6.9942,7.6708,7.228,0.5791,30
insect,phi,uncoupled,rugged,278,7.4532,6.9942,7.6708,7.2284,0.5793,30
insect,phi,uncoupled,rugged,279,7.4532,6.9942,7.6708,7.2284,0.5793,30
insect,phi,uncoupled,rugged,280,7.4532,6.9942,7.6708,7.2284,0.5793,30
insect,phi,uncoupled,rugged,281,7.4532,6.9942,7.6708,7.2284,0.5793,30
insect,phi,uncoupled,rugged,282,7.4532,6.9942,7.6708,7.229,0.5798,30
insect,phi,uncoupled,rugged,283,7.4532,6.9942,7.6708,7.229,0.5798,30
insect,phi,uncoupled,rugged,284,7.4532,6.9942,7.6708,7.229,0.5798,30
insect,phi,uncoupled,rugged,285,7.4532,6.9942,7.6708,7.2293,0.579,30
insect,phi,uncoupled,rugged,286,7.4532,6.9942,7.6708,7.2297,0.579,30
insect,phi,uncoupled,rugged,287,7.4532,6.9942,7.6708,7.2297,0.579,30
insect,phi,uncoupled,rugged,288,7.4532,6.9942,7.6708,7.2297,0.579,30
insect,phi,uncoupled,rugged,289,7.4532,6.9942,7.6708,7.2297,0.579,30
insect,phi,uncoupled,rugged,290,7.4672,6.9942,7.6708,7.2306,0.5794,30
insect,phi,uncoupled,rugged,291,7.4672,7.0042,7.6708,7.232,0.5789,30
insect,phi,uncoupled,rugged,292,7.4672,7.0042,7.6708,7.232,0.5789,30
insect,phi,uncoupled,rugged,293,7.4672,7.0042,7.6708,7.2325,0.5784,30
insect,phi,uncoupled,rugged,294,7.4672,7.0042,7.6708,7.2339,0.5797,30
insect,phi,uncoupled,rugged,295,7.4672,7.0042,7.6708,7.234,0.5798,30
insect,phi,uncoupled,rugged,296,7.4672,7.0042,7.6708,7.234,0.5798,30
insect,phi,uncoupled,rugged,297,7.4672,7.0042,7.6708,7.2347,0.5805,30
insect,phi,uncoupled,rugged,298,7.4672,7.0042,7.6708,7.2352,0.5809,30
insect,phi,uncoupled,rugged,299,7.4672,7.0042,7.6708,7.2352,0.5809,30
insect,phi,uncoupled,rugged,300,7.4672,7.0042,7.6708,7.2352,0.5809,30
queen,base,blf,flat,1,1.5169052169442496,1.2847915684920714,1.7299539041865666,1.662663822606446,0.8270943928197926,30
queen,base,blf,flat,2,1.648630047518877,1.4620782786991184,1.7978034170047432,1.7852361004360788,0.7738476031745967,30
queen,base,blf,flat,3,1.7513434876233243,1.6260435556938149,2.06351725592819,1.956212229330783,0.7521763394167684,30
queen,base,blf,flat,4,1.864868785707503,1.7007901530425455,2.5750021931536353,2.1744163538082666,0.802674977154974,30
queen,base,blf,flat,5,2.2109995857914813,1.775971414242751,2.657806147592375,2.338705946108623,0.7609265659331259,30
queen,base,blf,flat,6,2.3833295335300586,2.226388892771566,2.7075337766855863,2.595495930520061,0.720660017066791,30
queen,base,blf,flat,7,2.433112913717609,2.2832311497246396,2.730503689074916,2.6668287830695934,0.6941268882252277,30
queen,base,blf,flat,8,2.7269089104545756,2.3495986905375155,2.9549362810565594,2.8321217532198646,0.7425496495150574,30
queen,base,blf,flat,9,2.8653952929954896,2.725203723262557,3.3749705326843507,3.0843947851722677,0.7158560553125095,30
queen,base,blf,flat,10,2.979535250371803,2.7847202685150574,3.4229500244141473,3.2250298051243598,0.7391429966905867,30
queen,base,blf,flat,11,2.979535250371803,2.7847202685150574,3.4847367523153183,3.2711814003974737,0.744686510774248,30
queen,base,blf,flat,12,3.2218907629679356,2.8046516468211,3.6156865442809303,3.344762983950609,0.7323628570979299,30
queen,base,blf,flat,13,3.292505918766413,2.8687993347277283,3.875626824968115,3.4952172388498135,0.8394325302649756,30
queen,base,blf,flat,14,3.3612708060696894,2.8687993347277283,4.0247059527949265,3.53707971850995,0.8370942766367963,30
queen,base,blf,flat,15,3.3612708060696894,2.8773946249013274,4.0247059527949265,3.5566942045487817,0.8256721018000074,30
queen,base,blf,flat,16,3.371482417439748,2.9910131532569495,4.090801615279856,3.5807539101504338,0.8162446102540676,30
queen,base,blf,flat,17,3.371482417439748,2.9910131532569495,4.090801615279856,3.592594679234975,0.8098009628497098,30
queen,base,blf,flat,18,3.401669432094114,3.172221736856983,4.234795476191902,3.6599562111860453,0.8000315228923218,30
queen,base,blf,flat,19,3.5849204537708146,3.172221736856983,4.234795476191902,3.6979597812974156,0.7864340745600993,30
queen,base,blf,flat,20,3.5849204537708146,3.172221736856983,4.274052582224853,3.739936125113445,0.81104302920215,30
queen,base,blf,flat,21,3.5849204537708146,3.172221736856983,4.274052582224853,3.739936125113445,0.81104302920215,30
queen,base,blf,flat,22,3.623419527969503,3.2187960528935746,4.274052582224853,3.7799210827871668,0.7937959605369933,30
queen,base,blf,flat,23,3.719423639098176,3.2328862887727903,4.416818915931659,3.8442276972464584,0.7891202602217366,30
queen,base,blf,flat,24,4.041515681383613,3.2328862887727903,4.515712887387981,3.9118526680076546,0.7935333865191703,30
queen,base,blf,flat,25,4.041515681383613,3.2328862887727903,4.609617414040877,3.9335705803744525,0.7932322859422641,30
queen,base,blf,flat,26,4.041515681383613,3.2328862887727903,4.609617414040877,3.9335705803744525,0.7932322859422641,30
queen,base,blf,flat,27,4.041515681383613,3.247866456500679,4.623478798681717,3.953010593331903,0.7941857488674641,30
queen,base,blf,flat,28,4.064902841185725,3.2971760565246875,4.730572367510218,4.046761702321411,0.8553142882547569,30
queen,base,blf,flat,29,4.12322278973515,3.348619482017866,4.8475268412721535,4.118594670807865,0.877948078585496,30
queen,base,blf,flat,30,4.299719704663156,3.4007286424407472,4.97186674297193,4.252165851542639,0.8998163026711067,30
queen,base,blf,flat,31,4.299719704663156,3.563622711274941,4.97186674297193,4.275272788818516,0.8961970597552643,30
queen,base,blf,flat,32,4.370833516736696,3.563622711274941,5.229365403722239,4.407381858093192,0.9761453772093563,30
queen,base,blf,flat,33,4.370833516736696,3.641573762891332,5.229365403722239,4.434827299460474,0.9474689325831733,30
queen,base,blf,flat,34,4.39897546397893,3.7219284041261966,5.344462452974671,4.498086874583981,0.9559236555941543,30
queen,base,blf,flat,35,4.581419232094069,3.865397508443796,5.344462452974671,4.557640466310994,0.9378027276923036,30
queen,base,blf,flat,36,4.581419232094069,3.9874615076536655,5.344462452974671,4.65296507931338,1.0519082549733612,30
queen,base,blf,flat,37,4.7116564495900555,3.9874615076536655,5.344462452974671,4.725785296907554,1.145880370263055,30
queen,base,blf,flat,38,4.7116564495900555,3.9874615076536655,5.344462452974671,4.731550507542007,1.150202295508104,30
queen,base,blf,flat,39,4.7116564495900555,3.9874615076536655,5.344462452974671,4.731550507542007,1.150202295508104,30
queen,base,blf,flat,40,4.7116564495900555,3.9874615076536655,5.344462452974671,4.735354833438903,1.1432736304337274,30
queen,base,blf,flat,41,4.723860511183425,3.9874615076536655,5.344462452974671,4.748128625473982,1.1301942763918595,30
queen,base,blf,flat,42,4.723860511183425,3.9874615076536655,5.436980807474323,4.766876252918961,1.1443255228621638,30
queen,base,blf,flat,43,4.723860511183425,3.9874615076536655,5.436980807474323,4.766876252918961,1.1443255228621638,30
queen,base,blf,flat,44,4.723860511183425,3.9874615076536655,5.575199991906874,4.796641611805383,1.173841349762886,30
queen,base,blf,flat,45,4.723860511183425,4.098592857601907,5.575199991906874,4.834675893899964,1.1349094345855029,30
queen,base,blf,flat,46,4.817981148669208,4.152329585787545,5.682037385637469,4.902043759099361,1.1306143844069712,30
queen,base,blf,flat,47,4.817981148669208,4.220747543422009,5.682037385637469,4.929034712364815,1.1085871047510998,30
queen,base,blf,flat,48,4.817981148669208,4.220747543422009,5.682037385637469,4.929034712364815,1.1085871047510998,30
queen,base,blf,flat,49,4.897146272065944,4.234548412947187,5.712278189993032,5.03194716760193,1.175434050696599,30
queen,base,blf,flat,50,4.897146272065944,4.243453940156312,5.782947099018859,5.089349166339987,1.229549226064277,30
queen,base,blf,flat,51,4.8980656581370505,4.319650273595264,5.782947099018859,5.107505308580178,1.2213028061738693,30
queen,base,blf,flat,52,5.033262385337441,4.319650273595264,5.782947099018859,5.133218779643654,1.2176544489266847,30
queen,base,blf,flat,53,5.048647668870924,4.345152554170672,5.971354382480655,5.209147468868985,1.2370388479396688,30
queen,base,blf,flat,54,5.048647668870924,4.345152554170672,5.971354382480655,5.2135667426092756,1.2316759253691711,30
queen,base,blf,flat,55,5.051414505903702,4.345152554170672,5.971354382480655,5.235196692694379,1.2258735204663982,30
queen,base,blf,flat,56,5.051414505903702,4.345152554170672,5.971354382480655,5.235196692694379,1.2258735204663982,30
queen,base,blf,flat,57,5.203080388882719,4.345152554170672,5.971354382480655,5.285508476588343,1.1877899998011003,30
queen,base,blf,flat,58,5.203080388882719,4.345152554170672,5.971354382480655,5.290478715263073,1.1932413672453568,30
queen,base,blf,flat,59,5.221233095051278,4.345152554170672,5.971354382480655,5.325768529676355,1.2648846031342857,30
queen,base,blf,flat,60,5.275225674284059,4.345152554170672,5.971354382480655,5.380648656784729,1.3160993868210673,30
queen,base,blf,flat,61,5.322511909920177,4.345152554170672,6.193062443203843,5.463441482267783,1.3638695220492132,30
queen,base,blf,flat,62,5.322511909920177,4.345152554170672,6.671390686088961,5.528434570835918,1.4038941685559847,30
queen,base,blf,flat,63,5.352620763381644,4.345152554170672,6.671390686088961,5.553903191690745,1.4012723106863691,30
queen,base,blf,flat,64,5.352620763381644,4.345152554170672,6.671390686088961,5.553903191690745,1.4012723106863691,30
queen,base,blf,flat,65,5.352620763381644,4.345152554170672,6.671390686088961,5.553903191690745,1.4012723106863691,30
queen,base,blf,flat,66,5.352620763381644,4.345152554170672,6.671390686088961,5.553903191690745,1.4012723106863691,30
queen,base,blf,flat,67,5.352620763381644,4.345152554170672,6.671390686088961,5.568726787960411,1.4179889037998716,30
queen,base,blf,flat,68,5.352620763381644,4.345152554170672,6.815910265644465,5.578870395295368,1.4291324348709156,30
queen,base,blf,flat,69,5.352620763381644,4.390310438509501,6.96455493661455,5.682418331668204,1.454877751451102,30
queen,base,blf,flat,70,5.371720772895701,4.491827063838087,6.977511460909271,5.717752500866016,1.4635110004802037,30
queen,base,blf,flat,71,5.371720772895701,4.491827063838087,6.977511460909271,5.742586886901589,1.5014206746335865,30
queen,base,blf,flat,72,5.4485018992978755,4.491827063838087,6.977511460909271,5.774504206795052,1.5132004772735914,30
queen,base,blf,flat,73,5.4485018992978755,4.491827063838087,6.977511460909271,5.774504206795052,1.5132004772735914,30
queen,base,blf,flat,74,5.4485018992978755,4.5002997795491275,6.977511460909271,5.77563390222319,1.5124937304331572,30
queen,base,blf,flat,75,5.4485018992978755,4.5002997795491275,6.977511460909271,5.77563390222319,1.5124937304331572,30
queen,base,blf,flat,76,5.4485018992978755,4.5002997795491275,7.252799365140872,5.813470201014528,1.5545489082420163,30
queen,base,blf,flat,77,5.4485018992978755,4.5002997795491275,7.252799365140872,5.840165921850749,1.5782745011574637,30
queen,base,blf,flat,78,5.559048641735421,4.5002997795491275,7.252799365140872,5.87266063338865,1.5842225612849874,30
queen,base,blf,flat,79,5.559048641735421,4.5002997795491275,7.252799365140872,5.88724236861238,1.5806839803518566,30
queen,base,blf,flat,80,5.559048641735421,4.5002997795491275,7.252799365140872,5.887383414696411,1.5806302923167301,30
queen,base,blf,flat,81,5.6012709302304575,4.5002997795491275,7.258976543085476,5.931006976817694,1.5965334482992593,30
queen,base,blf,flat,82,5.6012709302304575,4.5002997795491275,7.258976543085476,5.97590369787275,1.6460345242778707,30
queen,base,blf,flat,83,5.6012709302304575,4.5002997795491275,7.258976543085476,5.98236685397311,1.655182850429212,30
queen,base,blf,flat,84,5.6012709302304575,4.5002997795491275,7.258976543085476,6.017144063348581,1.7118931534164104,30
queen,base,blf,flat,85,5.783720648702813,4.5002997795491275,7.258976543085476,6.0503457278853565,1.6818490665624444,30
queen,base,blf,flat,86,5.833353045067379,4.5002997795491275,7.258976543085476,6.074101149867329,1.691412209979611,30
queen,base,blf,flat,87,6.015979242095879,4.5002997795491275,7.258976543085476,6.093015924610254,1.6977418035943517,30
queen,base,blf,flat,88,6.015979242095879,4.5002997795491275,7.258976543085476,6.108872830032386,1.7197817160368947,30
queen,base,blf,flat,89,6.115670933409671,4.5002997795491275,7.258976543085476,6.181688872152214,1.7551540231513605,30
queen,base,blf,flat,90,6.1418580755829515,4.501186019838648,7.258976543085476,6.22869858407883,1.7624007104175607,30
queen,base,blf,flat,91,6.538128508899322,4.501186019838648,7.258976543085476,6.299694871963584,1.7558067555385766,30
queen,base,blf,flat,92,6.538128508899322,4.873035763095534,7.258976543085476,6.349232665340678,1.73255139218379,30
queen,base,blf,flat,93,6.665692722773319,4.873035763095534,7.258976543085476,6.4040777811600496,1.7090617083753716,30
queen,base,blf,flat,94,6.665692722773319,4.873035763095534,7.258976543085476,6.418505860184385,1.730625586909498,30
queen,base,blf,flat,95,6.665692722773319,4.87494010399144,7.258976543085476,6.440743519304915,1.7222267614851128,30
queen,base,blf,flat,96,6.665692722773319,4.87494010399144,7.258976543085476,6.459590849687132,1.7058610975902437,30
queen,base,blf,flat,97,6.665692722773319,4.87494010399144,7.879134489938407,6.495217237802496,1.7321396451473159,30
queen,base,blf,flat,98,6.669774288500182,4.87494010399144,7.879134489938407,6.509131610460863,1.7212464262113043,30
queen,base,blf,flat,99,6.669774288500182,4.87494010399144,7.879134489938407,6.525856643881875,1.7413025308401642,30
queen,base,blf,flat,100,6.669774288500182,4.87494010399144,7.879134489938407,6.538704193141435,1.725670164231356,30
queen,base,blf,flat,101,6.669774288500182,4.893584447927962,7.879134489938407,6.549549965353146,1.7257323530422193,30
queen,base,blf,flat,102,6.80289899945193,4.92934915398496,7.879134489938407,6.58372577066156,1.7198196341358607,30
queen,base,blf,flat,103,6.80289899945193,4.92934915398496,7.879134489938407,6.597018153870416,1.718414698313165,30
queen,base,blf,flat,104,6.80289899945193,4.92934915398496,7.93214439725749,6.60412276980939,1.7217583210370395,30
queen,base,blf,flat,105,6.80289899945193,4.92934915398496,7.93214439725749,6.6234446438325,1.7169474155007545,30
queen,base,blf,flat,106,6.80289899945193,4.92934915398496,7.93214439725749,6.631929779883831,1.7257080320360705,30
queen,base,blf,flat,107,6.80289899945193,5.058762409092294,7.944840230584487,6.693406634140411,1.671471420020913,30
queen,base,blf,flat,108,6.824354754503565,5.058762409092294,7.944840230584487,6.696721571217322,1.6686638660881983,30
queen,base,blf,flat,109,7.051535370329379,5.058762409092294,7.944840230584487,6.732186926641654,1.6619711492490856,30
queen,base,blf,flat,110,7.051535370329379,5.058762409092294,8.047207857930307,6.736736598968134,1.6659684717699668,30
queen,base,blf,flat,111,7.051535370329379,5.058762409092294,8.047207857930307,6.74827269738799,1.6592838961889222,30
queen,base,blf,flat,112,7.051535370329379,5.058762409092294,8.047207857930307,6.74917999768209,1.659864223279709,30
queen,base,blf,flat,113,7.083462786150022,5.270363981416294,8.092884639156813,6.836571715551855,1.6206555167924233,30
queen,base,blf,flat,114,7.083462786150022,5.270363981416294,8.092884639156813,6.864291929784373,1.6356253080694672,30
queen,base,blf,flat,115,7.083462786150022,5.443502144369478,8.092884639156813,6.903655729444783,1.5984304317547897,30
queen,base,blf,flat,116,7.083462786150022,5.443502144369478,8.092884639156813,6.9076386616500525,1.599205685582987,30
queen,base,blf,flat,117,7.083462786150022,5.443502144369478,8.092884639156813,6.91709669012939,1.61296875809244,30
queen,base,blf,flat,118,7.083462786150022,5.443502144369478,8.092884639156813,6.9396915172051985,1.620245182672047,30
queen,base,blf,flat,119,7.083462786150022,5.443502144369478,8.092884639156813,6.94797715652842,1.614998796257868,30
queen,base,blf,flat,120,7.083462786150022,5.443502144369478,8.180871720749915,6.9534125581209025,1.6181109737949828,30
queen,base,blf,flat,121,7.083462786150022,5.443502144369478,8.180871720749915,6.9571672163255975,1.6196043915640368,30
queen,base,blf,flat,122,7.165753627604863,5.4443691579779125,8.328626343129661,6.988036232998726,1.632416418661133,30
queen,base,blf,flat,123,7.165753627604863,5.4443691579779125,8.595314147130573,7.0027786660271625,1.6470297086255057,30
queen,base,blf,flat,124,7.276802457325335,5.5211055220924745,8.595314147130573,7.032465245004691,1.6594526096586468,30
queen,base,blf,flat,125,7.276802457325335,5.5211055220924745,8.624820732543556,7.073429116954352,1.6468496683542637,30
queen,base,blf,flat,126,7.276802457325335,5.5211055220924745,8.624820732543556,7.073429116954352,1.6468496683542637,30
queen,base,blf,flat,127,7.276802457325335,5.5211055220924745,8.624820732543556,7.073429116954352,1.6468496683542637,30
queen,base,blf,flat,128,7.276802457325335,5.5211055220924745,8.624820732543556,7.083927074999101,1.6582816698000609,30
queen,base,blf,flat,129,7.276802457325335,5.5211055220924745,8.624820732543556,7.100440386091077,1.6620294585403106,30
queen,base,blf,flat,130,7.276802457325335,5.5211055220924745,8.624820732543556,7.1308505510488365,1.6773766619237302,30
queen,base,blf,flat,131,7.276802457325335,5.5211055220924745,8.624820732543556,7.146390225922528,1.6825895079829012,30
queen,base,blf,flat,132,7.276802457325335,5.562198741704166,8.624820732543556,7.1646891906533074,1.661949587068732,30
queen,base,blf,flat,133,7.276802457325335,5.562198741704166,8.643393585537662,7.169928006566968,1.6671503729497223,30
queen,base,blf,flat,134,7.276802457325335,5.562198741704166,8.643393585537662,7.181930430907423,1.6679582080699098,30
queen,base,blf,flat,135,7.276802457325335,5.562198741704166,8.713056146870226,7.197628903924436,1.6796271266930964,30
queen,base,blf,flat,136,7.276802457325335,5.562198741704166,8.823513602054064,7.220422599992378,1.6635786502398382,30
queen,base,blf,flat,137,7.276802457325335,5.562198741704166,8.823513602054064,7.220928339078658,1.6641421353325552,30
queen,base,blf,flat,138,7.276802457325335,5.562198741704166,8.823513602054064,7.220928339078658,1.6641421353325552,30
queen,base,blf,flat,139,7.276802457325335,5.562198741704166,8.823513602054064,7.252526219198094,1.6888751353410205,30
queen,base,blf,flat,140,7.276802457325335,5.562198741704166,8.823513602054064,7.254319100915882,1.6916403778067601,30
queen,base,blf,flat,141,7.276802457325335,5.562198741704166,8.856626663244427,7.26630269757915,1.7019043027524958,30
queen,base,blf,flat,142,7.276802457325335,5.566473029377565,8.856626663244427,7.269061251268129,1.6983974883081594,30
queen,base,blf,flat,143,7.407827438841009,5.566473029377565,8.856626663244427,7.281587271153189,1.7010981909881613,30
queen,base,blf,flat,144,7.407827438841009,5.566473029377565,8.856626663244427,7.281587271153189,1.7010981909881613,30
queen,base,blf,flat,145,7.407827438841009,5.566473029377565,8.856626663244427,7.284750373647241,1.6969302664965478,30
queen,base,blf,flat,146,7.440450666839514,5.566473029377565,8.856626663244427,7.293135812283753,1.6930352427546678,30
queen,base,blf,flat,147,7.440450666839514,5.566473029377565,8.856626663244427,7.305103109140235,1.70250131607651,30
queen,base,blf,flat,148,7.440450666839514,5.603499350446752,8.856626663244427,7.320088982008909,1.6907584143993961,30
queen,base,blf,flat,149,7.440450666839514,5.608038415089332,8.856626663244427,7.342242374348981,1.6964458958736557,30
queen,base,blf,flat,150,7.440450666839514,5.608038415089332,8.856626663244427,7.342924250012439,1.6969428144891432,30
queen,base,blf,flat,151,7.443188384025639,5.624733349070127,8.856626663244427,7.357371730862326,1.6864931283627298,30
queen,base,blf,flat,152,7.642470698334355,5.624733349070127,8.856626663244427,7.4022705304864935,1.7040543844084775,30
queen,base,blf,flat,153,7.642470698334355,5.624733349070127,8.856626663244427,7.429548785422651,1.700299093466882,30
queen,base,blf,flat,154,7.642470698334355,5.6351681969409295,9.127069412055926,7.496489130802926,1.7575376983877795,30
queen,base,blf,flat,155,7.642470698334355,5.6351681969409295,9.127069412055926,7.503655267258273,1.7582420398609653,30
queen,base,blf,flat,156,7.642470698334355,5.6351681969409295,9.127069412055926,7.509736058049488,1.7660201122229322,30
queen,base,blf,flat,157,7.642470698334355,5.660382866197512,9.127069412055926,7.518580580929627,1.764551299792362,30
queen,base,blf,flat,158,7.642470698334355,5.660382866197512,9.165389279063476,7.53016424534934,1.7682247923896675,30
queen,base,blf,flat,159,7.642470698334355,5.660382866197512,9.165389279063476,7.540444333276601,1.77567631625995,30
queen,base,blf,flat,160,7.642470698334355,5.660382866197512,9.165389279063476,7.546267915221133,1.771572237291818,30
queen,base,blf,flat,161,7.642470698334355,5.660382866197512,9.165389279063476,7.552202906112238,1.7782510528383353,30
queen,base,blf,flat,162,7.642470698334355,5.669604786134794,9.223506309559395,7.5715984814513835,1.7875822187255177,30
queen,base,blf,flat,163,7.642470698334355,5.674256195906608,9.223506309559395,7.574110734257603,1.7898088197412092,30
queen,base,blf,flat,164,7.68003252606735,5.682073550554978,9.223506309559395,7.582663757733001,1.7881227032234777,30
queen,base,blf,flat,165,7.681342780630848,5.682073550554978,9.223506309559395,7.602462997387165,1.7708196255840285,30
queen,base,blf,flat,166,7.703133594428893,5.682073550554978,9.223506309559395,7.606172365815484,1.7746241540392362,30
queen,base,blf,flat,167,7.703133594428893,5.682073550554978,9.334671121965297,7.643232682462584,1.810185698543602,30
queen,base,blf,flat,168,7.703133594428893,5.682073550554978,9.334671121965297,7.654942152563556,1.821363417492197,30
queen,base,blf,flat,169,7.773273859930395,5.682073550554978,9.334671121965297,7.67029411508722,1.822406948186133,30
queen,base,blf,flat,170,7.773273859930395,5.682073550554978,9.334671121965297,7.671959483258728,1.8227388812832257,30
queen,base,blf,flat,171,7.773273859930395,5.682073550554978,9.334671121965297,7.671959483258728,1.8227388812832257,30
queen,base,blf,flat,172,7.780682171317059,5.682073550554978,9.362484089755105,7.695542285357075,1.8224202347228717,30
queen,base,blf,flat,173,7.792735895113488,5.694688504465405,9.362484089755105,7.7028516340160875,1.8149896817310849,30
queen,base,blf,flat,174,7.792735895113488,5.95883851284098,9.362484089755105,7.715601414229277,1.800215424398118,30
queen,base,blf,flat,175,7.793225757380801,6.014406274627785,9.362484089755105,7.753287353381708,1.785371634892362,30
queen,base,blf,flat,176,7.99056134209096,6.045055613192082,9.362484089755105,7.778216668715049,1.7842543789795746,30
queen,base,blf,flat,177,7.99056134209096,6.045055613192082,9.362484089755105,7.778216668715049,1.7842543789795746,30
queen,base,blf,flat,178,7.99056134209096,6.055258003182687,9.362484089755105,7.785010217666856,1.782247914651166,30
queen,base,blf,flat,179,8.044451515296252,6.055258003182687,9.362484089755105,7.797788663387006,1.7825562887311952,30
queen,base,blf,flat,180,8.044451515296252,6.055258003182687,9.362484089755105,7.7984022286965,1.781733055674598,30
queen,base,blf,flat,181,8.044451515296252,6.055258003182687,9.362484089755105,7.799282830470465,1.7817384041947086,30
queen,base,blf,flat,182,8.044451515296252,6.055258003182687,9.362484089755105,7.811465339582142,1.7893932950070999,30
queen,base,blf,flat,183,8.048334368728248,6.284522452141071,9.384599121328792,7.829853386136153,1.786077353626015,30
queen,base,blf,flat,184,8.100101546989862,6.284522452141071,9.384599121328792,7.836817227440347,1.7846586093026942,30
queen,base,blf,flat,185,8.100101546989862,6.284522452141071,9.402155468881846,7.8496379389797415,1.7872045322536492,30
queen,base,blf,flat,186,8.100101546989862,6.284522452141071,9.402155468881846,7.861954099925849,1.7953523716210402,30
queen,base,blf,flat,187,8.100101546989862,6.321760248131804,9.402155468881846,7.887929885088727,1.8082110991062494,30
queen,base,blf,flat,188,8.100101546989862,6.4244978982901815,9.402155468881846,7.8985510680834246,1.8027277683284482,30
queen,base,blf,flat,189,8.100101546989862,6.428753029212403,9.402155468881846,7.898740185013302,1.8025675782750408,30
queen,base,blf,flat,190,8.100101546989862,6.456233485789739,9.402155468881846,7.902032988845233,1.8004967977295117,30
queen,base,blf,flat,191,8.100101546989862,6.459620856657892,9.431483959379786,7.906604602808664,1.8039178979160275,30
queen,base,blf,flat,192,8.171139969255062,6.459620856657892,9.44562600876974,7.925993132873422,1.8167893173218765,30
queen,base,blf,flat,193,8.171139969255062,6.459620856657892,9.44562600876974,7.925993132873422,1.8167893173218765,30
queen,base,blf,flat,194,8.171139969255062,6.477434770395077,9.463938854971131,7.931644818051425,1.8152727204771217,30
queen,base,blf,flat,195,8.171139969255062,6.477434770395077,9.463938854971131,7.94811039952638,1.798295647664153,30
queen,base,blf,flat,196,8.171139969255062,6.477434770395077,9.495745917318606,7.959849390424217,1.7879166224939893,30
queen,base,blf,flat,197,8.171139969255062,6.477434770395077,9.498308181993885,7.966648266286854,1.7920272965543727,30
queen,base,blf,flat,198,8.171139969255062,6.477434770395077,9.498308181993885,7.969534448809181,1.7938245826400798,30
queen,base,blf,flat,199,8.171139969255062,6.477434770395077,9.523416988285906,7.983984010412125,1.809102125311074,30
queen,base,blf,flat,200,8.171139969255062,6.477434770395077,9.524985509799032,7.990428726432219,1.8146224234554047,30
queen,base,blf,flat,201,8.171139969255062,6.510831498638758,9.661670457804474,8.004580529607406,1.813323041502508,30
queen,base,blf,flat,202,8.177070135787199,6.510831498638758,9.672031391059173,8.030848945869415,1.8364911109582622,30
queen,base,blf,flat,203,8.199016582405664,6.510831498638758,9.67998833100164,8.035145202883104,1.8386996725958007,30
queen,base,blf,flat,204,8.208677939201776,6.510831498638758,9.697392254551684,8.043963805585605,1.844705870304439,30
queen,base,blf,flat,205,8.208677939201776,6.510831498638758,9.703151838360805,8.050339898622788,1.8369287915057275,30
queen,base,blf,flat,206,8.23869045177608,6.51347788743649,9.703151838360805,8.054233807646906,1.837599868545836,30
queen,base,blf,flat,207,8.23869045177608,6.51347788743649,9.703151838360805,8.055451213089658,1.837411010702449,30
queen,base,blf,flat,208,8.23869045177608,6.51347788743649,9.703151838360805,8.063328223788988,1.826606139219749,30
queen,base,blf,flat,209,8.269885276153833,6.51347788743649,9.703151838360805,8.072816799275945,1.830836955098816,30
queen,base,blf,flat,210,8.269885276153833,6.51347788743649,9.709371385043756,8.086053796758693,1.8412343579132266,30
queen,base,blf,flat,211,8.269885276153833,6.51347788743649,9.742004916730373,8.10977910594856,1.8373779079876584,30
queen,base,blf,flat,212,8.276106478604202,6.51347788743649,9.744287004137323,8.112658603790475,1.8382664584147046,30
queen,base,blf,flat,213,8.276106478604202,6.515752091229185,9.750495988258063,8.114149287505784,1.8381129800686304,30
queen,base,blf,flat,214,8.276106478604202,6.515752091229185,9.750495988258063,8.114149287505784,1.8381129800686304,30
queen,base,blf,flat,215,8.276106478604202,6.536441288716388,9.750495988258063,8.12417388216544,1.8283301392909255,30
queen,base,blf,flat,216,8.276106478604202,6.580741303108237,9.761458277826538,8.138446250240348,1.822192232812184,30
queen,base,blf,flat,217,8.286109028440032,6.580741303108237,9.774798291957529,8.140584044316146,1.8227845990398799,30
queen,base,blf,flat,218,8.286109028440032,6.600519342231738,9.817552376596396,8.147331358019144,1.8218264657022645,30
queen,base,blf,flat,219,8.310449926576167,6.600519342231738,9.817552376596396,8.148954084561554,1.821163922702142,30
queen,base,blf,flat,220,8.310449926576167,6.611947216774854,9.817552376596396,8.162781589544716,1.8212394366311189,30
queen,base,blf,flat,221,8.310449926576167,6.611947216774854,9.817788227947457,8.172432504071415,1.8151185169489215,30
queen,base,blf,flat,222,8.310449926576167,6.611947216774854,9.817788227947457,8.183388999327926,1.8116631365453484,30
queen,base,blf,flat,223,8.310449926576167,6.614798634141315,9.835939672256625,8.198489134597917,1.8116988171452624,30
queen,base,blf,flat,224,8.31181391931869,6.614798634141315,9.86506101359934,8.211170440515069,1.8155367780480933,30
queen,base,blf,flat,225,8.31181391931869,6.614798634141315,9.86506101359934,8.21163374797775,1.8152090291026028,30
queen,base,blf,flat,226,8.31181391931869,6.614798634141315,9.86506101359934,8.2182063051195,1.8126355721192615,30
queen,base,blf,flat,227,8.31181391931869,6.614798634141315,9.865554517545469,8.232401918187742,1.822574858467205,30
queen,base,blf,flat,228,8.319038716188341,6.614798634141315,9.865554517545469,8.242282807969373,1.8161024847904232,30
queen,base,blf,flat,229,8.3244574372517,6.622015265151158,9.865554517545469,8.246381064386453,1.8123087197707974,30
queen,base,blf,flat,230,8.346504694607995,6.622015265151158,9.865554517545469,8.250612658251477,1.8170201562030983,30
queen,base,blf,flat,231,8.346504694607995,6.637297327705942,9.865554517545469,8.261312141020932,1.8243034930387005,30
queen,base,blf,flat,232,8.353341231722224,6.637297327705942,9.865554517545469,8.261969274735788,1.8242627083455536,30
queen,base,blf,flat,233,8.353341231722224,6.637297327705942,9.865554517545469,8.2647949615774,1.8218077290689216,30
queen,base,blf,flat,234,8.353341231722224,6.637297327705942,9.94442490837624,8.269686614926934,1.8264274505968303,30
queen,base,blf,flat,235,8.353341231722224,6.643454537806036,9.94442490837624,8.276062280973855,1.8295931243746537,30
queen,base,blf,flat,236,8.353341231722224,6.643454537806036,9.94442490837624,8.27909088204,1.832511239370039,30
queen,base,blf,flat,237,8.361707749703347,6.759175616955748,9.94442490837624,8.292277111775297,1.8258148830786876,30
queen,base,blf,flat,238,8.361707749703347,6.7592763633964825,9.954372186894608,8.30780052373329,1.8371308297466276,30
queen,base,blf,flat,239,8.361707749703347,6.785829203859925,10.023913844758457,8.317822479286225,1.844830163425091,30
queen,base,blf,flat,240,8.361707749703347,6.785829203859925,10.023913844758457,8.327318120563833,1.8328889403070099,30
queen,base,blf,flat,241,8.384370998314548,6.785829203859925,10.023913844758457,8.334438758900397,1.837429714442497,30
queen,base,blf,flat,242,8.399431767731379,6.829882449481638,10.023913844758457,8.344793127558392,1.839823777121435,30
queen,base,blf,flat,243,8.405210240734768,6.829882449481638,10.023913844758457,8.349764333272573,1.844349376525374,30
queen,base,blf,flat,244,8.405210240734768,6.829882449481638,10.174954460837338,8.378282812890243,1.8686888259042767,30
queen,base,blf,flat,245,8.42672700692541,6.829882449481638,10.174954460837338,8.398628325225866,1.8906472304203403,30
queen,base,blf,flat,246,8.42672700692541,6.943455726879157,10.174954460837338,8.408048542166446,1.8899860940894402,30
queen,base,blf,flat,247,8.42672700692541,6.95227927458687,10.17539113430039,8.419161721034355,1.8924911323920084,30
queen,base,blf,flat,248,8.42672700692541,6.95227927458687,10.17643390002446,8.434415927670246,1.9039291957217825,30
queen,base,blf,flat,249,8.430499323918715,6.95227927458687,10.17643390002446,8.435216296072891,1.903276218792458,30
queen,base,blf,flat,250,8.440324106182576,6.95227927458687,10.17643390002446,8.443255277864198,1.9038573605594944,30
queen,base,blf,flat,251,8.440324106182576,6.95227927458687,10.17643390002446,8.446794885632496,1.907868539670411,30
queen,base,blf,flat,252,8.440324106182576,6.959294884166646,10.22141830347662,8.466092012687959,1.9199648133503726,30
queen,base,blf,flat,253,8.440324106182576,6.96361321422043,10.22141830347662,8.470850221682152,1.916976035187337,30
queen,base,blf,flat,254,8.466470590222222,6.96361321422043,10.22141830347662,8.4765858347934,1.9198241395737272,30
queen,base,blf,flat,255,8.466470590222222,6.96361321422043,10.22288867663271,8.482470913655801,1.91749660903059,30
queen,base,blf,flat,256,8.482955585969636,6.96361321422043,10.22288867663271,8.488544794109453,1.9136917234346897,30
queen,base,blf,flat,257,8.482955585969636,6.972816983481945,10.22288867663271,8.490636741317186,1.9118934809549601,30
queen,base,blf,flat,258,8.482955585969636,6.972816983481945,10.22288867663271,8.498628627947408,1.9179138322722962,30
queen,base,blf,flat,259,8.482955585969636,6.972816983481945,10.22288867663271,8.50557107182836,1.9229812840945173,30
queen,base,blf,flat,260,8.482955585969636,6.972816983481945,10.22288867663271,8.51491124395964,1.9282458592795897,30
queen,base,blf,flat,261,8.503833650149812,6.974708332728561,10.22288867663271,8.519603480203392,1.9301830714359702,30
queen,base,blf,flat,262,8.503833650149812,6.974708332728561,10.22288867663271,8.524766867392593,1.9252905484619887,30
queen,base,blf,flat,263,8.503833650149812,6.974708332728561,10.22288867663271,8.527153111223251,1.922612871529331,30
queen,base,blf,flat,264,8.506059485486976,6.978572141601534,10.22288867663271,8.529925055081891,1.9214684340627657,30
queen,base,blf,flat,265,8.506294585282777,6.978572141601534,10.22288867663271,8.530471276240231,1.9218501358331408,30
queen,base,blf,flat,266,8.511868328494497,6.978572141601534,10.22288867663271,8.532435130092063,1.9221738937600983,30
queen,base,blf,flat,267,8.533784293090875,6.978572141601534,10.22288867663271,8.53588382205943,1.9217998961576646,30
queen,base,blf,flat,268,8.533784293090875,6.978572141601534,10.223421797943164,8.541847513067856,1.9166406279024317,30
queen,base,blf,flat,269,8.533784293090875,6.981102380998172,10.223421797943164,8.549288486857614,1.9164543822376168,30
queen,base,blf,flat,270,8.533784293090875,6.981102380998172,10.223421797943164,8.553379341126265,1.9157615126044103,30
queen,base,blf,flat,271,8.545544950532058,6.981102380998172,10.223421797943164,8.555165870624998,1.9163557047202158,30
queen,base,blf,flat,272,8.545544950532058,6.9849584942890575,10.226223070860351,8.562460337456175,1.9096695354875666,30
queen,base,blf,flat,273,8.545544950532058,6.9849584942890575,10.230387011358404,8.572107920021702,1.9165533843469766,30
queen,base,blf,flat,274,8.545544950532058,6.985983603614542,10.230387011358404,8.577177400599954,1.9226960503001036,30
queen,base,blf,flat,275,8.545544950532058,6.985983603614542,10.230387011358404,8.577414096783457,1.9223549108117155,30
queen,base,blf,flat,276,8.56180459675259,6.988910607476528,10.230387011358404,8.582954174168028,1.921808252245758,30
queen,base,blf,flat,277,8.56180459675259,6.9911877338042805,10.230387011358404,8.586045325706591,1.923795889577657,30
queen,base,blf,flat,278,8.56180459675259,6.9997325578991445,10.262506058754388,8.58897332368292,1.925710772249997,30
queen,base,blf,flat,279,8.56180459675259,6.9997325578991445,10.262506058754388,8.592051866556071,1.9227074593739721,30
queen,base,blf,flat,280,8.56180459675259,6.9997325578991445,10.262506058754388,8.594498837680726,1.921120900096741,30
queen,base,blf,flat,281,8.56180459675259,6.9997325578991445,10.262506058754388,8.5960971594474,1.92181037789008,30
queen,base,blf,flat,282,8.577078104521863,6.9997325578991445,10.321826689302595,8.60171548545975,1.9250102000086855,30
queen,base,blf,flat,283,8.577078104521863,6.9997325578991445,10.366986022832815,8.611206237929716,1.9339907046567428,30
queen,base,blf,flat,284,8.577078104521863,6.9997325578991445,10.397223630776539,8.617586999471023,1.9387320522309648,30
queen,base,blf,flat,285,8.577078104521863,6.9997325578991445,10.483970100035393,8.630580439997008,1.9508550536865925,30
queen,base,blf,flat,286,8.592016687557413,6.9997325578991445,10.483970100035393,8.632521215728627,1.952129559025053,30
queen,base,blf,flat,287,8.592016687557413,7.003230240721339,10.483970100035393,8.634022804141239,1.9522318759909054,30
queen,base,blf,flat,288,8.592016687557413,7.003230240721339,10.483970100035393,8.637620694445872,1.95539777512258,30
queen,base,blf,flat,289,8.607745007778107,7.005117041235397,10.483970100035393,8.646865427047649,1.957904495921454,30
queen,base,blf,flat,290,8.607745007778107,7.005117041235397,10.488242910715073,8.648806981414436,1.959553219046134,30
queen,base,blf,flat,291,8.607745007778107,7.005117041235397,10.507585057819387,8.656671665120967,1.9653665967276153,30
queen,base,blf,flat,292,8.627319473863535,7.005117041235397,10.507585057819387,8.666361149935986,1.9673155458377638,30
queen,base,blf,flat,293,8.627319473863535,7.005117041235397,10.550421032377969,8.670246962949221,1.9715121340605593,30
queen,base,blf,flat,294,8.627319473863535,7.005117041235397,10.550421032377969,8.674276967602554,1.9750639346215264,30
queen,base,blf,flat,295,8.640611261838487,7.0072765467193125,10.550421032377969,8.677198073896141,1.9754482345171938,30
queen,base,blf,flat,296,8.640611261838487,7.0072765467193125,10.550421032377969,8.677222263720637,1.9754221112827224,30
queen,base,blf,flat,297,8.640611261838487,7.0072765467193125,10.550421032377969,8.683261179908197,1.9815334792792425,30
queen,base,blf,flat,298,8.643166340009628,7.0072765467193125,10.552665676142363,8.689966607914508,1.9873378223050517,30
queen,base,blf,flat,299,8.654695680427313,7.0072765467193125,10.552665676142363,8.695924010532952,1.9922903680280337,30
queen,base,blf,flat,300,8.654695680427313,7.0072765467193125,10.552665676142363,8.696542828576748,1.9914085883773778,30
queen,base,blf,rugged,1,1.1591,1.0066,1.3583,1.2335,0.3302,30
queen,base,blf,rugged,2,1.4284,1.2144,1.8841,1.5707,0.4944,30
queen,base,blf,rugged,3,1.9453,1.5189,2.2508,1.9456,0.6479,30
queen,base,blf,rugged,4,2.0555,1.5921,2.2612,2.0755,0.6034,30
queen,base,blf,rugged,5,2.161,1.8521,2.4476,2.2237,0.5825,30
queen,base,blf,rugged,6,2.2999,2.1094,2.5619,2.3904,0.4979,30
queen,base,blf,rugged,7,2.5339,2.187,2.8398,2.5647,0.5295,30
queen,base,blf,rugged,8,2.6838,2.309,2.9529,2.6917,0.543,30
queen,base,blf,rugged,9,2.7962,2.309,3.0095,2.7505,0.5369,30
queen,base,blf,rugged,10,2.8814,2.4255,3.1859,2.8668,0.5953,30
queen,base,blf,rugged,11,2.8814,2.6223,3.44,2.9629,0.5888,30
queen,base,blf,rugged,12,2.9245,2.6951,3.4624,3.0481,0.5909,30
queen,base,blf,rugged,13,3.0716,2.7952,3.5175,3.1604,0.5492,30
queen,base,blf,rugged,14,3.1221,2.8115,3.619,3.2453,0.5559,30
queen,base,blf,rugged,15,3.2578,2.9473,3.6896,3.3314,0.5364,30
queen,base,blf,rugged,16,3.3101,2.9473,3.7106,3.3706,0.5463,30
queen,base,blf,rugged,17,3.3737,2.9794,3.8914,3.4601,0.562,30
queen,base,blf,rugged,18,3.4569,3.1098,3.8914,3.5044,0.5321,30
queen,base,blf,rugged,19,3.5174,3.1434,3.9006,3.5283,0.5302,30
queen,base,blf,rugged,20,3.5174,3.1434,3.9006,3.5293,0.5295,30
queen,base,blf,rugged,21,3.5324,3.1611,3.9505,3.5746,0.5634,30
queen,base,blf,rugged,22,3.7083,3.2742,4.0162,3.6427,0.5425,30
queen,base,blf,rugged,23,3.7586,3.3477,4.0357,3.6961,0.5452,30
queen,base,blf,rugged,24,3.8807,3.3617,4.075,3.7544,0.5621,30
queen,base,blf,rugged,25,3.9367,3.3617,4.2305,3.8336,0.6341,30
queen,base,blf,rugged,26,3.9676,3.4054,4.264,3.9552,0.769,30
queen,base,blf,rugged,27,3.9676,3.4768,4.264,3.9754,0.7844,30
queen,base,blf,rugged,28,3.9676,3.4768,4.264,4.0419,0.924,30
queen,base,blf,rugged,29,4.0086,3.6242,4.2919,4.1402,0.9532,30
queen,base,blf,rugged,30,4.0086,3.6242,4.2919,4.1707,0.9297,30
queen,base,blf,rugged,31,4.0354,3.6242,4.2919,4.177,0.9243,30
queen,base,blf,rugged,32,4.0354,3.6242,4.4522,4.2618,0.9722,30
queen,base,blf,rugged,33,4.0354,3.6242,4.4522,4.2707,0.9868,30
queen,base,blf,rugged,34,4.0354,3.6242,4.4522,4.2728,0.9908,30
queen,base,blf,rugged,35,4.0405,3.6329,4.4704,4.3062,0.9796,30
queen,base,blf,rugged,36,4.1396,3.6329,5.2066,4.3851,0.9941,30
queen,base,blf,rugged,37,4.1396,3.6329,5.2066,4.3851,0.9941,30
queen,base,blf,rugged,38,4.2335,3.649,5.2601,4.4567,1.0262,30
queen,base,blf,rugged,39,4.2335,3.7263,5.2601,4.4944,1.0145,30
queen,base,blf,rugged,40,4.2335,3.7263,5.2601,4.5325,0.9848,30
queen,base,blf,rugged,41,4.2335,3.7969,5.2601,4.5445,0.9755,30
queen,base,blf,rugged,42,4.2335,3.7969,5.2601,4.5512,0.9663,30
queen,base,blf,rugged,43,4.3253,3.7969,5.2601,4.5694,0.9549,30
queen,base,blf,rugged,44,4.3253,3.7969,5.2601,4.5694,0.9549,30
queen,base,blf,rugged,45,4.3253,3.7969,5.2601,4.5694,0.9549,30
queen,base,blf,rugged,46,4.3253,3.8333,5.2601,4.6205,0.959,30
queen,base,blf,rugged,47,4.3531,3.9612,5.2601,4.6542,0.9624,30
queen,base,blf,rugged,48,4.439,3.9612,5.2601,4.6775,0.9442,30
queen,base,blf,rugged,49,4.4529,3.9612,5.3621,4.7128,0.9494,30
queen,base,blf,rugged,50,4.5125,4.0559,5.3621,4.7543,0.926,30
queen,base,blf,rugged,51,4.5125,4.0747,5.3621,4.7632,0.9222,30
queen,base,blf,rugged,52,4.6166,4.1605,5.407,4.8122,0.9397,30
queen,base,blf,rugged,53,4.6166,4.1605,5.407,4.8194,0.9395,30
queen,base,blf,rugged,54,4.6166,4.1605,5.407,4.8285,0.9533,30
queen,base,blf,rugged,55,4.6824,4.1605,5.407,4.866,0.9832,30
queen,base,blf,rugged,56,4.6824,4.1605,5.407,4.8761,0.9774,30
queen,base,blf,rugged,57,4.7737,4.2554,5.407,4.9132,0.959,30
queen,base,blf,rugged,58,4.7737,4.2554,5.407,4.9205,0.9568,30
queen,base,blf,rugged,59,4.7737,4.2554,5.407,4.9211,0.9561,30
queen,base,blf,rugged,60,4.7737,4.2554,5.6855,4.9647,0.9862,30
queen,base,blf,rugged,61,4.7737,4.259,5.6855,4.9674,0.9842,30
queen,base,blf,rugged,62,4.7737,4.259,5.7691,5.0397,1.0312,30
queen,base,blf,rugged,63,5.0032,4.259,5.7952,5.0899,1.0292,30
queen,base,blf,rugged,64,5.0032,4.259,5.8129,5.1001,1.0402,30
queen,base,blf,rugged,65,5.0032,4.2792,5.83,5.1605,1.0272,30
queen,base,blf,rugged,66,5.0032,4.2792,5.83,5.1722,1.0239,30
queen,base,blf,rugged,67,5.0469,4.2792,5.83,5.1814,1.0269,30
queen,base,blf,rugged,68,5.0662,4.2792,5.83,5.207,1.065,30
queen,base,blf,rugged,69,5.0662,4.3104,5.83,5.2509,1.0256,30
queen,base,blf,rugged,70,5.0662,4.3356,5.83,5.2606,1.0205,30
queen,base,blf,rugged,71,5.0662,4.3483,5.8913,5.2973,1.0446,30
queen,base,blf,rugged,72,5.0662,4.4918,6.4176,5.3758,1.0504,30
queen,base,blf,rugged,73,5.3213,4.4918,6.5734,5.4925,1.0742,30
queen,base,blf,rugged,74,5.3213,4.4918,6.5734,5.5294,1.1082,30
queen,base,blf,rugged,75,5.3473,4.4918,6.5734,5.5542,1.1248,30
queen,base,blf,rugged,76,5.4868,4.6279,6.5734,5.6118,1.101,30
queen,base,blf,rugged,77,5.4868,4.6279,6.6647,5.633,1.1169,30
queen,base,blf,rugged,78,5.5836,4.6279,6.6647,5.6464,1.1122,30
queen,base,blf,rugged,79,5.5836,4.6354,6.6647,5.6555,1.1051,30
queen,base,blf,rugged,80,5.6165,4.665,6.7599,5.7167,1.1053,30
queen,base,blf,rugged,81,5.6165,4.665,6.7599,5.7167,1.1053,30
queen,base,blf,rugged,82,5.6165,4.665,6.7599,5.7336,1.1167,30
queen,base,blf,rugged,83,5.961,4.665,6.8805,5.7906,1.1489,30
queen,base,blf,rugged,84,5.961,4.6736,6.8805,5.799,1.1408,30
queen,base,blf,rugged,85,5.961,4.6736,6.8805,5.8113,1.1345,30
queen,base,blf,rugged,86,5.961,4.6736,6.8805,5.8171,1.1324,30
queen,base,blf,rugged,87,6.0569,4.6736,6.8805,5.8237,1.1346,30
queen,base,blf,rugged,88,6.0569,4.8318,6.9054,5.8881,1.0988,30
queen,base,blf,rugged,89,6.0569,4.9747,6.9054,5.9027,1.0847,30
queen,base,blf,rugged,90,6.0593,4.9747,7.0112,5.9329,1.1015,30
queen,base,blf,rugged,91,6.0593,4.9747,7.0112,5.9416,1.0897,30
queen,base,blf,rugged,92,6.1057,4.9747,7.0535,5.9663,1.1039,30
queen,base,blf,rugged,93,6.1057,5.0074,7.0535,5.9828,1.0913,30
queen,base,blf,rugged,94,6.1057,5.0074,7.0535,5.9885,1.0974,30
queen,base,blf,rugged,95,6.1057,5.0074,7.0702,6.0036,1.1062,30
queen,base,blf,rugged,96,6.1455,5.0074,7.0702,6.0172,1.1165,30
queen,base,blf,rugged,97,6.1455,5.0074,7.0702,6.0172,1.1165,30
queen,base,blf,rugged,98,6.1597,5.0074,7.0844,6.0327,1.1289,30
queen,base,blf,rugged,99,6.1597,5.0138,7.0844,6.05,1.1444,30
queen,base,blf,rugged,100,6.1634,5.0509,7.0846,6.074,1.1305,30
queen,base,blf,rugged,101,6.1634,5.0547,7.1448,6.0804,1.1362,30
queen,base,blf,rugged,102,6.1634,5.0649,7.1448,6.1043,1.1311,30
queen,base,blf,rugged,103,6.3353,5.0649,7.1448,6.1347,1.1478,30
queen,base,blf,rugged,104,6.625,5.0649,7.1448,6.1595,1.141,30
queen,base,blf,rugged,105,6.625,5.0649,7.1448,6.1762,1.1412,30
queen,base,blf,rugged,106,6.625,5.0649,7.1448,6.19,1.1427,30
queen,base,blf,rugged,107,6.634,5.0649,7.2741,6.2338,1.1606,30
queen,base,blf,rugged,108,6.724,5.0858,7.2741,6.2444,1.1652,30
queen,base,blf,rugged,109,6.724,5.0858,7.2741,6.2473,1.1639,30
queen,base,blf,rugged,110,6.724,5.0858,7.2741,6.2798,1.1531,30
queen,base,blf,rugged,111,6.724,5.1637,7.2741,6.2933,1.1469,30
queen,base,blf,rugged,112,6.724,5.1637,7.3062,6.3108,1.1576,30
queen,base,blf,rugged,113,6.7736,5.1637,7.3062,6.3169,1.1625,30
queen,base,blf,rugged,114,6.7736,5.29,7.4927,6.3572,1.1904,30
queen,base,blf,rugged,115,6.7736,5.29,7.4927,6.3597,1.1887,30
queen,base,blf,rugged,116,6.7736,5.29,7.4927,6.3848,1.1889,30
queen,base,blf,rugged,117,6.7736,5.3248,7.4927,6.4069,1.1758,30
queen,base,blf,rugged,118,6.8936,5.3248,7.4927,6.4289,1.1946,30
queen,base,blf,rugged,119,6.9349,5.3248,7.5827,6.4576,1.2023,30
queen,base,blf,rugged,120,6.9349,5.3798,7.5827,6.4878,1.1996,30
queen,base,blf,rugged,121,6.9592,5.406,7.5827,6.519,1.2032,30
queen,base,blf,rugged,122,6.9835,5.406,7.5827,6.5377,1.2039,30
queen,base,blf,rugged,123,6.9835,5.406,7.6548,6.5532,1.219,30
queen,base,blf,rugged,124,6.9835,5.5226,7.6548,6.5787,1.1987,30
queen,base,blf,rugged,125,7.0387,5.5226,7.6548,6.5887,1.1942,30
queen,base,blf,rugged,126,7.0387,5.5226,7.6792,6.6169,1.1985,30
queen,base,blf,rugged,127,7.1039,5.5226,7.6792,6.6397,1.1781,30
queen,base,blf,rugged,128,7.2094,5.5726,7.6792,6.6815,1.1819,30
queen,base,blf,rugged,129,7.3561,5.5726,7.6792,6.7053,1.186,30
queen,base,blf,rugged,130,7.3561,5.5726,7.6792,6.7106,1.1796,30
queen,base,blf,rugged,131,7.4721,5.6672,7.6792,6.7399,1.1807,30
queen,base,blf,rugged,132,7.4721,5.6672,7.6792,6.7494,1.1742,30
queen,base,blf,rugged,133,7.4721,5.6672,7.6792,6.7505,1.1749,30
queen,base,blf,rugged,134,7.4721,5.6998,7.6792,6.7563,1.1706,30
queen,base,blf,rugged,135,7.4721,5.6998,7.6792,6.7563,1.1706,30
queen,base,blf,rugged,136,7.4721,5.6998,7.6934,6.7622,1.1723,30
queen,base,blf,rugged,137,7.4765,5.6998,7.73,6.7726,1.1703,30
queen,base,blf,rugged,138,7.4765,5.7009,7.767,6.797,1.1826,30
queen,base,blf,rugged,139,7.4765,5.7009,7.767,6.8109,1.1891,30
queen,base,blf,rugged,140,7.4765,5.7415,7.767,6.8214,1.1896,30
queen,base,blf,rugged,141,7.4765,5.7415,7.767,6.8214,1.1896,30
queen,base,blf,rugged,142,7.4765,5.7415,7.7673,6.8304,1.1936,30
queen,base,blf,rugged,143,7.4765,5.824,7.7673,6.8424,1.1808,30
queen,base,blf,rugged,144,7.4765,5.824,7.7673,6.8521,1.1725,30
queen,base,blf,rugged,145,7.4765,5.824,7.7673,6.8563,1.1674,30
queen,base,blf,rugged,146,7.4857,5.824,7.7673,6.8588,1.1696,30
queen,base,blf,rugged,147,7.4999,5.824,7.8396,6.8755,1.1814,30
queen,base,blf,rugged,148,7.614,5.8423,7.8396,6.8918,1.1856,30
queen,base,blf,rugged,149,7.614,5.8423,7.8396,6.8932,1.1861,30
queen,base,blf,rugged,150,7.6266,5.8423,7.8396,6.894,1.1866,30
queen,base,blf,rugged,151,7.6266,5.8423,7.8646,6.8994,1.1909,30
queen,base,blf,rugged,152,7.6266,5.8423,7.89,6.9081,1.1909,30
queen,base,blf,rugged,153,7.6266,5.8423,7.89,6.9371,1.1679,30
queen,base,blf,rugged,154,7.6266,5.8423,7.89,6.9447,1.1572,30
queen,base,blf,rugged,155,7.6266,5.8423,7.9136,6.9537,1.1557,30
queen,base,blf,rugged,156,7.6266,5.8423,7.9136,6.9577,1.1586,30
queen,base,blf,rugged,157,7.6324,5.8833,7.9136,7.0094,1.1117,30
queen,base,blf,rugged,158,7.6324,5.8833,7.9276,7.0217,1.1228,30
queen,base,blf,rugged,159,7.6324,5.9098,7.9413,7.0363,1.1278,30
queen,base,blf,rugged,160,7.6324,5.9098,7.9413,7.0414,1.1252,30
queen,base,blf,rugged,161,7.6324,5.9098,7.9413,7.0459,1.1296,30
queen,base,blf,rugged,162,7.6667,5.9098,7.9413,7.0507,1.1317,30
queen,base,blf,rugged,163,7.6667,5.9623,7.9555,7.0756,1.1473,30
queen,base,blf,rugged,164,7.6667,5.9623,7.9555,7.0887,1.15,30
queen,base,blf,rugged,165,7.6667,5.9623,7.9555,7.0932,1.1554,30
queen,base,blf,rugged,166,7.7408,5.9623,7.9555,7.0988,1.158,30
queen,base,blf,rugged,167,7.7459,6.0021,7.9555,7.1082,1.1517,30
queen,base,blf,rugged,168,7.7459,6.0021,7.9555,7.1115,1.1464,30
queen,base,blf,rugged,169,7.7459,6.0021,7.9893,7.1243,1.1415,30
queen,base,blf,rugged,170,7.7699,6.0086,7.9896,7.1386,1.1425,30
queen,base,blf,rugged,171,7.7699,6.0086,7.9896,7.1392,1.1416,30
queen,base,blf,rugged,172,7.7699,6.0086,7.9896,7.1465,1.1482,30
queen,base,blf,rugged,173,7.7981,6.0086,7.9896,7.1534,1.1442,30
queen,base,blf,rugged,174,7.7981,6.0086,7.9896,7.1583,1.1356,30
queen,base,blf,rugged,175,7.7981,6.0086,7.9896,7.1635,1.1282,30
queen,base,blf,rugged,176,7.8028,6.0086,7.9896,7.1658,1.1293,30
queen,base,blf,rugged,177,7.8028,6.0086,7.9896,7.1681,1.1295,30
queen,base,blf,rugged,178,7.8183,6.0086,7.9896,7.1828,1.1249,30
queen,base,blf,rugged,179,7.8183,6.0086,7.9896,7.1828,1.1249,30
queen,base,blf,rugged,180,7.8183,6.0086,7.9896,7.1836,1.1255,30
queen,base,blf,rugged,181,7.8183,6.0086,7.9941,7.1856,1.1274,30
queen,base,blf,rugged,182,7.8183,6.0086,8.0289,7.1891,1.1281,30
queen,base,blf,rugged,183,7.8218,6.0086,8.0289,7.1974,1.1274,30
queen,base,blf,rugged,184,7.8794,6.0086,8.0429,7.2104,1.1325,30
queen,base,blf,rugged,185,7.8794,6.0086,8.0534,7.2158,1.1376,30
queen,base,blf,rugged,186,7.8794,6.0086,8.1176,7.2227,1.1427,30
queen,base,blf,rugged,187,7.9069,6.0086,8.1176,7.2463,1.1499,30
queen,base,blf,rugged,188,7.9268,6.0086,8.1226,7.2496,1.152,30
queen,base,blf,rugged,189,7.9268,6.0086,8.1226,7.2556,1.1591,30
queen,base,blf,rugged,190,7.9313,6.0086,8.2062,7.2705,1.1674,30
queen,base,blf,rugged,191,7.9313,6.0086,8.2062,7.2733,1.1632,30
queen,base,blf,rugged,192,7.9313,6.0086,8.2062,7.2772,1.1575,30
queen,base,blf,rugged,193,7.9443,6.0086,8.2182,7.2973,1.1601,30
queen,base,blf,rugged,194,7.9443,6.0086,8.2182,7.301,1.163,30
queen,base,blf,rugged,195,7.9443,6.0221,8.2182,7.3036,1.1607,30
queen,base,blf,rugged,196,7.9443,6.0221,8.2182,7.3078,1.1648,30
queen,base,blf,rugged,197,7.9443,6.0221,8.2182,7.3081,1.165,30
queen,base,blf,rugged,198,7.9638,6.0221,8.2182,7.315,1.1683,30
queen,base,blf,rugged,199,7.9638,6.0221,8.2182,7.3188,1.1694,30
queen,base,blf,rugged,200,7.9638,6.0886,8.2182,7.3305,1.1628,30
queen,base,blf,rugged,201,7.9638,6.0886,8.2182,7.3329,1.1646,30
queen,base,blf,rugged,202,7.9638,6.0886,8.2182,7.3391,1.1606,30
queen,base,blf,rugged,203,7.9668,6.0886,8.2182,7.3471,1.1681,30
queen,base,blf,rugged,204,7.9668,6.0886,8.2269,7.3512,1.1698,30
queen,base,blf,rugged,205,7.9668,6.0886,8.2269,7.3535,1.1714,30
queen,base,blf,rugged,206,7.9668,6.0886,8.2269,7.3535,1.1714,30
queen,base,blf,rugged,207,7.9668,6.0886,8.2269,7.3535,1.1714,30
queen,base,blf,rugged,208,7.9668,6.0886,8.2269,7.3566,1.1729,30
queen,base,blf,rugged,209,7.9668,6.0886,8.2269,7.3597,1.1671,30
queen,base,blf,rugged,210,7.9668,6.1858,8.2269,7.3654,1.1607,30
queen,base,blf,rugged,211,7.9668,6.1858,8.2269,7.3654,1.1607,30
queen,base,blf,rugged,212,8.0117,6.1858,8.2344,7.3735,1.1639,30
queen,base,blf,rugged,213,8.0238,6.1858,8.2344,7.3898,1.1745,30
queen,base,blf,rugged,214,8.0238,6.1858,8.2344,7.3978,1.1736,30
queen,base,blf,rugged,215,8.0568,6.1858,8.2344,7.4152,1.176,30
queen,base,blf,rugged,216,8.0568,6.1858,8.2344,7.4252,1.1595,30
queen,base,blf,rugged,217,8.0568,6.1858,8.2344,7.4252,1.1595,30
queen,base,blf,rugged,218,8.0568,6.1858,8.2344,7.4252,1.1595,30
queen,base,blf,rugged,219,8.0568,6.1858,8.2344,7.4267,1.16,30
queen,base,blf,rugged,220,8.0568,6.1858,8.2441,7.4322,1.1646,30
queen,base,blf,rugged,221,8.0612,6.1946,8.2473,7.4366,1.1654,30
queen,base,blf,rugged,222,8.0612,6.1946,8.2763,7.4425,1.1602,30
queen,base,blf,rugged,223,8.0612,6.1946,8.2763,7.4479,1.1584,30
queen,base,blf,rugged,224,8.0612,6.1946,8.2847,7.4515,1.1613,30
queen,base,blf,rugged,225,8.0612,6.1946,8.2847,7.4622,1.148,30
queen,base,blf,rugged,226,8.0612,6.1946,8.3326,7.4715,1.1508,30
queen,base,blf,rugged,227,8.0612,6.1946,8.336,7.4849,1.1409,30
queen,base,blf,rugged,228,8.0612,6.1946,8.336,7.4865,1.1388,30
queen,base,blf,rugged,229,8.0615,6.1946,8.336,7.4917,1.1407,30
queen,base,blf,rugged,230,8.0615,6.1946,8.336,7.4917,1.1407,30
queen,base,blf,rugged,231,8.0615,6.1946,8.336,7.4971,1.1456,30
queen,base,blf,rugged,232,8.0886,6.1946,8.3978,7.5074,1.1529,30
queen,base,blf,rugged,233,8.1055,6.1946,8.3978,7.5089,1.1536,30
queen,base,blf,rugged,234,8.1055,6.1946,8.3978,7.5269,1.1735,30
queen,base,blf,rugged,235,8.1137,6.1946,8.3978,7.5275,1.1738,30
queen,base,blf,rugged,236,8.1185,6.1946,8.4436,7.5354,1.1768,30
queen,base,blf,rugged,237,8.177,6.1946,8.4436,7.5393,1.1788,30
queen,base,blf,rugged,238,8.177,6.1946,8.4436,7.5393,1.1788,30
queen,base,blf,rugged,239,8.177,6.1946,8.4436,7.5456,1.1816,30
queen,base,blf,rugged,240,8.1777,6.1946,8.4436,7.5497,1.1841,30
queen,base,blf,rugged,241,8.1888,6.1946,8.4436,7.5529,1.186,30
queen,base,blf,rugged,242,8.1888,6.1946,8.4436,7.554,1.1865,30
queen,base,blf,rugged,243,8.1888,6.1946,8.4436,7.5551,1.1858,30
queen,base,blf,rugged,244,8.1888,6.1946,8.4467,7.5568,1.1844,30
queen,base,blf,rugged,245,8.1888,6.1946,8.4467,7.5584,1.1844,30
queen,base,blf,rugged,246,8.1888,6.1946,8.4467,7.5584,1.1844,30
queen,base,blf,rugged,247,8.1888,6.1946,8.4561,7.5611,1.1854,30
queen,base,blf,rugged,248,8.1888,6.1946,8.4561,7.5723,1.1916,30
queen,base,blf,rugged,249,8.1888,6.2385,8.4752,7.5817,1.1849,30
queen,base,blf,rugged,250,8.1888,6.2385,8.4752,7.5817,1.1849,30
queen,base,blf,rugged,251,8.1888,6.2385,8.4752,7.5827,1.1858,30
queen,base,blf,rugged,252,8.1888,6.2385,8.4752,7.583,1.186,30
queen,base,blf,rugged,253,8.1888,6.2385,8.4752,7.6001,1.2039,30
queen,base,blf,rugged,254,8.1888,6.2385,8.4752,7.6001,1.2039,30
queen,base,blf,rugged,255,8.1888,6.2385,8.4752,7.6001,1.2039,30
queen,base,blf,rugged,256,8.1888,6.2385,8.4752,7.6012,1.2048,30
queen,base,blf,rugged,257,8.1888,6.2385,8.4752,7.6012,1.2048,30
queen,base,blf,rugged,258,8.1888,6.2385,8.4752,7.6076,1.2094,30
queen,base,blf,rugged,259,8.2179,6.2385,8.4752,7.6129,1.2121,30
queen,base,blf,rugged,260,8.2179,6.2385,8.4752,7.6216,1.2189,30
queen,base,blf,rugged,261,8.2412,6.2385,8.4946,7.6272,1.2221,30
queen,base,blf,rugged,262,8.2412,6.2385,8.4946,7.6281,1.2226,30
queen,base,blf,rugged,263,8.2412,6.2385,8.4946,7.63,1.221,30
queen,base,blf,rugged,264,8.2412,6.2385,8.4946,7.63,1.221,30
queen,base,blf,rugged,265,8.2412,6.2385,8.4946,7.6313,1.2185,30
queen,base,blf,rugged,266,8.2412,6.2385,8.4946,7.6344,1.2222,30
queen,base,blf,rugged,267,8.2412,6.2385,8.4946,7.6355,1.2212,30
queen,base,blf,rugged,268,8.2412,6.2385,8.4946,7.6418,1.2268,30
queen,base,blf,rugged,269,8.2412,6.2385,8.4946,7.6467,1.223,30
queen,base,blf,rugged,270,8.2412,6.2385,8.4946,7.6496,1.2275,30
queen,base,blf,rugged,271,8.2412,6.2385,8.4946,7.6502,1.228,30
queen,base,blf,rugged,272,8.2412,6.2385,8.5157,7.6541,1.2306,30
queen,base,blf,rugged,273,8.2412,6.2385,8.5157,7.6593,1.234,30
queen,base,blf,rugged,274,8.2412,6.2385,8.5157,7.6626,1.2334,30
queen,base,blf,rugged,275,8.2412,6.2385,8.5157,7.6641,1.2315,30
queen,base,blf,rugged,276,8.2412,6.2385,8.5157,7.6641,1.2315,30
queen,base,blf,rugged,277,8.2412,6.2385,8.5157,7.665,1.2306,30
queen,base,blf,rugged,278,8.2412,6.2385,8.5157,7.6719,1.2316,30
queen,base,blf,rugged,279,8.2412,6.2385,8.5157,7.6808,1.2413,30
queen,base,blf,rugged,280,8.2412,6.2385,8.5157,7.6808,1.2413,30
queen,base,blf,rugged,281,8.2412,6.2385,8.5518,7.6845,1.244,30
queen,base,blf,rugged,282,8.2412,6.2385,8.5518,7.6893,1.2383,30
queen,base,blf,rugged,283,8.2412,6.2385,8.5518,7.6896,1.2386,30
queen,base,blf,rugged,284,8.2412,6.2385,8.5518,7.6896,1.2386,30
queen,base,blf,rugged,285,8.2412,6.2385,8.5518,7.6933,1.2427,30
queen,base,blf,rugged,286,8.2412,6.2385,8.5518,7.6943,1.2415,30
queen,base,blf,rugged,287,8.2412,6.2385,8.5518,7.6952,1.242,30
queen,base,blf,rugged,288,8.2412,6.2385,8.5518,7.6952,1.242,30
queen,base,blf,rugged,289,8.2495,6.2385,8.5518,7.6966,1.2427,30
queen,base,blf,rugged,290,8.2495,6.2385,8.5518,7.6966,1.2427,30
queen,base,blf,rugged,291,8.2495,6.2385,8.5518,7.6972,1.242,30
queen,base,blf,rugged,292,8.2495,6.2385,8.5518,7.6972,1.242,30
queen,base,blf,rugged,293,8.2495,6.2385,8.5518,7.7019,1.2476,30
queen,base,blf,rugged,294,8.2504,6.2385,8.5518,7.7021,1.2477,30
queen,base,blf,rugged,295,8.2504,6.2385,8.5518,7.7021,1.2477,30
queen,base,blf,rugged,296,8.2504,6.2385,8.5518,7.7021,1.2477,30
queen,base,blf,rugged,297,8.2504,6.2385,8.5518,7.7037,1.2456,30
queen,base,blf,rugged,298,8.2504,6.2697,8.5518,7.7074,1.2435,30
queen,base,blf,rugged,299,8.2504,6.2697,8.5518,7.7078,1.244,30
queen,base,blf,rugged,300,8.2504,6.2697,8.5518,7.7092,1.2459,30
queen,phi,uncoupled,flat,1,1.4137217143436316,1.1494172888996648,1.5528269905096135,1.438671749725743,0.4215163455224433,30
queen,phi,uncoupled,flat,2,1.9407394075804558,1.5572622486459675,2.2142740465392508,1.9735112146463518,0.5339176481072838,30
queen,phi,uncoupled,flat,3,1.9951151548326622,1.7120154192030703,2.524963716327996,2.193675925160689,0.7641251331517998,30
queen,phi,uncoupled,flat,4,2.4649383990267557,1.8829478229839052,2.7287160328480073,2.4903405138438663,0.7842391627454907,30
queen,phi,uncoupled,flat,5,2.566319219508844,1.9898798349740416,2.9165093557106747,2.569531621685187,0.7585401948883918,30
queen,phi,uncoupled,flat,6,2.626382749084377,2.078359493898833,3.0004598382586414,2.6545986805553357,0.739888168338945,30
queen,phi,uncoupled,flat,7,2.6862521949620297,2.251792613942127,3.084436472382848,2.7820170869581586,0.7473872543462856,30
queen,phi,uncoupled,flat,8,2.6862521949620297,2.4393031832955874,3.2723391702965383,2.85952259848731,0.7773632225371889,30
queen,phi,uncoupled,flat,9,2.8395739723136497,2.563686338690417,3.4487609609967946,2.9824242605476945,0.782431217568759,30
queen,phi,uncoupled,flat,10,2.8954059137208166,2.5866034602506316,3.551389955508243,3.0627203835112486,0.8031903833761523,30
queen,phi,uncoupled,flat,11,2.909663536634872,2.680963242160185,3.698884455386544,3.164905989848763,0.7610703062648702,30
queen,phi,uncoupled,flat,12,2.972083244697899,2.698788147889553,3.7056870600206717,3.2633948689508245,0.7291533829364076,30
queen,phi,uncoupled,flat,13,2.999002166002899,2.803150056736857,3.7056870600206717,3.2786068345989348,0.7183391038885023,30
queen,phi,uncoupled,flat,14,3.005344429527402,2.8319503922236007,3.964020963325095,3.3126430381970513,0.7183564431441831,30
queen,phi,uncoupled,flat,15,3.3577936701221818,2.8713447176967537,4.052709562407065,3.435700404898213,0.6702829603568732,30
queen,phi,uncoupled,flat,16,3.5280187544829538,2.909983107606187,4.052709562407065,3.542485244408854,0.6771364123912025,30
queen,phi,uncoupled,flat,17,3.6335294601712054,3.025049256098267,4.0694491856753405,3.6146006806763333,0.6418262535126081,30
queen,phi,uncoupled,flat,18,3.6335294601712054,3.025049256098267,4.08768782355654,3.6750450758548734,0.7578925608450486,30
queen,phi,uncoupled,flat,19,3.6959412408808454,3.084927392501969,4.08768782355654,3.7096683012747516,0.7387884006328712,30
queen,phi,uncoupled,flat,20,3.6959412408808454,3.1046381173230095,4.08768782355654,3.725798366537057,0.7288309157164629,30
queen,phi,uncoupled,flat,21,3.6959412408808454,3.250810791033729,4.08768782355654,3.770324592977079,0.7041922864327821,30
queen,phi,uncoupled,flat,22,3.870023803955016,3.3420230531268205,4.235062569412105,3.8801998880514663,0.7156488887756214,30
queen,phi,uncoupled,flat,23,3.870023803955016,3.496791886487622,4.235062569412105,3.9765907741270343,0.8242911626673346,30
queen,phi,uncoupled,flat,24,3.870023803955016,3.496791886487622,4.235062569412105,4.01312875015306,0.8846618391216536,30
queen,phi,uncoupled,flat,25,3.996691154079858,3.496791886487622,4.235062569412105,4.040697647725321,0.8635767928394056,30
queen,phi,uncoupled,flat,26,4.037915972349181,3.5350171659187097,4.305920540035285,4.0857895129147215,0.8602252209463555,30
queen,phi,uncoupled,flat,27,4.037915972349181,3.5350171659187097,4.305920540035285,4.138642446635142,0.9145627135646974,30
queen,phi,uncoupled,flat,28,4.037915972349181,3.5350171659187097,4.363278569766848,4.1668769433173924,0.9249202834469088,30
queen,phi,uncoupled,flat,29,4.07358985006357,3.5760379575934635,4.586851793375319,4.235264049545972,0.9082268049545803,30
queen,phi,uncoupled,flat,30,4.135492158322819,3.5760379575934635,4.6252894783269145,4.251260327012685,0.9106562960893821,30
queen,phi,uncoupled,flat,31,4.135492158322819,3.6059670468883525,4.6252894783269145,4.271368790432989,0.89209752543689,30
queen,phi,uncoupled,flat,32,4.175764604654283,3.6059670468883525,4.74255313203308,4.305339433374255,0.901219413167111,30
queen,phi,uncoupled,flat,33,4.175764604654283,3.645279144535449,4.74255313203308,4.310551938605055,0.8966668694667452,30
queen,phi,uncoupled,flat,34,4.200224205031363,3.645279144535449,4.74255313203308,4.367437383627305,0.9671290343819184,30
queen,phi,uncoupled,flat,35,4.278793804395056,3.755591456365957,4.973659078635169,4.450530594443718,0.9615306796141952,30
queen,phi,uncoupled,flat,36,4.278793804395056,3.755591456365957,4.973659078635169,4.450530594443718,0.9615306796141952,30
queen,phi,uncoupled,flat,37,4.325786603920934,3.755591456365957,5.159661714215716,4.517019508498817,0.9797676642050247,30
queen,phi,uncoupled,flat,38,4.325786603920934,3.755591456365957,5.159661714215716,4.531720275750165,0.9793752454517576,30
queen,phi,uncoupled,flat,39,4.415076210288742,3.8706495784244677,5.159661714215716,4.545957497903173,0.9729042661537718,30
queen,phi,uncoupled,flat,40,4.485216456537466,3.8706495784244677,5.296471987245757,4.579226935298094,0.9810051647267182,30
queen,phi,uncoupled,flat,41,4.565514077320758,3.8706495784244677,5.406961449145829,4.61243990789443,0.9942300779340615,30
queen,phi,uncoupled,flat,42,4.565514077320758,3.8706495784244677,5.492581275995107,4.736493079336378,1.144557979017212,30
queen,phi,uncoupled,flat,43,4.565514077320758,3.8706495784244677,5.492581275995107,4.736493079336378,1.144557979017212,30
queen,phi,uncoupled,flat,44,4.565514077320758,3.8706495784244677,5.492581275995107,4.778812690752215,1.2003122478454882,30
queen,phi,uncoupled,flat,45,4.565514077320758,3.9528404327894697,5.492581275995107,4.8296488445352095,1.1995981453833957,30
queen,phi,uncoupled,flat,46,4.565514077320758,3.9528404327894697,5.718855150051028,4.85340407193209,1.212370269307593,30
queen,phi,uncoupled,flat,47,4.631249827587303,4.072018075919711,5.806197780804526,4.93463499586079,1.1751777217952657,30
queen,phi,uncoupled,flat,48,4.827746377366854,4.231382544149917,5.806197780804526,5.032063866584438,1.1872066232669787,30
queen,phi,uncoupled,flat,49,4.835320346034068,4.231382544149917,5.810888254097397,5.041450628568229,1.190932961438829,30
queen,phi,uncoupled,flat,50,4.835320346034068,4.231382544149917,5.810888254097397,5.090639062512978,1.2807207651350232,30
queen,phi,uncoupled,flat,51,4.835320346034068,4.231382544149917,5.810888254097397,5.1260260311255985,1.31791530564917,30
queen,phi,uncoupled,flat,52,5.049911229079532,4.231382544149917,5.8463205131790765,5.200678359266671,1.3407198237766325,30
queen,phi,uncoupled,flat,53,5.049911229079532,4.234325026743379,5.992436146563531,5.258419000300231,1.3360940751255406,30
queen,phi,uncoupled,flat,54,5.049911229079532,4.234325026743379,5.992436146563531,5.287698444810245,1.3717280182145088,30
queen,phi,uncoupled,flat,55,5.049911229079532,4.234325026743379,6.135424373239394,5.311372585259406,1.3859175298113409,30
queen,phi,uncoupled,flat,56,5.049911229079532,4.234325026743379,6.135424373239394,5.323407222320406,1.3818673398903627,30
queen,phi,uncoupled,flat,57,5.129182119799394,4.234325026743379,6.135424373239394,5.336126084369812,1.3787829885053826,30
queen,phi,uncoupled,flat,58,5.375385514959065,4.246455598850028,6.347659814574121,5.424015970236441,1.4031744464846498,30
queen,phi,uncoupled,flat,59,5.375385514959065,4.246455598850028,6.347659814574121,5.45880556121533,1.4483407806924629,30
queen,phi,uncoupled,flat,60,5.3826590221276565,4.288937272999219,6.393991326086982,5.512468670509685,1.427636299295904,30
queen,phi,uncoupled,flat,61,5.487029155983511,4.288937272999219,6.45803383906096,5.56319273366682,1.437709222677635,30
queen,phi,uncoupled,flat,62,5.487029155983511,4.288937272999219,6.872845797910596,5.611545931475587,1.4646757453780406,30
queen,phi,uncoupled,flat,63,5.487029155983511,4.288937272999219,6.872845797910596,5.622245586080688,1.4522938369872007,30
queen,phi,uncoupled,flat,64,5.588003583683975,4.324150878713797,6.872845797910596,5.68622006885835,1.4236887131297318,30
queen,phi,uncoupled,flat,65,5.7283348401197145,4.721198237968856,6.872845797910596,5.803135495047759,1.3729154316817556,30
queen,phi,uncoupled,flat,66,5.7283348401197145,4.721198237968856,6.881197413737833,5.846355599834997,1.4190614099761263,30
queen,phi,uncoupled,flat,67,5.7283348401197145,4.721198237968856,6.881197413737833,5.877928430402208,1.4242731714163674,30
queen,phi,uncoupled,flat,68,5.7283348401197145,4.721198237968856,7.098717604391533,5.9084486101233145,1.4537561046662788,30
queen,phi,uncoupled,flat,69,5.7283348401197145,4.721198237968856,7.098717604391533,5.917237993872937,1.4492483873158561,30
queen,phi,uncoupled,flat,70,5.7283348401197145,5.003654567347662,7.185379310827878,5.960037227914032,1.4269000028442105,30
queen,phi,uncoupled,flat,71,5.764804874819815,5.003654567347662,7.185379310827878,5.975459978101774,1.4355456337535444,30
queen,phi,uncoupled,flat,72,5.8146850231100675,5.003654567347662,7.287786186851835,6.050690758167872,1.456065070753185,30
queen,phi,uncoupled,flat,73,5.8146850231100675,5.003654567347662,7.300960693706502,6.068715021865619,1.4847787736317255,30
queen,phi,uncoupled,flat,74,5.866006036890919,5.003654567347662,7.300960693706502,6.081241570694959,1.4846491801377748,30
queen,phi,uncoupled,flat,75,5.866006036890919,5.003654567347662,7.300960693706502,6.125897641889592,1.5045961442968234,30
queen,phi,uncoupled,flat,76,6.183070415556431,5.003654567347662,7.68925228437778,6.204982253222291,1.546829659073661,30
queen,phi,uncoupled,flat,77,6.183070415556431,5.003654567347662,7.717130922281908,6.215090984812198,1.556308469546055,30
queen,phi,uncoupled,flat,78,6.183070415556431,5.003654567347662,7.717130922281908,6.215433503373528,1.5563960163314958,30
queen,phi,uncoupled,flat,79,6.495366159247414,5.003654567347662,7.717130922281908,6.287461795443407,1.5625710054151187,30
queen,phi,uncoupled,flat,80,6.495366159247414,5.034263536582448,7.8401916467343975,6.314358841972473,1.5534675601617574,30
queen,phi,uncoupled,flat,81,6.495366159247414,5.034263536582448,7.8401916467343975,6.347020383903131,1.5584278964217197,30
queen,phi,uncoupled,flat,82,6.495366159247414,5.034263536582448,7.8401916467343975,6.379971980984441,1.6065066187191697,30
queen,phi,uncoupled,flat,83,6.495366159247414,5.034263536582448,7.8401916467343975,6.47196106304367,1.6382185620201677,30
queen,phi,uncoupled,flat,84,6.495366159247414,5.034263536582448,7.8401916467343975,6.476793253350034,1.644891820556222,30
queen,phi,uncoupled,flat,85,6.495366159247414,5.034263536582448,7.874061082948403,6.484743749410787,1.6551879046119207,30
queen,phi,uncoupled,flat,86,6.654120503635056,5.034263536582448,7.874061082948403,6.562038083976854,1.6747685121873552,30
queen,phi,uncoupled,flat,87,6.654120503635056,5.034263536582448,7.874061082948403,6.582434330584657,1.69595281933703,30
queen,phi,uncoupled,flat,88,6.829279268260091,5.034263536582448,7.8758407253935765,6.610334901293183,1.6770377830395042,30
queen,phi,uncoupled,flat,89,6.829279268260091,5.034263536582448,8.130357812179184,6.6504041958916655,1.721339738144309,30
queen,phi,uncoupled,flat,90,6.847918482490696,5.034263536582448,8.25007280039786,6.698352958617644,1.7498156125372741,30
queen,phi,uncoupled,flat,91,6.847918482490696,5.034263536582448,8.341764912937627,6.712254274648603,1.7624444935644057,30
queen,phi,uncoupled,flat,92,6.847918482490696,5.034263536582448,8.397702160701803,6.730251997797468,1.7583742411173402,30
queen,phi,uncoupled,flat,93,6.847918482490696,5.034263536582448,8.485775513320887,6.741104879010939,1.7679560184757053,30
queen,phi,uncoupled,flat,94,6.918191797220372,5.115787479621222,8.552918741678129,6.830846848687031,1.8152408546359209,30
queen,phi,uncoupled,flat,95,6.918191797220372,5.115787479621222,8.566721941370933,6.837236411862645,1.817300861482331,30
queen,phi,uncoupled,flat,96,6.918191797220372,5.115787479621222,8.566721941370933,6.863290827050438,1.829678044611567,30
queen,phi,uncoupled,flat,97,6.976328208421508,5.115787479621222,8.607846645891161,6.936148894333626,1.8503104408048117,30
queen,phi,uncoupled,flat,98,6.976328208421508,5.115787479621222,8.626366879513384,6.939288039922407,1.8533005810385281,30
queen,phi,uncoupled,flat,99,6.976328208421508,5.115787479621222,8.626366879513384,6.939288039922407,1.8533005810385281,30
queen,phi,uncoupled,flat,100,7.36237764667662,5.115787479621222,8.626366879513384,7.00139108233817,1.8772527177986131,30
queen,phi,uncoupled,flat,101,7.725392174257861,5.115787479621222,8.643906627951436,7.042950097086122,1.8872600661782295,30
queen,phi,uncoupled,flat,102,7.725392174257861,5.115787479621222,8.667859436919866,7.072846964646456,1.9197793520822455,30
queen,phi,uncoupled,flat,103,7.725392174257861,5.3798678186532305,8.667859436919866,7.11310850506998,1.901953126835873,30
queen,phi,uncoupled,flat,104,7.725392174257861,5.3798678186532305,8.667859436919866,7.144654199226726,1.9094749378252012,30
queen,phi,uncoupled,flat,105,7.725392174257861,5.3798678186532305,8.78057638543261,7.169456502985529,1.9170858027661923,30
queen,phi,uncoupled,flat,106,7.725392174257861,5.3798678186532305,8.839965163458512,7.178890224916237,1.922722822577469,30
queen,phi,uncoupled,flat,107,7.725392174257861,5.3798678186532305,8.844850098578364,7.202657322079541,1.955055090526095,30
queen,phi,uncoupled,flat,108,7.725392174257861,5.3798678186532305,8.844850098578364,7.232103871465396,1.969777339881749,30
queen,phi,uncoupled,flat,109,7.725392174257861,5.3798678186532305,8.844850098578364,7.250749060648463,1.9845907054382719,30
queen,phi,uncoupled,flat,110,7.725392174257861,5.3798678186532305,8.865098377226452,7.27747794808783,2.0041188530991616,30
queen,phi,uncoupled,flat,111,7.725392174257861,5.3798678186532305,8.898172041580835,7.28174760548804,2.0078428906859056,30
queen,phi,uncoupled,flat,112,7.725392174257861,5.3798678186532305,8.898172041580835,7.309964037476311,2.03258882241059,30
queen,phi,uncoupled,flat,113,7.725392174257861,5.3798678186532305,8.985979678028645,7.330240619829794,2.052464556743225,30
queen,phi,uncoupled,flat,114,7.725392174257861,5.3798678186532305,8.985979678028645,7.351453592463977,2.0638672844648815,30
queen,phi,uncoupled,flat,115,7.840604672899374,5.3798678186532305,8.994301134622905,7.370489762444131,2.068573655475542,30
queen,phi,uncoupled,flat,116,7.840604672899374,5.3798678186532305,9.01462933167538,7.383444548765037,2.0650125819331833,30
queen,phi,uncoupled,flat,117,7.840604672899374,5.3798678186532305,9.020014290269577,7.394867695597166,2.0661831438872595,30
queen,phi,uncoupled,flat,118,7.840604672899374,5.3798678186532305,9.020014290269577,7.413409135919059,2.0710941022814877,30
queen,phi,uncoupled,flat,119,7.840604672899374,5.522621765004553,9.03909243303314,7.471440807659457,2.0681769634243055,30
queen,phi,uncoupled,flat,120,7.840604672899374,5.522621765004553,9.03909243303314,7.489117221091728,2.0537860930522918,30
queen,phi,uncoupled,flat,121,7.840604672899374,5.522621765004553,9.03909243303314,7.498708146530722,2.05014865407486,30
queen,phi,uncoupled,flat,122,7.840604672899374,5.522621765004553,9.03909243303314,7.498872666590999,2.0499542147991483,30
queen,phi,uncoupled,flat,123,7.943606150137182,5.522621765004553,9.03909243303314,7.505739431740186,2.0514529816593616,30
queen,phi,uncoupled,flat,124,7.943606150137182,5.522621765004553,9.03909243303314,7.512814932344577,2.0537657639784284,30
queen,phi,uncoupled,flat,125,7.943606150137182,5.522621765004553,9.050550056556522,7.522948570938131,2.0587219411508797,30
queen,phi,uncoupled,flat,126,8.018196709697776,5.570169426923263,9.121486319620491,7.548126304021974,2.0545620852694286,30
queen,phi,uncoupled,flat,127,8.018196709697776,5.570378231850709,9.313893693847898,7.588932525357724,2.0557358707849906,30
queen,phi,uncoupled,flat,128,8.018196709697776,5.570378231850709,9.331218936892276,7.603241335279146,2.048361965989045,30
queen,phi,uncoupled,flat,129,8.018196709697776,5.570378231850709,9.373323072342412,7.609934779950387,2.053212606184243,30
queen,phi,uncoupled,flat,130,8.042859386589939,5.570378231850709,9.373323072342412,7.648410851122867,2.0522108780321155,30
queen,phi,uncoupled,flat,131,8.158904017070054,5.570378231850709,9.373323072342412,7.659990724236802,2.0508919465181106,30
queen,phi,uncoupled,flat,132,8.158904017070054,5.570378231850709,9.373323072342412,7.682816458908161,2.074957794346275,30
queen,phi,uncoupled,flat,133,8.158904017070054,5.603340366709278,9.373323072342412,7.692817553270961,2.0693845724553888,30
queen,phi,uncoupled,flat,134,8.280909654861844,5.603340366709278,9.428455426618235,7.732455914871344,2.1045093055226243,30
queen,phi,uncoupled,flat,135,8.280909654861844,5.607036944068818,9.428455426618235,7.74785465490971,2.112814500796792,30
queen,phi,uncoupled,flat,136,8.41788223159545,5.607036944068818,9.428455426618235,7.769291732574841,2.1191771319114245,30
queen,phi,uncoupled,flat,137,8.41788223159545,5.641142171953297,9.428455426618235,7.789925788922664,2.1221888940139513,30
queen,phi,uncoupled,flat,138,8.41788223159545,5.641142171953297,9.428455426618235,7.832127778816433,2.163035084455992,30
queen,phi,uncoupled,flat,139,8.41788223159545,5.641142171953297,9.428455426618235,7.849043386458129,2.175209793235675,30
queen,phi,uncoupled,flat,140,8.41788223159545,5.641142171953297,9.428455426618235,7.860142332358657,2.181662980590676,30
queen,phi,uncoupled,flat,141,8.41788223159545,5.641142171953297,9.428455426618235,7.87876039403441,2.174544167053027,30
queen,phi,uncoupled,flat,142,8.511371456438942,5.698652774230444,9.428455426618235,7.937042778681187,2.1828419294219845,30
queen,phi,uncoupled,flat,143,8.511371456438942,5.698652774230444,9.451700046144142,7.951656004607653,2.194980385712992,30
queen,phi,uncoupled,flat,144,8.511371456438942,5.698652774230444,9.489652290359505,7.953342771017224,2.1961980964594185,30
queen,phi,uncoupled,flat,145,8.511371456438942,5.698652774230444,9.489652290359505,7.960218644080626,2.209130490823937,30
queen,phi,uncoupled,flat,146,8.511371456438942,5.698652774230444,9.514627026540781,7.972687524097323,2.218352822705743,30
queen,phi,uncoupled,flat,147,8.511371456438942,5.850707414163772,9.538608477461338,7.993457330872621,2.2020678393765443,30
queen,phi,uncoupled,flat,148,8.578713682517094,5.850707414163772,9.538608477461338,8.003309851709103,2.205954698647143,30
queen,phi,uncoupled,flat,149,8.578713682517094,5.850707414163772,9.538608477461338,8.048418415844782,2.2688525991172717,30
queen,phi,uncoupled,flat,150,8.592752585713981,5.850707414163772,9.538608477461338,8.061143565514932,2.2687497910866985,30
queen,phi,uncoupled,flat,151,8.592752585713981,5.850707414163772,9.538608477461338,8.068420693327125,2.2717810410480275,30
queen,phi,uncoupled,flat,152,8.592752585713981,5.850707414163772,9.538608477461338,8.090433216261603,2.2634282589739834,30
queen,phi,uncoupled,flat,153,8.592752585713981,5.850707414163772,9.538608477461338,8.093174744545175,2.26555988873146,30
queen,phi,uncoupled,flat,154,8.64677347096295,5.850707414163772,9.721164022450104,8.119316648068176,2.2818785444140683,30
queen,phi,uncoupled,flat,155,8.64677347096295,5.850707414163772,9.803727264110002,8.178770147366619,2.3204964861252577,30
queen,phi,uncoupled,flat,156,8.64677347096295,5.850707414163772,9.810940892635497,8.183587022647831,2.315764146062973,30
queen,phi,uncoupled,flat,157,8.64677347096295,5.850707414163772,9.86288002836901,8.190073541166448,2.3189207321286336,30
queen,phi,uncoupled,flat,158,8.64677347096295,5.88714239764452,9.86288002836901,8.205179575781965,2.3195008857346453,30
queen,phi,uncoupled,flat,159,8.64677347096295,5.88714239764452,9.927508938048458,8.219248603461766,2.330630846331794,30
queen,phi,uncoupled,flat,160,8.657588603030844,5.88714239764452,9.956600961882705,8.240375977583613,2.3412008698748443,30
queen,phi,uncoupled,flat,161,8.668963412869317,5.88714239764452,9.956600961882705,8.25714315888515,2.340354452896011,30
queen,phi,uncoupled,flat,162,8.730024707413648,5.935958031864316,10.146507339510757,8.293680265002608,2.3480378890513633,30
queen,phi,uncoupled,flat,163,8.730024707413648,5.935958031864316,10.146507339510757,8.296161179218286,2.344910779502213,30
queen,phi,uncoupled,flat,164,8.730024707413648,5.935958031864316,10.18770770318358,8.317107988168285,2.35364635576827,30
queen,phi,uncoupled,flat,165,8.730024707413648,5.974620552331484,10.223058406154415,8.3313978737036,2.358397651214747,30
queen,phi,uncoupled,flat,166,8.730024707413648,5.974620552331484,10.223058406154415,8.345246335516988,2.3633506303638168,30
queen,phi,uncoupled,flat,167,8.730024707413648,5.974620552331484,10.223058406154415,8.359347368411326,2.368559875238758,30
queen,phi,uncoupled,flat,168,8.771101565163976,5.974620552331484,10.223058406154415,8.366963063859307,2.3643972536412696,30
queen,phi,uncoupled,flat,169,8.771101565163976,5.974620552331484,10.223058406154415,8.37879798256697,2.3743241193706566,30
queen,phi,uncoupled,flat,170,8.771101565163976,5.974620552331484,10.223058406154415,8.379980405781302,2.3738344603169685,30
queen,phi,uncoupled,flat,171,8.771101565163976,5.974620552331484,10.2662435734118,8.397075890971491,2.37420514643797,30
queen,phi,uncoupled,flat,172,8.771101565163976,5.974620552331484,10.2662435734118,8.402048737780458,2.3735443755907286,30
queen,phi,uncoupled,flat,173,8.807750554581027,5.974620552331484,10.309108769838861,8.423828614268212,2.389716913006086,30
queen,phi,uncoupled,flat,174,8.807750554581027,5.974620552331484,10.309108769838861,8.449914170283261,2.405488743761891,30
queen,phi,uncoupled,flat,175,8.807750554581027,5.974620552331484,10.309108769838861,8.456228248113558,2.403134355696698,30
queen,phi,uncoupled,flat,176,8.808678106738231,5.974620552331484,10.384569788909108,8.47289699071542,2.40178007637516,30
queen,phi,uncoupled,flat,177,8.838263203478498,5.974620552331484,10.384569788909108,8.482789644428124,2.3975805171113853,30
queen,phi,uncoupled,flat,178,8.865873291249816,5.974620552331484,10.384569788909108,8.49416722441799,2.403765384270489,30
queen,phi,uncoupled,flat,179,8.873879392257852,5.974620552331484,10.384569788909108,8.509035601584804,2.411111586720932,30
queen,phi,uncoupled,flat,180,8.892221963047561,5.974620552331484,10.384569788909108,8.5137910282233,2.4108954756455536,30
queen,phi,uncoupled,flat,181,8.906027840097199,5.974620552331484,10.485653152563174,8.52864413323859,2.421864525780729,30
queen,phi,uncoupled,flat,182,9.026335599130585,5.974620552331484,10.517780326509266,8.554256276385608,2.437591736827528,30
queen,phi,uncoupled,flat,183,9.026335599130585,6.001321497702561,10.556096197486683,8.563099713775564,2.438231416367129,30
queen,phi,uncoupled,flat,184,9.026335599130585,6.001321497702561,10.556096197486683,8.573829341820415,2.4330318833575904,30
queen,phi,uncoupled,flat,185,9.101209418166412,6.001321497702561,10.556096197486683,8.58950451348931,2.4348094110336596,30
queen,phi,uncoupled,flat,186,9.101209418166412,6.001321497702561,10.631179780636021,8.61058106610875,2.4483403735563556,30
queen,phi,uncoupled,flat,187,9.126093071023346,6.0025134377414275,10.661640149566292,8.622688662323784,2.452160827072887,30
queen,phi,uncoupled,flat,188,9.126093071023346,6.014205618981865,10.661640149566292,8.628291123875702,2.4557797164573802,30
queen,phi,uncoupled,flat,189,9.126093071023346,6.014205618981865,10.746656443753613,8.643754867148878,2.468856080347162,30
queen,phi,uncoupled,flat,190,9.126093071023346,6.019316442445248,10.746656443753613,8.665546160729708,2.461924690312301,30
queen,phi,uncoupled,flat,191,9.126093071023346,6.023762173218412,10.746656443753613,8.672606568373494,2.468895207524957,30
queen,phi,uncoupled,flat,192,9.126093071023346,6.037554146726915,10.766993891919295,8.679294982981043,2.4657489191141657,30
queen,phi,uncoupled,flat,193,9.126093071023346,6.037554146726915,10.766993891919295,8.685141550680486,2.4692932813066637,30
queen,phi,uncoupled,flat,194,9.126093071023346,6.0495655492382285,10.775521198098545,8.70439915950121,2.4817414332684944,30
queen,phi,uncoupled,flat,195,9.126093071023346,6.0495655492382285,10.775521198098545,8.711184955946255,2.490889453949958,30
queen,phi,uncoupled,flat,196,9.126093071023346,6.073422270986762,10.775521198098545,8.71784161393377,2.487494356867268,30
queen,phi,uncoupled,flat,197,9.208775191649387,6.091762144662037,10.775521198098545,8.738959519421638,2.497955146496968,30
queen,phi,uncoupled,flat,198,9.208775191649387,6.109416119271293,10.775521198098545,8.745527139810127,2.4986776239397317,30
queen,phi,uncoupled,flat,199,9.208775191649387,6.109416119271293,10.775521198098545,8.754662640353216,2.4916798236117303,30
queen,phi,uncoupled,flat,200,9.345671512554304,6.116659477025003,10.775521198098545,8.774649776223908,2.4851600568703205,30
queen,phi,uncoupled,flat,201,9.345671512554304,6.122139741155632,10.787919213681825,8.79323491791204,2.497948985837366,30
queen,phi,uncoupled,flat,202,9.345671512554304,6.138879288203334,10.787919213681825,8.801731239927932,2.4976085809860344,30
queen,phi,uncoupled,flat,203,9.345671512554304,6.138879288203334,10.787919213681825,8.803780622195365,2.497312408671239,30
queen,phi,uncoupled,flat,204,9.345671512554304,6.138879288203334,10.787919213681825,8.80956009731046,2.500525120730098,30
queen,phi,uncoupled,flat,205,9.345671512554304,6.138879288203334,10.787919213681825,8.812020252951102,2.4986550778620207,30
queen,phi,uncoupled,flat,206,9.345671512554304,6.172024367607847,10.811680671018882,8.829655589926366,2.5045287428121665,30
queen,phi,uncoupled,flat,207,9.345671512554304,6.172024367607847,10.811680671018882,8.831309364696558,2.506021628486273,30
queen,phi,uncoupled,flat,208,9.345671512554304,6.189624251386045,10.900478015928849,8.840756490430456,2.5079353158162605,30
queen,phi,uncoupled,flat,209,9.345671512554304,6.226519295549242,10.900478015928849,8.846925358214522,2.5019251452127707,30
queen,phi,uncoupled,flat,210,9.38716407148829,6.287099344964018,10.900478015928849,8.861237875393394,2.4959213735813375,30
queen,phi,uncoupled,flat,211,9.38716407148829,6.287099344964018,10.900478015928849,8.861733197827903,2.4953083400031075,30
queen,phi,uncoupled,flat,212,9.38716407148829,6.287099344964018,10.900478015928849,8.865038535914655,2.4974385950384406,30
queen,phi,uncoupled,flat,213,9.38716407148829,6.287099344964018,10.900478015928849,8.869596907320368,2.4987407927184906,30
queen,phi,uncoupled,flat,214,9.38716407148829,6.347689923739571,10.900478015928849,8.876783967054985,2.496998473064911,30
queen,phi,uncoupled,flat,215,9.38716407148829,6.347689923739571,10.900478015928849,8.878383146635448,2.4973607063533727,30
queen,phi,uncoupled,flat,216,9.38716407148829,6.347689923739571,10.900478015928849,8.882488664251225,2.5019637516777635,30
queen,phi,uncoupled,flat,217,9.38716407148829,6.347689923739571,10.960066456637408,8.88513703939383,2.5042415959293596,30
queen,phi,uncoupled,flat,218,9.38716407148829,6.347689923739571,10.960066456637408,8.885370529935221,2.5039702938698083,30
queen,phi,uncoupled,flat,219,9.38716407148829,6.511626663263623,10.960066456637408,8.898005119992828,2.497859927789152,30
queen,phi,uncoupled,flat,220,9.38716407148829,6.511626663263623,10.960066456637408,8.906097058370518,2.4987553048037507,30
queen,phi,uncoupled,flat,221,9.38716407148829,6.511626663263623,10.960066456637408,8.912406158257038,2.503708023113178,30
queen,phi,uncoupled,flat,222,9.38716407148829,6.511626663263623,10.960066456637408,8.915595114209806,2.506016335212152,30
queen,phi,uncoupled,flat,223,9.38716407148829,6.511626663263623,10.960066456637408,8.935746497505788,2.5256575006647415,30
queen,phi,uncoupled,flat,224,9.38716407148829,6.550213124287515,10.995711125212557,8.9418002883062,2.5273142142687277,30
queen,phi,uncoupled,flat,225,9.38716407148829,6.550213124287515,11.00412759279245,8.950422357608764,2.5280001285819695,30
queen,phi,uncoupled,flat,226,9.38716407148829,6.550213124287515,11.00412759279245,8.952466191359326,2.5283187145247354,30
queen,phi,uncoupled,flat,227,9.38716407148829,6.550213124287515,11.00412759279245,8.963621041733314,2.5335736119064958,30
queen,phi,uncoupled,flat,228,9.38716407148829,6.550213124287515,11.004354187392057,8.967680647216152,2.5348241307025154,30
queen,phi,uncoupled,flat,229,9.389429132962684,6.564500026377392,11.004354187392057,8.975802347504205,2.5387446167324845,30
queen,phi,uncoupled,flat,230,9.389429132962684,6.583989096596525,11.037274435170238,8.981019033742895,2.5410489242111187,30
queen,phi,uncoupled,flat,231,9.389429132962684,6.587915905086256,11.059937284438586,8.983986547968163,2.541750431086442,30
queen,phi,uncoupled,flat,232,9.389429132962684,6.587915905086256,11.059937284438586,8.98570405074245,2.5413070867047822,30
queen,phi,uncoupled,flat,233,9.389429132962684,6.587915905086256,11.059937284438586,8.98626358498056,2.54134011596227,30
queen,phi,uncoupled,flat,234,9.389429132962684,6.587915905086256,11.059937284438586,8.991018011877172,2.542557561018967,30
queen,phi,uncoupled,flat,235,9.389429132962684,6.587915905086256,11.059937284438586,8.991599394532415,2.5425540768469417,30
queen,phi,uncoupled,flat,236,9.42684122832098,6.591352849276026,11.059937284438586,9.000239264434928,2.542607335694761,30
queen,phi,uncoupled,flat,237,9.42684122832098,6.591352849276026,11.185401301408127,9.012957499610094,2.5521728741523013,30
queen,phi,uncoupled,flat,238,9.453074693444558,6.601676811052998,11.185401301408127,9.017732287124973,2.5531881860103027,30
queen,phi,uncoupled,flat,239,9.453074693444558,6.601676811052998,11.185401301408127,9.02306835755982,2.5584772028772598,30
queen,phi,uncoupled,flat,240,9.453074693444558,6.601676811052998,11.187062321937562,9.025764431588376,2.5570404656535226,30
queen,phi,uncoupled,flat,241,9.461704454415399,6.632056591189938,11.187062321937562,9.029072999332433,2.5549959083952722,30
queen,phi,uncoupled,flat,242,9.461704454415399,6.634497563080204,11.187062321937562,9.032910760815385,2.5546878757940332,30
queen,phi,uncoupled,flat,243,9.463540616961705,6.634497563080204,11.187062321937562,9.041394120862373,2.5611282426552253,30
queen,phi,uncoupled,flat,244,9.475400141210521,6.639803948710519,11.233881983259769,9.050825238794188,2.567102461732329,30
queen,phi,uncoupled,flat,245,9.484170796423925,6.639803948710519,11.234406028703313,9.052302015887152,2.567004713874284,30
queen,phi,uncoupled,flat,246,9.484170796423925,6.654148416361567,11.234406028703313,9.053678504216858,2.5664902813686825,30
queen,phi,uncoupled,flat,247,9.496576772243154,6.654148416361567,11.23816935307997,9.0591004859096,2.5670001471599555,30
queen,phi,uncoupled,flat,248,9.524749119009801,6.654148416361567,11.24442036539344,9.066287201307306,2.5706937357242885,30
queen,phi,uncoupled,flat,249,9.541475466703321,6.721474698098408,11.253013848015321,9.072368143085397,2.568041660339527,30
queen,phi,uncoupled,flat,250,9.541475466703321,6.721474698098408,11.253754071742545,9.07325967675797,2.5678128373627422,30
queen,phi,uncoupled,flat,251,9.568647562767891,6.721474698098408,11.269192774067886,9.078711469165869,2.5679366957598813,30
queen,phi,uncoupled,flat,252,9.568647562767891,6.721474698098408,11.269255402113012,9.08060257636401,2.5666174748827264,30
queen,phi,uncoupled,flat,253,9.568647562767891,6.721474698098408,11.274626832698708,9.087008619499505,2.569721549522476,30
queen,phi,uncoupled,flat,254,9.568647562767891,6.721474698098408,11.274626832698708,9.090489374775046,2.568561000921155,30
queen,phi,uncoupled,flat,255,9.568647562767891,6.721474698098408,11.275613826806332,9.099739288155048,2.5732722109024384,30
queen,phi,uncoupled,flat,256,9.568647562767891,6.733491925573878,11.275613826806332,9.100279620108578,2.572708330014278,30
queen,phi,uncoupled,flat,257,9.568647562767891,6.773134698689826,11.275613826806332,9.103923654523914,2.571745023426682,30
queen,phi,uncoupled,flat,258,9.568647562767891,6.773134698689826,11.275613826806332,9.107400342112594,2.572902963806417,30
queen,phi,uncoupled,flat,259,9.653919126400396,6.773134698689826,11.282394675444683,9.118006434488644,2.575516151497682,30
queen,phi,uncoupled,flat,260,9.653919126400396,6.773134698689826,11.285454625634685,9.129244382787908,2.581079153665105,30
queen,phi,uncoupled,flat,261,9.66228692578369,6.777797107720299,11.285454625634685,9.131403511866246,2.580320688447394,30
queen,phi,uncoupled,flat,262,9.669346006742016,6.777797107720299,11.285454625634685,9.136629011739311,2.5855861081700686,30
queen,phi,uncoupled,flat,263,9.669346006742016,6.777797107720299,11.292269419902645,9.141777147637164,2.589040859610889,30
queen,phi,uncoupled,flat,264,9.672275215835853,6.777818275354676,11.294807080183324,9.145942588966687,2.589404284051917,30
queen,phi,uncoupled,flat,265,9.672275215835853,6.777818275354676,11.294807080183324,9.14691222091159,2.5887661813071934,30
queen,phi,uncoupled,flat,266,9.680109624061915,6.777955066533021,11.296037172723572,9.147628405902159,2.588960527945839,30
queen,phi,uncoupled,flat,267,9.6927736334571,6.781295092123109,11.296037172723572,9.149323553261885,2.588928722570916,30
queen,phi,uncoupled,flat,268,9.6927736334571,6.794570034211301,11.329185185998337,9.151897914186709,2.5895043119634074,30
queen,phi,uncoupled,flat,269,9.6927736334571,6.794570034211301,11.333772176049616,9.15612341054157,2.5902671742052594,30
queen,phi,uncoupled,flat,270,9.6927736334571,6.794570034211301,11.333772176049616,9.160341933379442,2.5913922741807864,30
queen,phi,uncoupled,flat,271,9.6927736334571,6.794570034211301,11.336221998740221,9.161781906545032,2.591639914386697,30
queen,phi,uncoupled,flat,272,9.6927736334571,6.794570034211301,11.336221998740221,9.163346349962334,2.592046776372352,30
queen,phi,uncoupled,flat,273,9.6927736334571,6.794570034211301,11.336221998740221,9.16434799016285,2.592460450480927,30
queen,phi,uncoupled,flat,274,9.695333314663813,6.794570034211301,11.336221998740221,9.173071295559142,2.5957265254036126,30
queen,phi,uncoupled,flat,275,9.695333314663813,6.794570034211301,11.336880695412688,9.181673488546119,2.6008113522921574,30
queen,phi,uncoupled,flat,276,9.695333314663813,6.794570034211301,11.336880695412688,9.18539906770542,2.6045836739755304,30
queen,phi,uncoupled,flat,277,9.705936330642615,6.796934712072394,11.336880695412688,9.188199220149984,2.6045922712224936,30
queen,phi,uncoupled,flat,278,9.707275389009173,6.796934712072394,11.336880695412688,9.191289200019098,2.603022310269405,30
queen,phi,uncoupled,flat,279,9.720547252806965,6.796934712072394,11.337144829390285,9.192704938721148,2.602978707848028,30
queen,phi,uncoupled,flat,280,9.720547252806965,6.796934712072394,11.347491534629992,9.196463816394278,2.6067967822149893,30
queen,phi,uncoupled,flat,281,9.720547252806965,6.796934712072394,11.35529696053671,9.198178458953217,2.60822688037681,30
queen,phi,uncoupled,flat,282,9.720547252806965,6.80007407740023,11.379517674193085,9.20011620470631,2.6090356985446475,30
queen,phi,uncoupled,flat,283,9.720547252806965,6.80007407740023,11.379517674193085,9.201170782884578,2.6099304799838245,30
queen,phi,uncoupled,flat,284,9.720547252806965,6.800370929944526,11.379517674193085,9.201276590626133,2.6098080230365057,30
queen,phi,uncoupled,flat,285,9.726559027435702,6.800370929944526,11.379517674193085,9.203224507385956,2.610625492210502,30
queen,phi,uncoupled,flat,286,9.726559027435702,6.801005524673486,11.379517674193085,9.203967399736658,2.6109223666117702,30
queen,phi,uncoupled,flat,287,9.732783064328817,6.80971526821784,11.379517674193085,9.20576498045859,2.610060081756215,30
queen,phi,uncoupled,flat,288,9.732783064328817,6.80971526821784,11.379517674193085,9.20736082665199,2.6101067207012516,30
queen,phi,uncoupled,flat,289,9.732783064328817,6.80971526821784,11.38378878647454,9.21181720386138,2.614247936478454,30
queen,phi,uncoupled,flat,290,9.732783064328817,6.80971526821784,11.38378878647454,9.21657605325535,2.6190619325282056,30
queen,phi,uncoupled,flat,291,9.734759892635466,6.813459465308247,11.38378878647454,9.21994038318087,2.6209569995690316,30
queen,phi,uncoupled,flat,292,9.739113423520944,6.813459465308247,11.38378878647454,9.221614634406125,2.6213941558235985,30
queen,phi,uncoupled,flat,293,9.747421067307048,6.813459465308247,11.384649105630134,9.226500909930529,2.6233270101626833,30
queen,phi,uncoupled,flat,294,9.760803112138499,6.813459465308247,11.384649105630134,9.228434044700817,2.623626200429561,30
queen,phi,uncoupled,flat,295,9.76745809322593,6.813569878651269,11.387671445942754,9.231433465077238,2.62658507289892,30
queen,phi,uncoupled,flat,296,9.76745809322593,6.815348219428738,11.387671445942754,9.236585286397517,2.6280291807079927,30
queen,phi,uncoupled,flat,297,9.76745809322593,6.815348219428738,11.387671445942754,9.237081346905276,2.628001489980604,30
queen,phi,uncoupled,flat,298,9.785988093572787,6.815348219428738,11.387671445942754,9.238631453527551,2.6284450594550934,30
queen,phi,uncoupled,flat,299,9.785988093572787,6.825039746332654,11.387671445942754,9.23926419637663,2.628023440017264,30
queen,phi,uncoupled,flat,300,9.785988093572787,6.829402018763556,11.387671445942754,9.24161496573911,2.6294716747538924,30
queen,phi,uncoupled,rugged,1,1.3556,1.1185,1.6664,1.4006,0.4058,30
queen,phi,uncoupled,rugged,2,1.6101,1.3656,1.9053,1.6323,0.3701,30
queen,phi,uncoupled,rugged,3,1.9286,1.6668,2.1877,1.9054,0.3973,30
queen,phi,uncoupled,rugged,4,2.1188,1.8312,2.4222,2.1706,0.5071,30
queen,phi,uncoupled,rugged,5,2.1469,1.9202,2.4222,2.2238,0.5837,30
queen,phi,uncoupled,rugged,6,2.3228,2.031,2.5627,2.3707,0.5564,30
queen,phi,uncoupled,rugged,7,2.4255,2.0908,2.6861,2.4332,0.5435,30
queen,phi,uncoupled,rugged,8,2.4705,2.2091,2.7521,2.4873,0.5345,30
queen,phi,uncoupled,rugged,9,2.5386,2.2091,2.7883,2.544,0.5383,30
queen,phi,uncoupled,rugged,10,2.598,2.4864,2.9146,2.6997,0.4665,30
queen,phi,uncoupled,rugged,11,2.782,2.5185,3.1195,2.8489,0.5238,30
queen,phi,uncoupled,rugged,12,2.8032,2.5588,3.1359,2.9035,0.5214,30
queen,phi,uncoupled,rugged,13,2.8416,2.58,3.1401,3.0093,0.6027,30
queen,phi,uncoupled,rugged,14,2.9376,2.6251,3.1596,3.0478,0.5985,30
queen,phi,uncoupled,rugged,15,3.0569,2.6736,3.3973,3.1631,0.608,30
queen,phi,uncoupled,rugged,16,3.0926,2.8355,3.5807,3.2366,0.5775,30
queen,phi,uncoupled,rugged,17,3.1532,2.8355,3.8282,3.3259,0.6131,30
queen,phi,uncoupled,rugged,18,3.1532,2.9501,3.8748,3.3574,0.6032,30
queen,phi,uncoupled,rugged,19,3.2811,3.043,3.9187,3.4306,0.579,30
queen,phi,uncoupled,rugged,20,3.2811,3.043,3.9187,3.4329,0.5813,30
queen,phi,uncoupled,rugged,21,3.3656,3.0805,3.9187,3.4642,0.5612,30
queen,phi,uncoupled,rugged,22,3.4958,3.0982,3.9897,3.5738,0.6864,30
queen,phi,uncoupled,rugged,23,3.5603,3.1101,3.9897,3.6116,0.6795,30
queen,phi,uncoupled,rugged,24,3.5603,3.1101,3.9897,3.6116,0.6795,30
queen,phi,uncoupled,rugged,25,3.5603,3.1469,4.0107,3.6736,0.6904,30
queen,phi,uncoupled,rugged,26,3.5611,3.1469,4.0107,3.6835,0.6864,30
queen,phi,uncoupled,rugged,27,3.6304,3.1469,4.0107,3.707,0.716,30
queen,phi,uncoupled,rugged,28,3.6304,3.1697,4.0163,3.7717,0.7537,30
queen,phi,uncoupled,rugged,29,3.6415,3.3015,4.3095,3.8781,0.8043,30
queen,phi,uncoupled,rugged,30,3.6415,3.3066,4.3095,3.8783,0.8042,30
queen,phi,uncoupled,rugged,31,3.7196,3.3066,4.4,3.9086,0.8038,30
queen,phi,uncoupled,rugged,32,3.917,3.3724,4.4701,4.0588,0.8508,30
queen,phi,uncoupled,rugged,33,3.917,3.4212,4.4701,4.0845,0.8235,30
queen,phi,uncoupled,rugged,34,3.9709,3.7061,4.4701,4.1263,0.7921,30
queen,phi,uncoupled,rugged,35,3.9709,3.7061,4.6768,4.1903,0.8307,30
queen,phi,uncoupled,rugged,36,4.1556,3.7188,4.9394,4.2722,0.8587,30
queen,phi,uncoupled,rugged,37,4.1556,3.7188,5.0288,4.2987,0.8512,30
queen,phi,uncoupled,rugged,38,4.1556,3.7188,5.1418,4.3273,0.8683,30
queen,phi,uncoupled,rugged,39,4.1952,3.725,5.1418,4.3449,0.8579,30
queen,phi,uncoupled,rugged,40,4.3914,3.7798,5.3008,4.4777,0.8682,30
queen,phi,uncoupled,rugged,41,4.4143,3.7798,5.3619,4.5321,0.8885,30
queen,phi,uncoupled,rugged,42,4.4143,3.8691,5.3619,4.5463,0.8718,30
queen,phi,uncoupled,rugged,43,4.4143,3.9393,5.3619,4.5696,0.8512,30
queen,phi,uncoupled,rugged,44,4.4465,3.9422,5.3619,4.5825,0.848,30
queen,phi,uncoupled,rugged,45,4.4468,3.9422,5.3619,4.5951,0.8422,30
queen,phi,uncoupled,rugged,46,4.4468,3.9422,5.3619,4.62,0.8774,30
queen,phi,uncoupled,rugged,47,4.5262,3.9422,5.3699,4.7198,0.9407,30
queen,phi,uncoupled,rugged,48,4.6094,3.9422,5.4093,4.7891,0.9935,30
queen,phi,uncoupled,rugged,49,4.743,3.9422,5.4093,4.8119,1.0033,30
queen,phi,uncoupled,rugged,50,4.7479,3.9422,5.4815,4.8368,1.0112,30
queen,phi,uncoupled,rugged,51,4.7865,3.9422,5.4815,4.888,1.0688,30
queen,phi,uncoupled,rugged,52,4.7865,3.9422,5.4815,4.888,1.0688,30
queen,phi,uncoupled,rugged,53,4.7865,3.9512,5.4815,4.9239,1.0836,30
queen,phi,uncoupled,rugged,54,4.9558,4.0357,5.6131,5.0296,1.1233,30
queen,phi,uncoupled,rugged,55,4.9558,4.0357,5.6131,5.0388,1.1239,30
queen,phi,uncoupled,rugged,56,4.9897,4.0924,6.0716,5.1108,1.1573,30
queen,phi,uncoupled,rugged,57,5.1429,4.1449,6.32,5.2115,1.2063,30
queen,phi,uncoupled,rugged,58,5.1429,4.236,6.388,5.2272,1.2003,30
queen,phi,uncoupled,rugged,59,5.2136,4.4029,6.4416,5.3171,1.1676,30
queen,phi,uncoupled,rugged,60,5.2136,4.4029,6.4416,5.3261,1.1808,30
queen,phi,uncoupled,rugged,61,5.4066,4.4029,6.6291,5.3989,1.2375,30
queen,phi,uncoupled,rugged,62,5.5781,4.4029,6.7255,5.5037,1.2709,30
queen,phi,uncoupled,rugged,63,5.6247,4.4029,6.7255,5.5364,1.2861,30
queen,phi,uncoupled,rugged,64,5.6247,4.4029,6.7255,5.5826,1.3565,30
queen,phi,uncoupled,rugged,65,5.6247,4.4066,6.7255,5.638,1.3634,30
queen,phi,uncoupled,rugged,66,5.6247,4.4066,6.7255,5.6421,1.3602,30
queen,phi,uncoupled,rugged,67,5.672,4.4066,6.7255,5.667,1.3569,30
queen,phi,uncoupled,rugged,68,5.672,4.4066,6.7255,5.6738,1.3577,30
queen,phi,uncoupled,rugged,69,5.672,4.4066,6.7255,5.6795,1.3516,30
queen,phi,uncoupled,rugged,70,5.672,4.4066,6.7255,5.6962,1.3316,30
queen,phi,uncoupled,rugged,71,5.672,4.4367,6.7255,5.7118,1.3174,30
queen,phi,uncoupled,rugged,72,5.672,4.4669,6.7255,5.7246,1.3052,30
queen,phi,uncoupled,rugged,73,5.672,4.4994,6.7255,5.7601,1.3375,30
queen,phi,uncoupled,rugged,74,5.927,4.5045,6.7255,5.7991,1.3334,30
queen,phi,uncoupled,rugged,75,5.927,4.5045,6.7255,5.8086,1.3286,30
queen,phi,uncoupled,rugged,76,5.927,4.5045,6.7255,5.8327,1.3501,30
queen,phi,uncoupled,rugged,77,5.927,4.5123,6.7255,5.8474,1.3365,30
queen,phi,uncoupled,rugged,78,5.927,4.6261,6.7255,5.856,1.3273,30
queen,phi,uncoupled,rugged,79,5.9797,4.6261,6.8014,5.9021,1.366,30
queen,phi,uncoupled,rugged,80,5.9797,4.6261,6.8014,5.9172,1.3896,30
queen,phi,uncoupled,rugged,81,6.2127,4.6261,6.8014,5.9519,1.4115,30
queen,phi,uncoupled,rugged,82,6.2127,4.7061,6.8014,5.9751,1.4005,30
queen,phi,uncoupled,rugged,83,6.2776,4.7061,6.8014,6.0123,1.4124,30
queen,phi,uncoupled,rugged,84,6.2852,4.7191,6.8014,6.0251,1.403,30
queen,phi,uncoupled,rugged,85,6.2852,4.7191,6.9641,6.0462,1.4077,30
queen,phi,uncoupled,rugged,86,6.4025,4.9204,6.9641,6.0725,1.3964,30
queen,phi,uncoupled,rugged,87,6.4253,4.94,6.9641,6.0792,1.3947,30
queen,phi,uncoupled,rugged,88,6.4253,4.94,6.9917,6.0867,1.3988,30
queen,phi,uncoupled,rugged,89,6.5435,4.94,6.9996,6.1209,1.3879,30
queen,phi,uncoupled,rugged,90,6.5435,4.94,6.9996,6.1463,1.3788,30
queen,phi,uncoupled,rugged,91,6.5435,4.942,6.9996,6.1466,1.3786,30
queen,phi,uncoupled,rugged,92,6.6103,5.1343,7.0664,6.2031,1.3596,30
queen,phi,uncoupled,rugged,93,6.6103,5.1343,7.0664,6.2171,1.3667,30
queen,phi,uncoupled,rugged,94,6.6103,5.2155,7.0664,6.2336,1.3567,30
queen,phi,uncoupled,rugged,95,6.6103,5.2559,7.1521,6.2551,1.3565,30
queen,phi,uncoupled,rugged,96,6.6103,5.3098,7.1521,6.2614,1.3573,30
queen,phi,uncoupled,rugged,97,6.676,5.3098,7.1521,6.2934,1.3836,30
queen,phi,uncoupled,rugged,98,6.676,5.3098,7.1521,6.3055,1.388,30
queen,phi,uncoupled,rugged,99,6.7161,5.3098,7.1547,6.3312,1.3881,30
queen,phi,uncoupled,rugged,100,6.7161,5.3098,7.1547,6.3513,1.4033,30
queen,phi,uncoupled,rugged,101,6.7161,5.3859,7.188,6.3654,1.4051,30
queen,phi,uncoupled,rugged,102,6.723,5.3859,7.2015,6.3717,1.4072,30
queen,phi,uncoupled,rugged,103,6.723,5.3859,7.2015,6.3797,1.4133,30
queen,phi,uncoupled,rugged,104,6.7492,5.3859,7.2848,6.4171,1.4131,30
queen,phi,uncoupled,rugged,105,6.754,5.395,7.2848,6.4367,1.412,30
queen,phi,uncoupled,rugged,106,6.8917,5.3982,7.3226,6.4674,1.4224,30
queen,phi,uncoupled,rugged,107,6.8917,5.3982,7.3226,6.4697,1.4235,30
queen,phi,uncoupled,rugged,108,6.8917,5.3982,7.3226,6.5003,1.4125,30
queen,phi,uncoupled,rugged,109,6.8917,5.3982,7.3675,6.5166,1.4062,30
queen,phi,uncoupled,rugged,110,6.9408,5.4124,7.4839,6.5462,1.4116,30
queen,phi,uncoupled,rugged,111,6.9408,5.4124,7.4839,6.5485,1.408,30
queen,phi,uncoupled,rugged,112,6.9408,5.4308,7.4839,6.5612,1.4081,30
queen,phi,uncoupled,rugged,113,6.9408,5.4476,7.5241,6.5883,1.4043,30
queen,phi,uncoupled,rugged,114,6.9408,5.4476,7.5241,6.5965,1.4064,30
queen,phi,uncoupled,rugged,115,6.9676,5.4476,7.5641,6.6071,1.4137,30
queen,phi,uncoupled,rugged,116,6.9676,5.4476,7.5784,6.6177,1.4145,30
queen,phi,uncoupled,rugged,117,6.9676,5.486,7.673,6.6405,1.4112,30
queen,phi,uncoupled,rugged,118,6.9676,5.486,7.673,6.6608,1.4047,30
queen,phi,uncoupled,rugged,119,6.9722,5.486,7.7308,6.6765,1.4123,30
queen,phi,uncoupled,rugged,120,7.0318,5.486,7.7308,6.6977,1.4154,30
queen,phi,uncoupled,rugged,121,7.1422,5.486,7.7308,6.7075,1.4151,30
queen,phi,uncoupled,rugged,122,7.1422,5.4929,7.7308,6.7144,1.415,30
queen,phi,uncoupled,rugged,123,7.1422,5.4989,7.7363,6.7175,1.4162,30
queen,phi,uncoupled,rugged,124,7.1422,5.541,7.8421,6.7495,1.425,30
queen,phi,uncoupled,rugged,125,7.1853,5.541,7.8421,6.7559,1.4271,30
queen,phi,uncoupled,rugged,126,7.1853,5.5504,7.8421,6.7625,1.4242,30
queen,phi,uncoupled,rugged,127,7.2259,5.5504,7.867,6.7966,1.4298,30
queen,phi,uncoupled,rugged,128,7.2296,5.572,7.9086,6.8114,1.4339,30
queen,phi,uncoupled,rugged,129,7.2417,5.572,7.9086,6.8266,1.4397,30
queen,phi,uncoupled,rugged,130,7.3178,5.5764,7.9086,6.8767,1.4554,30
queen,phi,uncoupled,rugged,131,7.3178,5.5764,7.917,6.9054,1.4721,30
queen,phi,uncoupled,rugged,132,7.3233,5.6503,7.917,6.91,1.468,30
queen,phi,uncoupled,rugged,133,7.3233,5.6503,7.944,6.9165,1.4747,30
queen,phi,uncoupled,rugged,134,7.3233,5.6503,7.944,6.9242,1.4814,30
queen,phi,uncoupled,rugged,135,7.3233,5.6503,7.944,6.9244,1.4816,30
queen,phi,uncoupled,rugged,136,7.3233,5.6503,7.944,6.9321,1.4798,30
queen,phi,uncoupled,rugged,137,7.3233,5.6503,7.944,6.9324,1.4801,30
queen,phi,uncoupled,rugged,138,7.3233,5.7168,7.9653,6.9418,1.4698,30
queen,phi,uncoupled,rugged,139,7.3233,5.7168,8.0878,6.9591,1.4808,30
queen,phi,uncoupled,rugged,140,7.3233,5.725,8.0878,6.9737,1.4775,30
queen,phi,uncoupled,rugged,141,7.3542,5.725,8.0878,6.9758,1.478,30
queen,phi,uncoupled,rugged,142,7.3542,5.7277,8.1018,6.985,1.4834,30
queen,phi,uncoupled,rugged,143,7.3542,5.7277,8.1018,6.9871,1.4845,30
queen,phi,uncoupled,rugged,144,7.4013,5.7352,8.1018,6.9944,1.4807,30
queen,phi,uncoupled,rugged,145,7.411,5.7352,8.1018,7.017,1.4988,30
queen,phi,uncoupled,rugged,146,7.411,5.7352,8.1018,7.023,1.4983,30
queen,phi,uncoupled,rugged,147,7.411,5.7352,8.1018,7.0338,1.5017,30
queen,phi,uncoupled,rugged,148,7.411,5.7769,8.1205,7.0458,1.5021,30
queen,phi,uncoupled,rugged,149,7.411,5.7769,8.1205,7.0468,1.5003,30
queen,phi,uncoupled,rugged,150,7.411,5.9481,8.147,7.0557,1.4947,30
queen,phi,uncoupled,rugged,151,7.4318,5.9574,8.264,7.0777,1.504,30
queen,phi,uncoupled,rugged,152,7.4318,5.9574,8.264,7.0798,1.5005,30
queen,phi,uncoupled,rugged,153,7.4318,5.9574,8.264,7.0807,1.5013,30
queen,phi,uncoupled,rugged,154,7.4672,5.9574,8.2696,7.0849,1.5034,30
queen,phi,uncoupled,rugged,155,7.4672,5.9574,8.2696,7.0849,1.5034,30
queen,phi,uncoupled,rugged,156,7.4686,6.1205,8.2696,7.1623,1.5138,30
queen,phi,uncoupled,rugged,157,7.5307,6.1205,8.2696,7.1952,1.4827,30
queen,phi,uncoupled,rugged,158,7.6202,6.2191,8.2696,7.2071,1.4786,30
queen,phi,uncoupled,rugged,159,7.6695,6.2191,8.2696,7.2209,1.4884,30
queen,phi,uncoupled,rugged,160,7.6695,6.2191,8.2696,7.2212,1.4879,30
queen,phi,uncoupled,rugged,161,7.6695,6.2191,8.2696,7.2222,1.4862,30
queen,phi,uncoupled,rugged,162,7.6695,6.2191,8.2696,7.2263,1.4893,30
queen,phi,uncoupled,rugged,163,7.6695,6.2191,8.2696,7.2263,1.4893,30
queen,phi,uncoupled,rugged,164,7.6695,6.2191,8.2696,7.2289,1.4933,30
queen,phi,uncoupled,rugged,165,7.75,6.2191,8.2696,7.2474,1.4995,30
queen,phi,uncoupled,rugged,166,7.75,6.2191,8.4034,7.2638,1.5118,30
queen,phi,uncoupled,rugged,167,7.75,6.269,8.4034,7.2872,1.493,30
queen,phi,uncoupled,rugged,168,7.75,6.269,8.4269,7.2883,1.4938,30
queen,phi,uncoupled,rugged,169,7.75,6.269,8.4269,7.2895,1.4953,30
queen,phi,uncoupled,rugged,170,7.75,6.269,8.4269,7.2957,1.5038,30
queen,phi,uncoupled,rugged,171,7.75,6.269,8.4269,7.2972,1.5049,30
queen,phi,uncoupled,rugged,172,7.75,6.269,8.4269,7.2975,1.5046,30
queen,phi,uncoupled,rugged,173,7.75,6.269,8.4269,7.2978,1.5041,30
queen,phi,uncoupled,rugged,174,7.75,6.269,8.4269,7.2982,1.504,30
queen,phi,uncoupled,rugged,175,7.75,6.269,8.4269,7.3009,1.5057,30
queen,phi,uncoupled,rugged,176,7.75,6.269,8.4269,7.3009,1.5056,30
queen,phi,uncoupled,rugged,177,7.75,6.269,8.4269,7.3053,1.5048,30
queen,phi,uncoupled,rugged,178,7.75,6.269,8.4269,7.3095,1.5049,30
queen,phi,uncoupled,rugged,179,7.75,6.269,8.4269,7.3171,1.5169,30
queen,phi,uncoupled,rugged,180,7.75,6.269,8.4269,7.322,1.5194,30
queen,phi,uncoupled,rugged,181,7.75,6.269,8.4364,7.3236,1.5202,30
queen,phi,uncoupled,rugged,182,7.75,6.269,8.4364,7.3445,1.4925,30
queen,phi,uncoupled,rugged,183,7.75,6.269,8.4364,7.3462,1.491,30
queen,phi,uncoupled,rugged,184,7.75,6.269,8.4489,7.3487,1.4931,30
queen,phi,uncoupled,rugged,185,7.75,6.269,8.4489,7.3523,1.4927,30
queen,phi,uncoupled,rugged,186,7.75,6.269,8.4489,7.3557,1.4888,30
queen,phi,uncoupled,rugged,187,7.75,6.269,8.4489,7.3571,1.4896,30
queen,phi,uncoupled,rugged,188,7.75,6.269,8.4489,7.3599,1.4865,30
queen,phi,uncoupled,rugged,189,7.75,6.269,8.4525,7.3667,1.4874,30
queen,phi,uncoupled,rugged,190,7.75,6.269,8.4525,7.3709,1.4873,30
queen,phi,uncoupled,rugged,191,7.75,6.3481,8.4525,7.4033,1.4684,30
queen,phi,uncoupled,rugged,192,7.75,6.3481,8.4525,7.4033,1.4684,30
queen,phi,uncoupled,rugged,193,7.75,6.3481,8.4525,7.406,1.4693,30
queen,phi,uncoupled,rugged,194,7.7674,6.3481,8.4525,7.4352,1.4633,30
queen,phi,uncoupled,rugged,195,7.7674,6.3481,8.4525,7.4401,1.4671,30
queen,phi,uncoupled,rugged,196,7.7674,6.3481,8.4525,7.4405,1.4667,30
queen,phi,uncoupled,rugged,197,7.7939,6.3481,8.4525,7.4437,1.4675,30
queen,phi,uncoupled,rugged,198,7.7939,6.3481,8.4525,7.4437,1.4675,30
queen,phi,uncoupled,rugged,199,7.7939,6.4246,8.4525,7.4496,1.4633,30
queen,phi,uncoupled,rugged,200,7.7939,6.4246,8.4544,7.464,1.4715,30
queen,phi,uncoupled,rugged,201,7.7939,6.4246,8.4544,7.464,1.4715,30
queen,phi,uncoupled,rugged,202,7.7939,6.4783,8.4544,7.4734,1.4646,30
queen,phi,uncoupled,rugged,203,7.7939,6.4783,8.4544,7.4734,1.4646,30
queen,phi,uncoupled,rugged,204,7.7939,6.4783,8.4544,7.4734,1.4646,30
queen,phi,uncoupled,rugged,205,7.7939,6.4783,8.4544,7.4767,1.4676,30
queen,phi,uncoupled,rugged,206,7.7939,6.4783,8.4544,7.477,1.4678,30
queen,phi,uncoupled,rugged,207,7.7939,6.4783,8.4544,7.4787,1.4683,30
queen,phi,uncoupled,rugged,208,7.7939,6.4783,8.4544,7.4791,1.4685,30
queen,phi,uncoupled,rugged,209,7.7939,6.4783,8.4544,7.481,1.4675,30
queen,phi,uncoupled,rugged,210,7.7939,6.4783,8.4648,7.4857,1.4693,30
queen,phi,uncoupled,rugged,211,7.7939,6.4783,8.4648,7.4857,1.4693,30
queen,phi,uncoupled,rugged,212,7.8282,6.4783,8.5134,7.4909,1.4718,30
queen,phi,uncoupled,rugged,213,7.8282,6.4783,8.5134,7.4938,1.4692,30
queen,phi,uncoupled,rugged,214,7.8562,6.4783,8.5134,7.5014,1.4705,30
queen,phi,uncoupled,rugged,215,7.8562,6.4783,8.5134,7.5103,1.4751,30
queen,phi,uncoupled,rugged,216,7.8562,6.4783,8.5134,7.5103,1.4751,30
queen,phi,uncoupled,rugged,217,7.8562,6.4783,8.5134,7.5232,1.4782,30
queen,phi,uncoupled,rugged,218,7.8562,6.4783,8.5134,7.5248,1.478,30
queen,phi,uncoupled,rugged,219,7.8562,6.4783,8.5134,7.5354,1.4812,30
queen,phi,uncoupled,rugged,220,7.8562,6.4783,8.5134,7.5375,1.4812,30
queen,phi,uncoupled,rugged,221,7.91,6.4783,8.5255,7.5427,1.4832,30
queen,phi,uncoupled,rugged,222,7.91,6.4783,8.5255,7.5454,1.4864,30
queen,phi,uncoupled,rugged,223,7.91,6.5961,8.5255,7.5548,1.479,30
queen,phi,uncoupled,rugged,224,7.9104,6.5961,8.5255,7.5616,1.4796,30
queen,phi,uncoupled,rugged,225,7.9248,6.5961,8.5255,7.5629,1.4804,30
queen,phi,uncoupled,rugged,226,7.9497,6.5961,8.5255,7.5754,1.4866,30
queen,phi,uncoupled,rugged,227,7.9497,6.5961,8.5255,7.5769,1.4875,30
queen,phi,uncoupled,rugged,228,7.9497,6.5961,8.5255,7.5769,1.4875,30
queen,phi,uncoupled,rugged,229,7.9497,6.5961,8.5255,7.5778,1.4858,30
queen,phi,uncoupled,rugged,230,7.9497,6.5961,8.5255,7.5779,1.4858,30
queen,phi,uncoupled,rugged,231,7.9497,6.5961,8.5255,7.5779,1.4858,30
queen,phi,uncoupled,rugged,232,7.9497,6.5961,8.5255,7.578,1.4856,30
queen,phi,uncoupled,rugged,233,7.9497,6.5961,8.5255,7.5789,1.4843,30
queen,phi,uncoupled,rugged,234,7.9497,6.5961,8.5255,7.5789,1.4843,30
queen,phi,uncoupled,rugged,235,7.9497,6.5961,8.5255,7.5789,1.4843,30
queen,phi,uncoupled,rugged,236,7.9497,6.5961,8.5255,7.5789,1.4843,30
queen,phi,uncoupled,rugged,237,7.9497,6.5961,8.5255,7.5789,1.4843,30
queen,phi,uncoupled,rugged,238,7.9497,6.5961,8.5255,7.5807,1.4854,30
queen,phi,uncoupled,rugged,239,7.9703,6.5961,8.5255,7.5835,1.4869,30
queen,phi,uncoupled,rugged,240,7.9739,6.5961,8.5255,7.5924,1.4859,30
queen,phi,uncoupled,rugged,241,7.9739,6.5961,8.5255,7.5941,1.4855,30
queen,phi,uncoupled,rugged,242,7.9739,6.5961,8.5255,7.5941,1.4855,30
queen,phi,uncoupled,rugged,243,7.9739,6.5961,8.5651,7.5995,1.4822,30
queen,phi,uncoupled,rugged,244,7.9739,6.5961,8.5651,7.6023,1.482,30
queen,phi,uncoupled,rugged,245,8.0428,6.5961,8.5651,7.6136,1.484,30
queen,phi,uncoupled,rugged,246,8.0428,6.5961,8.5651,7.6146,1.4826,30
queen,phi,uncoupled,rugged,247,8.078,6.5961,8.5915,7.6279,1.4863,30
queen,phi,uncoupled,rugged,248,8.078,6.5961,8.5915,7.6279,1.4863,30
queen,phi,uncoupled,rugged,249,8.078,6.5961,8.5915,7.6279,1.4863,30
queen,phi,uncoupled,rugged,250,8.078,6.6446,8.5915,7.6342,1.4815,30
queen,phi,uncoupled,rugged,251,8.078,6.6446,8.5915,7.6354,1.4822,30
queen,phi,uncoupled,rugged,252,8.078,6.6446,8.5915,7.6384,1.482,30
queen,phi,uncoupled,rugged,253,8.078,6.6446,8.6008,7.6409,1.4834,30
queen,phi,uncoupled,rugged,254,8.078,6.6446,8.6008,7.6409,1.4834,30
queen,phi,uncoupled,rugged,255,8.078,6.6446,8.6008,7.6409,1.4834,30
queen,phi,uncoupled,rugged,256,8.078,6.6446,8.6008,7.6409,1.4834,30
queen,phi,uncoupled,rugged,257,8.078,6.6446,8.6008,7.6422,1.4832,30
queen,phi,uncoupled,rugged,258,8.078,6.6446,8.6008,7.6434,1.4845,30
queen,phi,uncoupled,rugged,259,8.078,6.6446,8.6632,7.6525,1.4939,30
queen,phi,uncoupled,rugged,260,8.078,6.6446,8.6632,7.6525,1.4939,30
queen,phi,uncoupled,rugged,261,8.078,6.6446,8.6632,7.6729,1.514,30
queen,phi,uncoupled,rugged,262,8.078,6.6446,8.6632,7.6729,1.514,30
queen,phi,uncoupled,rugged,263,8.078,6.6446,8.6632,7.6737,1.5129,30
queen,phi,uncoupled,rugged,264,8.078,6.6446,8.6632,7.6737,1.5129,30
queen,phi,uncoupled,rugged,265,8.078,6.6446,8.6632,7.6737,1.5129,30
queen,phi,uncoupled,rugged,266,8.078,6.6446,8.6632,7.6803,1.5211,30
queen,phi,uncoupled,rugged,267,8.078,6.6446,8.6632,7.6805,1.5208,30
queen,phi,uncoupled,rugged,268,8.078,6.6446,8.6632,7.6817,1.5192,30
queen,phi,uncoupled,rugged,269,8.078,6.6446,8.6632,7.6879,1.5289,30
queen,phi,uncoupled,rugged,270,8.078,6.6446,8.6632,7.6906,1.5321,30
queen,phi,uncoupled,rugged,271,8.078,6.6446,8.6632,7.6934,1.5317,30
queen,phi,uncoupled,rugged,272,8.078,6.6446,8.6632,7.6934,1.5317,30
queen,phi,uncoupled,rugged,273,8.078,6.6446,8.6632,7.6934,1.5317,30
queen,phi,uncoupled,rugged,274,8.078,6.6446,8.6632,7.6934,1.5317,30
queen,phi,uncoupled,rugged,275,8.078,6.6446,8.7627,7.7035,1.5373,30
queen,phi,uncoupled,rugged,276,8.078,6.6446,8.7627,7.7035,1.5373,30
queen,phi,uncoupled,rugged,277,8.078,6.6446,8.7627,7.7049,1.5355,30
queen,phi,uncoupled,rugged,278,8.078,6.6446,8.7627,7.7049,1.5355,30
queen,phi,uncoupled,rugged,279,8.078,6.6446,8.7627,7.7051,1.5351,30
queen,phi,uncoupled,rugged,280,8.078,6.6446,8.7627,7.7087,1.5395,30
queen,phi,uncoupled,rugged,281,8.078,6.6446,8.7627,7.7087,1.5395,30
queen,phi,uncoupled,rugged,282,8.078,6.6446,8.7627,7.7087,1.5395,30
queen,phi,uncoupled,rugged,283,8.078,6.6446,8.7627,7.7087,1.5395,30
queen,phi,uncoupled,rugged,284,8.078,6.6446,8.7627,7.7087,1.5394,30
queen,phi,uncoupled,rugged,285,8.078,6.6446,8.7627,7.7087,1.5394,30
queen,phi,uncoupled,rugged,286,8.078,6.6446,8.7627,7.7087,1.5394,30
queen,phi,uncoupled,rugged,287,8.078,6.6446,8.7627,7.7124,1.5441,30
queen,phi,uncoupled,rugged,288,8.1015,6.6446,8.7627,7.7155,1.5418,30
queen,phi,uncoupled,rugged,289,8.1015,6.6446,8.8209,7.72,1.545,30
queen,phi,uncoupled,rugged,290,8.1015,6.6446,8.8209,7.7241,1.5446,30
queen,phi,uncoupled,rugged,291,8.1015,6.6446,8.8209,7.7241,1.5446,30
queen,phi,uncoupled,rugged,292,8.1015,6.6446,8.8209,7.7241,1.5446,30
queen,phi,uncoupled,rugged,293,8.1015,6.6446,8.8209,7.7241,1.5446,30
queen,phi,uncoupled,rugged,294,8.1015,6.6446,8.8209,7.7241,1.5446,30
queen,phi,uncoupled,rugged,295,8.1015,6.6446,8.8209,7.7241,1.5446,30
queen,phi,uncoupled,rugged,296,8.1015,6.6446,8.8209,7.7241,1.5446,30
queen,phi,uncoupled,rugged,297,8.1015,6.6446,8.8209,7.7241,1.5446,30
queen,phi,uncoupled,rugged,298,8.1015,6.6446,8.8209,7.7242,1.5446,30
queen,phi,uncoupled,rugged,299,8.1015,6.6446,8.8209,7.7246,1.5439,30
queen,phi,uncoupled,rugged,300,8.1015,6.6446,8.8209,7.7249,1.5432,30
spider,base,blf,flat,1,1.9049769777027135,1.53009314836204,2.400800400670736,2.0468028418626947,0.6883792086464703,30
spider,base,blf,flat,2,2.379581293151057,1.9142126812463642,2.977085117211417,2.5720757557877123,0.7986697593957226,30
spider,base,blf,flat,3,2.9043503183025363,2.3605524935325377,3.205202742749651,2.869305445514206,0.7321911553205097,30
spider,base,blf,flat,4,2.9793317248669564,2.589477526695848,3.4651270449631055,3.0569122150509425,0.6892476234196417,30
spider,base,blf,flat,5,3.159279868077578,2.6834009020211695,3.5741956622853657,3.2375185093421233,0.7595295790951384,30
spider,base,blf,flat,6,3.236211187181187,2.9980394115138607,3.5809356286073264,3.3459906491446887,0.6932901395938235,30
spider,base,blf,flat,7,3.2739551445875072,2.9980394115138607,3.657808013895925,3.373747264492916,0.6997478245173001,30
spider,base,blf,flat,8,3.3789801019438404,3.096642226732952,3.7926981731629708,3.477939818530754,0.6664847546977958,30
spider,base,blf,flat,9,3.6162652585156225,3.2634732007065903,3.900760130614375,3.611037312850621,0.6226828944394495,30
spider,base,blf,flat,10,3.747929531559784,3.26940205483441,3.975236161396486,3.687652468161797,0.6441789056726188,30
spider,base,blf,flat,11,3.7833311499548135,3.4194344198629936,4.010952369677726,3.755562731663458,0.6101206865247627,30
spider,base,blf,flat,12,3.8834999971286157,3.476441826771683,4.111759587328171,3.8260875559887912,0.6019268962791393,30
spider,base,blf,flat,13,3.8834999971286157,3.476441826771683,4.111759587328171,3.8422980891971665,0.5640421957244345,30
spider,base,blf,flat,14,3.9277115808606933,3.5074157260327468,4.140271167620431,3.887522892761597,0.5636661851855632,30
spider,base,blf,flat,15,3.9718721595966966,3.5074157260327468,4.2991303032655654,3.956593836627606,0.6162680435105246,30
spider,base,blf,flat,16,3.9718721595966966,3.5074157260327468,4.354859182616247,3.9804947308066194,0.612868384928027,30
spider,base,blf,flat,17,3.9939898611594113,3.6512115005110997,4.449292369290582,4.051691765289698,0.6482300204510651,30
spider,base,blf,flat,18,4.020473288477045,3.7031260875816328,4.449292369290582,4.0991866793605345,0.6135238882866106,30
spider,base,blf,flat,19,4.043196231533335,3.7031260875816328,4.517552414325965,4.172064804596338,0.6279262344534818,30
spider,base,blf,flat,20,4.0919027837770185,3.771394455972289,4.517552414325965,4.213457119794323,0.6020313215687023,30
spider,base,blf,flat,21,4.0919027837770185,3.787770410057508,4.551233022669182,4.230172465351341,0.5981417010127863,30
spider,base,blf,flat,22,4.136507485853258,3.787770410057508,4.661020547594367,4.265230962988891,0.6055250354376579,30
spider,base,blf,flat,23,4.136507485853258,3.787770410057508,4.6911587620163395,4.287131631381838,0.633861051771053,30
spider,base,blf,flat,24,4.136507485853258,3.9496088844443475,4.818593140882573,4.380038421514545,0.6940138489465187,30
spider,base,blf,flat,25,4.185800286804863,3.9496088844443475,4.824209424963752,4.403964758565757,0.7319752194251989,30
spider,base,blf,flat,26,4.402287703902658,4.013578233381916,4.873386603274817,4.478490608021457,0.7355871251280247,30
spider,base,blf,flat,27,4.458452212252361,4.013578233381916,5.04807895595176,4.545901177559614,0.7313949093471115,30
spider,base,blf,flat,28,4.468925929188729,4.05522343620771,5.04807895595176,4.628446399387323,0.7126435538583251,30
spider,base,blf,flat,29,4.500683085716181,4.0570072344676245,5.067547006308253,4.650314765288087,0.7235972164557859,30
spider,base,blf,flat,30,4.663132971880802,4.1461101138942285,5.134977991803514,4.7137418503063815,0.6988667156473716,30
spider,base,blf,flat,31,4.721288696491268,4.149601193412178,5.165505890876389,4.757866100895184,0.7185026329247516,30
spider,base,blf,flat,32,4.721288696491268,4.173196721729008,5.165505890876389,4.787018651166321,0.7066964518303757,30
spider,base,blf,flat,33,4.747465803655855,4.219323348909031,5.421927447275166,4.925198162748766,0.810115167204453,30
spider,base,blf,flat,34,4.844733008060144,4.3302203651711135,5.421927447275166,5.042984689035174,0.8824193498816892,30
spider,base,blf,flat,35,4.844733008060144,4.4944115279258305,5.421927447275166,5.088015954684427,0.8647782649303327,30
spider,base,blf,flat,36,5.014532662234305,4.4944115279258305,5.4635904010222,5.1346291137288045,0.8973310978515596,30
spider,base,blf,flat,37,5.138085941285115,4.537363232535052,5.4635904010222,5.186330909175621,0.8612292243202819,30
spider,base,blf,flat,38,5.178840858788066,4.552260644396031,5.6867907914953,5.249407407624708,0.8325897148403675,30
spider,base,blf,flat,39,5.178840858788066,4.649476265407856,5.831676123866741,5.328518870104907,0.8310015578772462,30
spider,base,blf,flat,40,5.178840858788066,4.672512901911346,5.831676123866741,5.374520268275364,0.8307522582177812,30
spider,base,blf,flat,41,5.178840858788066,4.672512901911346,6.018428705341654,5.433224466327363,0.8817652335540853,30
spider,base,blf,flat,42,5.178840858788066,4.672512901911346,6.029172034535273,5.449691636607306,0.9004326608833778,30
spider,base,blf,flat,43,5.178840858788066,4.672512901911346,6.052672750068235,5.475085854981502,0.9133541132836114,30
spider,base,blf,flat,44,5.1944022752089225,4.672512901911346,6.052672750068235,5.502746253124582,0.9083745796838527,30
spider,base,blf,flat,45,5.312392804028633,4.672512901911346,6.190610494367101,5.539160983565685,0.9186193104424135,30
spider,base,blf,flat,46,5.312392804028633,4.733005668650502,6.236903233253631,5.600824981354275,0.9450755645179975,30
spider,base,blf,flat,47,5.334799858025546,5.009556930505831,6.236903233253631,5.632843639643347,0.9185350810650212,30
spider,base,blf,flat,48,5.334799858025546,5.009556930505831,6.236903233253631,5.667012043811382,0.9424805370759087,30
spider,base,blf,flat,49,5.334799858025546,5.009556930505831,6.236903233253631,5.693729328503391,0.9783627176616114,30
spider,base,blf,flat,50,5.574978517895392,5.009556930505831,6.258251074079078,5.747523773692119,0.9746796301804905,30
spider,base,blf,flat,51,5.574978517895392,5.03787303279055,6.258251074079078,5.793451520090607,0.976213221082504,30
spider,base,blf,flat,52,5.640533941845844,5.066895744852252,6.258251074079078,5.84860426720466,1.0127575834447868,30
spider,base,blf,flat,53,5.640533941845844,5.1761306214162195,6.3161413981991,5.876115350438456,1.0191184902336465,30
spider,base,blf,flat,54,5.658859825612437,5.184724466030518,6.677634745500124,5.922186329681642,1.0258748880320263,30
spider,base,blf,flat,55,5.658859825612437,5.184724466030518,6.708391636691664,5.958065483941766,1.0299847503783897,30
spider,base,blf,flat,56,5.70112645476163,5.200111672372193,6.903195401997923,6.011953600781115,1.0571410465280477,30
spider,base,blf,flat,57,5.732540267848497,5.244718773465236,6.903195401997923,6.032643614572984,1.0565957751977175,30
spider,base,blf,flat,58,6.0046806196401015,5.276367189139543,7.132707779963056,6.159064052807492,1.0692982611545996,30
spider,base,blf,flat,59,6.053326907936318,5.399307466942186,7.142553825441675,6.196273018216072,1.061993946180464,30
spider,base,blf,flat,60,6.053326907936318,5.399307466942186,7.142553825441675,6.213542328074957,1.0560282712571443,30
spider,base,blf,flat,61,6.053326907936318,5.510412712767918,7.2706135829055665,6.26374720324003,1.0524207390012437,30
spider,base,blf,flat,62,6.06118462025454,5.510412712767918,7.2706135829055665,6.2889215268956535,1.04601087468136,30
spider,base,blf,flat,63,6.235712061988886,5.510412712767918,7.457563974074703,6.359006812149805,1.0532762001853802,30
spider,base,blf,flat,64,6.546961939115414,5.626432847848952,7.457563974074703,6.4865813063285485,1.0182615676289066,30
spider,base,blf,flat,65,6.590598254833304,5.896807193959969,7.457563974074703,6.530687293203853,0.9876404755240488,30
spider,base,blf,flat,66,6.6332115618355285,5.983563152465385,7.457563974074703,6.572947887145229,0.9904108240508338,30
spider,base,blf,flat,67,6.6457932531081205,5.983563152465385,7.457563974074703,6.600551461945419,0.9779471832467156,30
spider,base,blf,flat,68,6.6457932531081205,5.983563152465385,7.457563974074703,6.636887655432229,0.9513204245609946,30
spider,base,blf,flat,69,6.773674950826379,6.007704646162096,7.457563974074703,6.700844561028377,0.9821049336605688,30
spider,base,blf,flat,70,6.835094024078913,6.007704646162096,7.457563974074703,6.736715180789466,0.959914197582928,30
spider,base,blf,flat,71,6.835094024078913,6.007704646162096,7.457563974074703,6.791334859060059,0.9270916519675816,30
spider,base,blf,flat,72,6.864220188331334,6.0238476061136765,7.457563974074703,6.818990128875787,0.9248679576341539,30
spider,base,blf,flat,73,6.8679362618326465,6.029627996842308,7.457563974074703,6.827330614449202,0.9272784523167024,30
spider,base,blf,flat,74,6.8679362618326465,6.082527798916951,7.552212410254192,6.877932413048346,0.9172393761787562,30
spider,base,blf,flat,75,6.905396615175029,6.208961386329926,7.6394589604939185,6.9175083311321925,0.9140682550771972,30
spider,base,blf,flat,76,6.979240490353606,6.241573049800332,7.6394589604939185,6.950942072707599,0.9134005075052034,30
spider,base,blf,flat,77,7.043722394900271,6.241573049800332,7.6553851809819555,6.98988392505332,0.9110242053639065,30
spider,base,blf,flat,78,7.043722394900271,6.370823875990068,7.7612719164001085,7.038991663007835,0.9029705240544681,30
spider,base,blf,flat,79,7.070915086804987,6.370823875990068,7.7612719164001085,7.060333070677745,0.9050621081863962,30
spider,base,blf,flat,80,7.128179913600556,6.440161307002387,7.835866443185722,7.090592597904364,0.8828152916863528,30
spider,base,blf,flat,81,7.128179913600556,6.654030643743351,7.835866443185722,7.125894540153674,0.8512779403688494,30
spider,base,blf,flat,82,7.17390912060045,6.718938020910349,7.869024630127235,7.151303536794512,0.8440846778869046,30
spider,base,blf,flat,83,7.290006378377054,6.722508715698875,7.888321920099081,7.184629295255846,0.8438279563595965,30
spider,base,blf,flat,84,7.290006378377054,6.722508715698875,7.888321920099081,7.196924378098024,0.8473170662982519,30
spider,base,blf,flat,85,7.466572830621315,6.818222933179699,7.888321920099081,7.251308660374944,0.8340111863256798,30
spider,base,blf,flat,86,7.466572830621315,6.913225682978713,7.903761912458689,7.271081939122326,0.8303284852558716,30
spider,base,blf,flat,87,7.55054306535523,6.91744575470445,7.931435436540218,7.317020754329574,0.823213067247853,30
spider,base,blf,flat,88,7.55054306535523,6.91744575470445,7.975260819555201,7.329147672806789,0.8200126599785325,30
spider,base,blf,flat,89,7.55054306535523,6.9488396538956625,7.975260819555201,7.352537362413713,0.8142194265767285,30
spider,base,blf,flat,90,7.55054306535523,6.9488396538956625,8.003810456630632,7.378011343901938,0.7982739928567812,30
spider,base,blf,flat,91,7.601569947300497,6.9627349825394855,8.042870714021683,7.421165519023265,0.7881098861878595,30
spider,base,blf,flat,92,7.601569947300497,6.9627349825394855,8.042870714021683,7.444929408134972,0.776190705696228,30
spider,base,blf,flat,93,7.660590980572085,6.9627349825394855,8.053330376880677,7.475801866273092,0.7786716366223103,30
spider,base,blf,flat,94,7.660590980572085,7.05066888975505,8.053330376880677,7.490179744052786,0.7695582136184997,30
spider,base,blf,flat,95,7.687552686812576,7.05066888975505,8.103925698435845,7.5157884839910345,0.767808517482,30
spider,base,blf,flat,96,7.704305392931259,7.05066888975505,8.128412639394833,7.532100163907311,0.7587986860327124,30
spider,base,blf,flat,97,7.749912046981104,7.05066888975505,8.136960080088432,7.548534404053265,0.764643652636143,30
spider,base,blf,flat,98,7.794624688189373,7.05066888975505,8.143070781846792,7.57942182467882,0.7694427372110882,30
spider,base,blf,flat,99,7.794624688189373,7.065739820009698,8.143070781846792,7.58332879751124,0.7679689215452891,30
spider,base,blf,flat,100,7.794624688189373,7.100816397783395,8.178486674450491,7.605510352825192,0.7717930819063015,30
spider,base,blf,flat,101,7.794642807972604,7.120991521511616,8.180676690936432,7.634575444770005,0.7553209200376153,30
spider,base,blf,flat,102,7.838443670589845,7.188318526392073,8.2059616647083,7.649697792571953,0.7601730980594114,30
spider,base,blf,flat,103,7.8942351124623995,7.2651932616219455,8.2059616647083,7.689199523872268,0.736893381543443,30
spider,base,blf,flat,104,7.8942351124623995,7.313285726252453,8.2059616647083,7.702490355873332,0.7345093616955657,30
spider,base,blf,flat,105,7.8942351124623995,7.313285726252453,8.206025635829661,7.709339884829964,0.7282736029455681,30
spider,base,blf,flat,106,7.902643476882953,7.339325008057042,8.223574716954817,7.732349530135008,0.7069006925433866,30
spider,base,blf,flat,107,7.902643476882953,7.372956742106936,8.223574716954817,7.757950503076659,0.7018856609277366,30
spider,base,blf,flat,108,7.922633927276886,7.3810217448589786,8.226328912456085,7.780350411041561,0.7011077495188365,30
spider,base,blf,flat,109,7.949144579358794,7.410527149474969,8.228507410702452,7.805017310551337,0.6901705265526007,30
spider,base,blf,flat,110,7.959781004599655,7.46642731556576,8.249569424206276,7.824903914949513,0.6651163495659593,30
spider,base,blf,flat,111,7.972630378391049,7.46642731556576,8.282590094676033,7.836151315034848,0.6677294612516227,30
spider,base,blf,flat,112,7.9843592664054155,7.46642731556576,8.354456298552114,7.867504980515297,0.6518026087760297,30
spider,base,blf,flat,113,8.040143644144829,7.469869834832981,8.366214070807171,7.88704433847274,0.6483954080818913,30
spider,base,blf,flat,114,8.040143644144829,7.553109648233954,8.366214070807171,7.896850286825485,0.6434770237665766,30
spider,base,blf,flat,115,8.047346602748313,7.566047119380846,8.366214070807171,7.904662276601152,0.64125887416616,30
spider,base,blf,flat,116,8.068727281887924,7.566047119380846,8.366214070807171,7.91116121256375,0.6411278291746572,30
spider,base,blf,flat,117,8.08801259929314,7.595900448689825,8.366214070807171,7.923885057467404,0.6442723658869207,30
spider,base,blf,flat,118,8.08801259929314,7.634410067592091,8.402916862017824,7.934015199125754,0.6476420219271554,30
spider,base,blf,flat,119,8.13226927401639,7.653072038196269,8.40490898033216,7.949241028202876,0.6520113992614012,30
spider,base,blf,flat,120,8.174566252421892,7.653072038196269,8.405534126482634,7.962728140484762,0.645801807155486,30
spider,base,blf,flat,121,8.207406850065158,7.68573945398488,8.453419674936576,7.975148291730521,0.6445698979746398,30
spider,base,blf,flat,122,8.207406850065158,7.6900604421199095,8.453419674936576,8.000786184422601,0.6435044491441959,30
spider,base,blf,flat,123,8.207406850065158,7.694787461585907,8.479508795015054,8.011893528799325,0.6494119226590581,30
spider,base,blf,flat,124,8.207406850065158,7.694787461585907,8.505188235667045,8.019593906139287,0.6538859868684109,30
spider,base,blf,flat,125,8.214943106070622,7.694787461585907,8.505188235667045,8.027894745426003,0.6528563865955799,30
spider,base,blf,flat,126,8.251119417995692,7.694787461585907,8.505188235667045,8.033822028114962,0.64933747209603,30
spider,base,blf,flat,127,8.263337925207036,7.694787461585907,8.506597374349834,8.043156756438183,0.637119857284665,30
spider,base,blf,flat,128,8.284377268776584,7.711880904798163,8.507054694098436,8.058433488363391,0.6343417820145457,30
spider,base,blf,flat,129,8.291251883606908,7.711880904798163,8.507054694098436,8.06705798591584,0.6330495121369197,30
spider,base,blf,flat,130,8.291251883606908,7.721180544784522,8.516149284737429,8.070910559869139,0.6317308273138367,30
spider,base,blf,flat,131,8.310276087240645,7.721180544784522,8.516149284737429,8.080029494824846,0.6330413648460012,30
spider,base,blf,flat,132,8.310532342115538,7.721180544784522,8.516149284737429,8.082226544001859,0.6341589135882443,30
spider,base,blf,flat,133,8.310532342115538,7.741970760660156,8.516149284737429,8.091873985351052,0.6174616515660445,30
spider,base,blf,flat,134,8.356067858225432,7.758698828638838,8.516252344264942,8.104762853421358,0.6203460362163161,30
spider,base,blf,flat,135,8.363716125347269,7.809058000747472,8.516252344264942,8.11053868936193,0.6175144434734362,30
spider,base,blf,flat,136,8.376486534079675,7.809058000747472,8.516252344264942,8.11802678299092,0.6223125877091397,30
spider,base,blf,flat,137,8.376486534079675,7.821262800428375,8.516252344264942,8.121003714057606,0.6205985323024159,30
spider,base,blf,flat,138,8.376486534079675,7.831761986403074,8.516973323497272,8.134009520554743,0.6093471299868748,30
spider,base,blf,flat,139,8.379367045435806,7.831761986403074,8.51883724515308,8.146756570991945,0.5933964859285603,30
spider,base,blf,flat,140,8.382705623639957,7.831761986403074,8.531898882807868,8.15303293832195,0.5966876237832958,30
spider,base,blf,flat,141,8.39256047930018,7.831761986403074,8.537176496055414,8.157606459273074,0.5992661594225959,30
spider,base,blf,flat,142,8.394276838518246,7.843285163745861,8.544928045470048,8.161621675200664,0.599072039470201,30
spider,base,blf,flat,143,8.397273877041211,7.843285163745861,8.544928045470048,8.168461133797315,0.59898055733227,30
spider,base,blf,flat,144,8.42898236679511,7.847535630165519,8.544928045470048,8.173302546381429,0.6014122232625381,30
spider,base,blf,flat,145,8.42898236679511,7.847535630165519,8.549890314155938,8.181222865408854,0.5874257503918868,30
spider,base,blf,flat,146,8.42898236679511,7.859565618405169,8.552378956358222,8.185853817158032,0.5849294737091167,30
spider,base,blf,flat,147,8.449987674698251,7.8601058703793605,8.572137777293698,8.193111393553595,0.5879003321639258,30
spider,base,blf,flat,148,8.449987674698251,7.871782708566281,8.572661885483178,8.203361608593008,0.5883810669256051,30
spider,base,blf,flat,149,8.449987674698251,7.871782708566281,8.576343470135077,8.206147356425694,0.5885712868807614,30
spider,base,blf,flat,150,8.455337617528468,7.878507019440384,8.577594352124013,8.209381990064708,0.587945299878554,30
spider,base,blf,flat,151,8.458625536262579,7.887264905841031,8.577594352124013,8.217882613995751,0.5895536407377934,30
spider,base,blf,flat,152,8.462614849381197,7.887264905841031,8.577594352124013,8.220339889966487,0.5896913727842168,30
spider,base,blf,flat,153,8.462614849381197,7.887264905841031,8.579880034339775,8.222218334858008,0.5906331278387802,30
spider,base,blf,flat,154,8.462614849381197,7.887264905841031,8.588194272332393,8.223850999674939,0.5905849905026219,30
spider,base,blf,flat,155,8.47499356855586,7.942998925552523,8.588194272332393,8.234669593709485,0.5864310485922976,30
spider,base,blf,flat,156,8.47499356855586,7.946048164123589,8.594898833200286,8.239644259921446,0.5866177023212251,30
spider,base,blf,flat,157,8.47499356855586,7.960979830505626,8.594898833200286,8.241690861660286,0.58485905005293,30
spider,base,blf,flat,158,8.47499356855586,7.977912593535211,8.596627365211964,8.249410905053228,0.5808770104773355,30
spider,base,blf,flat,159,8.47499356855586,7.9796414217724765,8.596627365211964,8.25121496353829,0.5819752969456233,30
spider,base,blf,flat,160,8.47499356855586,7.9796414217724765,8.603653084289226,8.254251595405492,0.5824686049091421,30
spider,base,blf,flat,161,8.483784996991629,7.9796414217724765,8.603653084289226,8.258741966523369,0.5823874431073526,30
spider,base,blf,flat,162,8.490153422609119,7.9796414217724765,8.603653084289226,8.265623143651956,0.573781197790282,30
spider,base,blf,flat,163,8.493038167631093,8.003269842284013,8.61300619629551,8.268940449675949,0.5744227502929273,30
spider,base,blf,flat,164,8.495263809542234,8.003348764614973,8.619931750774764,8.275245244485397,0.5711785369785722,30
spider,base,blf,flat,165,8.498022879293906,8.006892153428419,8.629054323961007,8.28198333605622,0.568831756681027,30
spider,base,blf,flat,166,8.502023975521464,8.009193720859624,8.629054323961007,8.286137023113442,0.5683192861740494,30
spider,base,blf,flat,167,8.502023975521464,8.01174204778909,8.632554612021295,8.289312118647684,0.5670827973991767,30
spider,base,blf,flat,168,8.503266967614644,8.013900912337308,8.646224843748293,8.291407007645043,0.5680843762612426,30
spider,base,blf,flat,169,8.50763241530908,8.03797213931116,8.653588139027123,8.298705886633513,0.5610518034630361,30
spider,base,blf,flat,170,8.50763241530908,8.03797213931116,8.658701046685364,8.301502333624294,0.5612992221498091,30
spider,base,blf,flat,171,8.50763241530908,8.03797213931116,8.660595357114381,8.30713708649269,0.5560978934932042,30
spider,base,blf,flat,172,8.508275881099337,8.047516400551707,8.660595357114381,8.310327704712996,0.5557746789936068,30
spider,base,blf,flat,173,8.51190781573455,8.047516400551707,8.660595357114381,8.311706966586579,0.555843409663918,30
spider,base,blf,flat,174,8.522379075770322,8.047516400551707,8.681365518539149,8.316333832094237,0.5580995026588922,30
spider,base,blf,flat,175,8.54036839941316,8.048308684723892,8.681365518539149,8.322028837497323,0.554497936628049,30
spider,base,blf,flat,176,8.54036839941316,8.048308684723892,8.681365518539149,8.324175836192277,0.5558060238757392,30
spider,base,blf,flat,177,8.54036839941316,8.056034033224693,8.681365518539149,8.325254170021596,0.5551600383696671,30
spider,base,blf,flat,178,8.541930659227448,8.05937899164654,8.687852981540065,8.329924849446238,0.5562859924511179,30
spider,base,blf,flat,179,8.542882504992836,8.069819317532595,8.688441600695093,8.33208549329667,0.5567593514620852,30
spider,base,blf,flat,180,8.542882504992836,8.070469073452944,8.688441600695093,8.336333691172761,0.5502510939663382,30
spider,base,blf,flat,181,8.543357634036887,8.083835746952586,8.693858439583732,8.340940336349801,0.5475684889336259,30
spider,base,blf,flat,182,8.553556310129995,8.088685294117672,8.693858439583732,8.344416657140918,0.546441012246937,30
spider,base,blf,flat,183,8.553556310129995,8.088685294117672,8.700358779369411,8.348770457363434,0.5437863077210723,30
spider,base,blf,flat,184,8.553556310129995,8.090634031154503,8.700358779369411,8.353100542359316,0.5446961163809463,30
spider,base,blf,flat,185,8.553556310129995,8.090634031154503,8.703484721175696,8.356710586444425,0.5443583126531303,30
spider,base,blf,flat,186,8.553556310129995,8.095607031077165,8.704910342938813,8.360247125751334,0.5443356510876939,30
spider,base,blf,flat,187,8.553556310129995,8.104714461306814,8.704910342938813,8.3637179704981,0.5407526123804207,30
spider,base,blf,flat,188,8.553556310129995,8.104714461306814,8.706025281851229,8.366069260608198,0.5412307848589311,30
spider,base,blf,flat,189,8.553556310129995,8.114204737338458,8.707002414996351,8.368164673140322,0.54063473888063,30
spider,base,blf,flat,190,8.553556310129995,8.114204737338458,8.707002414996351,8.371228433590524,0.5418253782238523,30
spider,base,blf,flat,191,8.553556310129995,8.114204737338458,8.708470860625354,8.372264651163134,0.5423647817189393,30
spider,base,blf,flat,192,8.558040122646117,8.11694205972498,8.709414510436982,8.374956384387062,0.5407811910144714,30
spider,base,blf,flat,193,8.562682642750405,8.14085190344569,8.712082999037504,8.379770523867547,0.539531229044712,30
spider,base,blf,flat,194,8.562682642750405,8.14085190344569,8.717186204218308,8.381180582894734,0.5404193137385094,30
spider,base,blf,flat,195,8.56777087515659,8.14324965196877,8.725990205453126,8.384215082570206,0.5368226427450639,30
spider,base,blf,flat,196,8.56777087515659,8.15007458782709,8.725990205453126,8.387534279349342,0.5357487550825955,30
spider,base,blf,flat,197,8.56777087515659,8.15007458782709,8.725990205453126,8.390219853068356,0.5323039941700838,30
spider,base,blf,flat,198,8.56777087515659,8.151902339249114,8.726836799735736,8.39286966749668,0.5324585334010921,30
spider,base,blf,flat,199,8.570430194706901,8.152327986895571,8.726836799735736,8.393902479684993,0.5323117674136454,30
spider,base,blf,flat,200,8.57968301137829,8.152680713500258,8.729150828704187,8.397336166616476,0.5326926201004624,30
spider,base,blf,flat,201,8.57968301137829,8.152979001018842,8.731624011022017,8.399759264396712,0.5314484333452832,30
spider,base,blf,flat,202,8.57968301137829,8.157997325930822,8.731655271851338,8.401353590704847,0.5312267767282517,30
spider,base,blf,flat,203,8.580096560897921,8.179167368847981,8.731655271851338,8.403765075457956,0.5316386578615929,30
spider,base,blf,flat,204,8.589234298934231,8.180459289244661,8.739549196076712,8.406602692887377,0.5319804770880453,30
spider,base,blf,flat,205,8.589234298934231,8.181110257655652,8.739820716517857,8.40836313643574,0.5303000388212503,30
spider,base,blf,flat,206,8.589234298934231,8.185841221377506,8.740257163926493,8.410493511231325,0.5301612243617372,30
spider,base,blf,flat,207,8.589234298934231,8.185841221377506,8.740610089613009,8.411075547416496,0.5304424613374297,30
spider,base,blf,flat,208,8.589234298934231,8.185841221377506,8.742032025904015,8.41196749725233,0.5310505434966407,30
spider,base,blf,flat,209,8.589234298934231,8.185841221377506,8.74487062026709,8.413136060431805,0.5310234585423618,30
spider,base,blf,flat,210,8.589234298934231,8.205088215158291,8.74487062026709,8.416028781176033,0.5291525210641804,30
spider,base,blf,flat,211,8.593016083823406,8.205088215158291,8.745398101256555,8.417685552911257,0.5280381242579,30
spider,base,blf,flat,212,8.593016083823406,8.205088215158291,8.746493575694897,8.418279330198086,0.5281280320128274,30
spider,base,blf,flat,213,8.593016083823406,8.207470419248372,8.750892883818446,8.41988588861934,0.5284908074024682,30
spider,base,blf,flat,214,8.593016083823406,8.20805035630031,8.752064939709523,8.420850686120648,0.5274302940623209,30
spider,base,blf,flat,215,8.593016083823406,8.211571599140251,8.752899609348486,8.422129712727614,0.5279143378913385,30
spider,base,blf,flat,216,8.604045062111881,8.212054666964281,8.755361108040958,8.424654032714662,0.5259027887098965,30
spider,base,blf,flat,217,8.604045062111881,8.212054666964281,8.762990741267462,8.425899213499045,0.5264625438430475,30
spider,base,blf,flat,218,8.604045062111881,8.219876631936712,8.763760575780843,8.429175897801674,0.5231067179282216,30
spider,base,blf,flat,219,8.604045062111881,8.231153433828869,8.767576519735522,8.430581954491386,0.5231950551550194,30
spider,base,blf,flat,220,8.604045062111881,8.231153433828869,8.767576519735522,8.430956314343987,0.5232857332870148,30
spider,base,blf,flat,221,8.604045062111881,8.231153433828869,8.767576519735522,8.431509143685714,0.5234443742147903,30
spider,base,blf,flat,222,8.605412117798238,8.231153433828869,8.767576519735522,8.433046377242373,0.5230298744649307,30
spider,base,blf,flat,223,8.605412117798238,8.231153433828869,8.767576519735522,8.433585993978403,0.5233204198956493,30
spider,base,blf,flat,224,8.609439022408992,8.231153433828869,8.76758079195545,8.43433415255827,0.5232094842637557,30
spider,base,blf,flat,225,8.609791673632703,8.231153433828869,8.76758079195545,8.434873836431125,0.5231208797666836,30
spider,base,blf,flat,226,8.609791673632703,8.238197266695256,8.770988767546065,8.436088760290307,0.5222306148697423,30
spider,base,blf,flat,227,8.609791673632703,8.238272051662198,8.771902343079566,8.438116727237352,0.5192459470286104,30
spider,base,blf,flat,228,8.610326810865796,8.240965530179336,8.771902343079566,8.442651260880593,0.5134894746772497,30
spider,base,blf,flat,229,8.610326810865796,8.24258379724426,8.771902343079566,8.443775975662762,0.5123474420128984,30
spider,base,blf,flat,230,8.613739438851095,8.24258379724426,8.771902343079566,8.444853314597488,0.5124565193544556,30
spider,base,blf,flat,231,8.613739438851095,8.24258379724426,8.771902343079566,8.44776930333149,0.5088602890376428,30
spider,base,blf,flat,232,8.613935171212036,8.244880129005821,8.774466232990791,8.448959839017096,0.5093095811200242,30
spider,base,blf,flat,233,8.613935171212036,8.245558802021817,8.775578848107902,8.44972439947349,0.5096248979790401,30
spider,base,blf,flat,234,8.613935171212036,8.245558802021817,8.777614650781842,8.45000495588479,0.5094313355005383,30
spider,base,blf,flat,235,8.613935171212036,8.245558802021817,8.778051791474445,8.450297151797463,0.5095780847861376,30
spider,base,blf,flat,236,8.613935171212036,8.247563865871323,8.779666045810758,8.451214428169287,0.5095055714433336,30
spider,base,blf,flat,237,8.613935171212036,8.2510312248908,8.779666045810758,8.452726846630032,0.5082997140055975,30
spider,base,blf,flat,238,8.614438227736263,8.254680054812017,8.779666045810758,8.45371069814203,0.507727890723801,30
spider,base,blf,flat,239,8.616077195292288,8.254680054812017,8.779666045810758,8.454218847971227,0.5081562229904709,30
spider,base,blf,flat,240,8.616077195292288,8.254680054812017,8.779666045810758,8.454462249498105,0.5082264523960255,30
spider,base,blf,flat,241,8.616687011204608,8.254680054812017,8.779666045810758,8.455761622911233,0.5078349446004822,30
spider,base,blf,flat,242,8.617024504551313,8.254680054812017,8.779666045810758,8.456354000264401,0.5079947082370336,30
spider,base,blf,flat,243,8.617024504551313,8.256106939364692,8.779666045810758,8.456681088014003,0.5079240714449004,30
spider,base,blf,flat,244,8.617384237652516,8.257483247870598,8.779666045810758,8.457944757671344,0.5087502672094655,30
spider,base,blf,flat,245,8.617384237652516,8.257483247870598,8.78001465006841,8.458632075084367,0.5090254733349205,30
spider,base,blf,flat,246,8.617384237652516,8.258235637674911,8.785722513299605,8.459332923168748,0.5088655125944993,30
spider,base,blf,flat,247,8.617384237652516,8.258235637674911,8.785722513299605,8.459888061909057,0.5089979467257434,30
spider,base,blf,flat,248,8.617384237652516,8.25874139216836,8.786225817338693,8.46105318452531,0.5088602752904752,30
spider,base,blf,flat,249,8.617663985747868,8.25910098147726,8.786225817338693,8.462176418237812,0.5078770330882213,30
spider,base,blf,flat,250,8.617663985747868,8.260918969700166,8.787009030367752,8.462555521928442,0.5078931460554086,30
spider,base,blf,flat,251,8.617663985747868,8.260918969700166,8.787009030367752,8.463587706742796,0.5061389196378204,30
spider,base,blf,flat,252,8.617663985747868,8.263263251497285,8.787041941401169,8.464190607137228,0.5064244763123089,30
spider,base,blf,flat,253,8.617663985747868,8.263263251497285,8.788475467974745,8.46467117359712,0.5062897286184547,30
spider,base,blf,flat,254,8.617663985747868,8.263263251497285,8.788475467974745,8.465976261773115,0.5061036826228201,30
spider,base,blf,flat,255,8.617884503505374,8.265345624210452,8.788475467974745,8.467349941505367,0.505196968528219,30
spider,base,blf,flat,256,8.617884503505374,8.265345624210452,8.788475467974745,8.468631260477391,0.5031887735430538,30
spider,base,blf,flat,257,8.617884503505374,8.265345624210452,8.788475467974745,8.46912142537133,0.5033323297226784,30
spider,base,blf,flat,258,8.617963150789627,8.265345624210452,8.788475467974745,8.471762971362065,0.5006329760140442,30
spider,base,blf,flat,259,8.617963150789627,8.266754961593143,8.79066929919098,8.473132958089362,0.5015334154356179,30
spider,base,blf,flat,260,8.617963150789627,8.266754961593143,8.79066929919098,8.47347504380261,0.5016498609871151,30
spider,base,blf,flat,261,8.61851544085184,8.270850706948337,8.794322099284077,8.474274926954534,0.5013487981486427,30
spider,base,blf,flat,262,8.618720225807849,8.27196927776431,8.795517136092023,8.475045158655671,0.5012011612703824,30
spider,base,blf,flat,263,8.618997270899065,8.275070380859315,8.795517136092023,8.47667081985475,0.4996467705721176,30
spider,base,blf,flat,264,8.618997270899065,8.275070380859315,8.79577367469691,8.476917859657004,0.4997685190011252,30
spider,base,blf,flat,265,8.618997270899065,8.275070380859315,8.79577367469691,8.479421599250575,0.49562448597843534,30
spider,base,blf,flat,266,8.618997270899065,8.275070380859315,8.79577367469691,8.47955958708956,0.4955906120880874,30
spider,base,blf,flat,267,8.619195893857542,8.275070380859315,8.79577367469691,8.479763240331323,0.49568228460131775,30
spider,base,blf,flat,268,8.619195893857542,8.275070380859315,8.79577367469691,8.480411710155908,0.49602184978546976,30
spider,base,blf,flat,269,8.620440565976368,8.275070380859315,8.79577367469691,8.480714123855197,0.49625826569853626,30
spider,base,blf,flat,270,8.62073887766372,8.275070380859315,8.79577367469691,8.480943461771938,0.4961367267414049,30
spider,base,blf,flat,271,8.62073887766372,8.275070380859315,8.79577367469691,8.481558485535528,0.4963821741326255,30
spider,base,blf,flat,272,8.62073887766372,8.276699840715091,8.796465695579318,8.482285020608282,0.4969306798606769,30
spider,base,blf,flat,273,8.62073887766372,8.27682300635426,8.796710001750315,8.482757177596218,0.4965679375304964,30
spider,base,blf,flat,274,8.621161748910525,8.276876558969795,8.79683245213753,8.483320992387064,0.496404953762651,30
spider,base,blf,flat,275,8.621161748910525,8.278084147601387,8.79683245213753,8.485043417017927,0.49417202641068086,30
spider,base,blf,flat,276,8.621161748910525,8.278084147601387,8.800320559039264,8.485586214431958,0.4943032064967821,30
spider,base,blf,flat,277,8.621383328601087,8.278084147601387,8.801249661725173,8.485950038261487,0.493957755961404,30
spider,base,blf,flat,278,8.62226862242129,8.279029404720879,8.803221796461767,8.486164029185058,0.4940314458470738,30
spider,base,blf,flat,279,8.622671553464857,8.279029404720879,8.803221796461767,8.486788277558038,0.4935226896751136,30
spider,base,blf,flat,280,8.624082416450552,8.279029404720879,8.804223910709283,8.48716593764115,0.493238125388397,30
spider,base,blf,flat,281,8.624082416450552,8.279029404720879,8.804223910709283,8.487640468733142,0.4935479340065601,30
spider,base,blf,flat,282,8.624082416450552,8.279450256694727,8.804223910709283,8.48847862583085,0.49267544203583186,30
spider,base,blf,flat,283,8.62470990157222,8.279450256694727,8.804223910709283,8.488714583695263,0.49267077725299996,30
spider,base,blf,flat,284,8.62470990157222,8.27957083417872,8.809533724787437,8.489021148791444,0.4928237659817715,30
spider,base,blf,flat,285,8.62470990157222,8.279677277203358,8.809533724787437,8.491182816193175,0.49043333391996313,30
spider,base,blf,flat,286,8.624826093129784,8.281578928267864,8.809533724787437,8.491856060569157,0.49038076548508547,30
spider,base,blf,flat,287,8.626614146008311,8.283128881159854,8.810949686674327,8.492507446996736,0.49070525389386144,30
spider,base,blf,flat,288,8.627410094407892,8.283712422133714,8.813099956803914,8.494535742523997,0.4889063626300037,30
spider,base,blf,flat,289,8.627410094407892,8.284984236012315,8.813099956803914,8.494683590398491,0.4888806965052298,30
spider,base,blf,flat,290,8.627659831796919,8.285338347465553,8.813099956803914,8.494805817828368,0.48892545362135703,30
spider,base,blf,flat,291,8.627780031031833,8.286947921126103,8.813099956803914,8.495403755159483,0.48882112908749664,30
spider,base,blf,flat,292,8.627780031031833,8.288464732522357,8.815554122037828,8.49570634466574,0.48887297554502696,30
spider,base,blf,flat,293,8.627780031031833,8.288464732522357,8.815554122037828,8.495931917461466,0.4887001855517264,30
spider,base,blf,flat,294,8.627780031031833,8.29058075309876,8.815554122037828,8.4962130250532,0.48883451394609834,30
spider,base,blf,flat,295,8.628783228897117,8.29058075309876,8.815554122037828,8.496658994009534,0.48882023153043785,30
spider,base,blf,flat,296,8.628783228897117,8.29058075309876,8.815554122037828,8.49717852659196,0.4890316814316019,30
spider,base,blf,flat,297,8.629658919423782,8.29058075309876,8.815554122037828,8.497601715033293,0.48918053928856803,30
spider,base,blf,flat,298,8.630133846870816,8.29058075309876,8.815554122037828,8.497782870407198,0.48899976029703085,30
spider,base,blf,flat,299,8.630133846870816,8.29058075309876,8.815554122037828,8.498345158158106,0.4889625635304146,30
spider,base,blf,flat,300,8.630174769912532,8.290978270807855,8.820291345826336,8.499189739298824,0.4893556904867732,30
spider,base,blf,rugged,1,1.8927,1.3742,2.4279,1.9375,0.6561,30
spider,base,blf,rugged,2,2.397,1.9796,2.8841,2.438,0.6472,30
spider,base,blf,rugged,3,2.5954,2.2689,3.0569,2.6382,0.5627,30
spider,base,blf,rugged,4,2.6727,2.2776,3.1737,2.7423,0.5968,30
spider,base,blf,rugged,5,2.7455,2.4669,3.1926,2.7964,0.5597,30
spider,base,blf,rugged,6,2.9571,2.6757,3.2194,3.0442,0.4666,30
spider,base,blf,rugged,7,3.0686,2.8202,3.2382,3.1076,0.4374,30
spider,base,blf,rugged,8,3.1177,2.8806,3.3569,3.1552,0.444,30
spider,base,blf,rugged,9,3.1177,2.9222,3.4347,3.214,0.4982,30
spider,base,blf,rugged,10,3.2397,3.0287,3.549,3.3501,0.4627,30
spider,base,blf,rugged,11,3.2456,3.0487,3.64,3.3876,0.4599,30
spider,base,blf,rugged,12,3.3952,3.2087,3.6774,3.4566,0.472,30
spider,base,blf,rugged,13,3.4784,3.2227,3.9695,3.5863,0.5592,30
spider,base,blf,rugged,14,3.6302,3.3248,4.0453,3.6688,0.5344,30
spider,base,blf,rugged,15,3.7126,3.3874,4.1281,3.7504,0.5484,30
spider,base,blf,rugged,16,3.7709,3.4023,4.1728,3.7727,0.5433,30
spider,base,blf,rugged,17,4.0748,3.4999,4.3457,3.9461,0.6085,30
spider,base,blf,rugged,18,4.1123,3.4999,4.3457,3.9754,0.5737,30
spider,base,blf,rugged,19,4.1123,3.7688,4.3457,4.0416,0.5256,30
spider,base,blf,rugged,20,4.1123,3.8005,4.3457,4.0445,0.5242,30
spider,base,blf,rugged,21,4.1123,3.8022,4.3457,4.0528,0.5253,30
spider,base,blf,rugged,22,4.1123,3.8022,4.3457,4.0935,0.5628,30
spider,base,blf,rugged,23,4.1123,3.8574,4.3457,4.1103,0.5474,30
spider,base,blf,rugged,24,4.1852,3.8574,4.3457,4.1285,0.548,30
spider,base,blf,rugged,25,4.1852,3.8574,4.3457,4.159,0.5698,30
spider,base,blf,rugged,26,4.1852,3.8759,4.3457,4.1636,0.5679,30
spider,base,blf,rugged,27,4.1852,3.8759,4.3457,4.1636,0.5679,30
spider,base,blf,rugged,28,4.1852,3.8759,4.3465,4.1652,0.5683,30
spider,base,blf,rugged,29,4.1923,3.8759,4.3825,4.1897,0.5742,30
spider,base,blf,rugged,30,4.2759,3.9521,4.3978,4.2598,0.5205,30
spider,base,blf,rugged,31,4.2759,3.9521,4.4418,4.2647,0.5221,30
spider,base,blf,rugged,32,4.2776,3.9521,4.5271,4.3364,0.5806,30
spider,base,blf,rugged,33,4.2776,3.9521,4.5271,4.3483,0.5962,30
spider,base,blf,rugged,34,4.2776,3.9521,4.5544,4.3575,0.604,30
spider,base,blf,rugged,35,4.2807,3.9521,4.5544,4.3706,0.6225,30
spider,base,blf,rugged,36,4.3417,4.0177,4.6861,4.4313,0.6649,30
spider,base,blf,rugged,37,4.3464,4.0705,4.6861,4.5028,0.7265,30
spider,base,blf,rugged,38,4.3516,4.0705,4.6861,4.5052,0.7261,30
spider,base,blf,rugged,39,4.3748,4.0705,4.6904,4.5531,0.7905,30
spider,base,blf,rugged,40,4.3748,4.0705,4.7099,4.5701,0.8175,30
spider,base,blf,rugged,41,4.3748,4.0846,4.7337,4.5915,0.8062,30
spider,base,blf,rugged,42,4.3774,4.1477,4.7479,4.6447,0.8516,30
spider,base,blf,rugged,43,4.4663,4.1531,5.1983,4.7512,0.8923,30
spider,base,blf,rugged,44,4.6232,4.211,5.1983,4.7866,0.88,30
spider,base,blf,rugged,45,4.7816,4.3112,5.2141,4.8873,0.8889,30
spider,base,blf,rugged,46,4.8658,4.3112,5.2141,4.9362,0.8707,30
spider,base,blf,rugged,47,4.8658,4.3112,5.6562,4.9981,0.9166,30
spider,base,blf,rugged,48,4.8876,4.3422,5.8961,5.0489,0.9249,30
spider,base,blf,rugged,49,4.9001,4.3422,5.8961,5.0515,0.9284,30
spider,base,blf,rugged,50,4.9903,4.3429,5.9046,5.1296,0.9085,30
spider,base,blf,rugged,51,5.0835,4.3429,5.9046,5.1657,0.9239,30
spider,base,blf,rugged,52,5.0835,4.3473,5.9046,5.2077,0.9536,30
spider,base,blf,rugged,53,5.0856,4.4111,5.9061,5.2808,1.0246,30
spider,base,blf,rugged,54,5.1569,4.4933,6.0111,5.3254,1.0253,30
spider,base,blf,rugged,55,5.1569,4.6503,6.0773,5.387,1.0406,30
spider,base,blf,rugged,56,5.2234,4.7901,6.1825,5.4327,1.0458,30
spider,base,blf,rugged,57,5.269,4.8084,6.1825,5.4862,1.0241,30
spider,base,blf,rugged,58,5.269,4.8798,6.189,5.5161,1.0191,30
spider,base,blf,rugged,59,5.3011,4.9977,6.275,5.5648,1.0094,30
spider,base,blf,rugged,60,5.3143,5.0409,6.3998,5.6054,1.0284,30
spider,base,blf,rugged,61,5.3371,5.0849,6.3998,5.6106,1.026,30
spider,base,blf,rugged,62,5.4543,5.0849,6.3998,5.6435,1.0207,30
spider,base,blf,rugged,63,5.4855,5.1852,6.3998,5.7006,1.0046,30
spider,base,blf,rugged,64,5.4855,5.216,6.3998,5.7272,0.9956,30
spider,base,blf,rugged,65,5.5653,5.2347,6.4809,5.7776,1.0215,30
spider,base,blf,rugged,66,5.6718,5.2347,6.4809,5.7893,1.018,30
spider,base,blf,rugged,67,5.7296,5.2936,6.4809,5.8413,0.9992,30
spider,base,blf,rugged,68,5.7591,5.2936,6.7449,5.8719,1.0206,30
spider,base,blf,rugged,69,5.7591,5.3657,6.7449,5.9096,0.978,30
spider,base,blf,rugged,70,5.8484,5.3657,6.7449,5.9778,0.9983,30
spider,base,blf,rugged,71,5.8484,5.38,6.7449,5.9833,0.9977,30
spider,base,blf,rugged,72,5.8679,5.3812,6.7449,5.9916,0.9935,30
spider,base,blf,rugged,73,5.947,5.6903,6.7449,6.0337,0.9779,30
spider,base,blf,rugged,74,6.0143,5.707,6.7724,6.0557,0.9781,30
spider,base,blf,rugged,75,6.0445,5.7397,6.8025,6.0967,0.9614,30
spider,base,blf,rugged,76,6.0445,5.7926,6.8032,6.14,0.9626,30
spider,base,blf,rugged,77,6.0707,5.7926,6.8032,6.1623,0.9627,30
spider,base,blf,rugged,78,6.0972,5.7996,6.9478,6.212,0.9868,30
spider,base,blf,rugged,79,6.0996,5.8136,6.9478,6.2221,0.9842,30
spider,base,blf,rugged,80,6.2201,5.8136,6.9737,6.2913,0.9413,30
spider,base,blf,rugged,81,6.2804,5.8136,6.9737,6.307,0.9405,30
spider,base,blf,rugged,82,6.2804,5.8136,6.9862,6.3276,0.9238,30
spider,base,blf,rugged,83,6.3212,5.9909,6.9862,6.3877,0.9142,30
spider,base,blf,rugged,84,6.3249,6.044,7.0061,6.4081,0.9073,30
spider,base,blf,rugged,85,6.3249,6.0552,7.0194,6.4255,0.9234,30
spider,base,blf,rugged,86,6.3513,6.0552,7.0475,6.4336,0.9285,30
spider,base,blf,rugged,87,6.4377,6.0552,7.0475,6.4687,0.9282,30
spider,base,blf,rugged,88,6.473,6.0552,7.1128,6.4858,0.9385,30
spider,base,blf,rugged,89,6.5285,6.0584,7.1128,6.5058,0.9346,30
spider,base,blf,rugged,90,6.529,6.0654,7.1128,6.5323,0.9139,30
spider,base,blf,rugged,91,6.6166,6.1644,7.1765,6.5573,0.912,30
spider,base,blf,rugged,92,6.6166,6.1644,7.1814,6.5752,0.9239,30
spider,base,blf,rugged,93,6.6685,6.1644,7.2186,6.5976,0.9394,30
spider,base,blf,rugged,94,6.6685,6.1644,7.2465,6.6139,0.9279,30
spider,base,blf,rugged,95,6.6818,6.2027,7.2885,6.6395,0.9224,30
spider,base,blf,rugged,96,6.82,6.2159,7.3669,6.6961,0.9281,30
spider,base,blf,rugged,97,6.9087,6.2159,7.3669,6.7124,0.933,30
spider,base,blf,rugged,98,6.9087,6.223,7.3669,6.7276,0.931,30
spider,base,blf,rugged,99,6.9087,6.2616,7.3669,6.7407,0.9241,30
spider,base,blf,rugged,100,6.9087,6.319,7.391,6.7627,0.9218,30
spider,base,blf,rugged,101,6.9155,6.3294,7.4118,6.7888,0.9237,30
spider,base,blf,rugged,102,6.9155,6.3441,7.4118,6.815,0.9301,30
spider,base,blf,rugged,103,6.9155,6.3441,7.4211,6.8171,0.9292,30
spider,base,blf,rugged,104,6.9664,6.3441,7.4221,6.8288,0.9171,30
spider,base,blf,rugged,105,6.9705,6.4057,7.5454,6.8744,0.8969,30
spider,base,blf,rugged,106,6.9755,6.4231,7.5636,6.8989,0.9005,30
spider,base,blf,rugged,107,6.9972,6.5679,7.6229,6.9219,0.8953,30
spider,base,blf,rugged,108,6.9972,6.5679,7.6549,6.9501,0.8908,30
spider,base,blf,rugged,109,7.0828,6.5679,7.6585,6.984,0.8671,30
spider,base,blf,rugged,110,7.0901,6.5679,7.6585,6.9891,0.8695,30
spider,base,blf,rugged,111,7.0949,6.6225,7.6585,7.0119,0.838,30
spider,base,blf,rugged,112,7.1268,6.6225,7.6585,7.0343,0.8183,30
spider,base,blf,rugged,113,7.1268,6.6225,7.6585,7.0536,0.8188,30
spider,base,blf,rugged,114,7.2154,6.7658,7.6585,7.0919,0.8049,30
spider,base,blf,rugged,115,7.2273,6.7658,7.6585,7.124,0.7703,30
spider,base,blf,rugged,116,7.2601,6.7658,7.6723,7.1289,0.7706,30
spider,base,blf,rugged,117,7.2601,6.7658,7.7325,7.1519,0.7606,30
spider,base,blf,rugged,118,7.2738,6.7658,7.7821,7.1649,0.7649,30
spider,base,blf,rugged,119,7.2738,6.7658,7.7841,7.1806,0.7642,30
spider,base,blf,rugged,120,7.2948,6.7658,7.7841,7.202,0.7595,30
spider,base,blf,rugged,121,7.2948,6.7708,7.7878,7.2217,0.7476,30
spider,base,blf,rugged,122,7.2948,6.7708,7.7878,7.2358,0.7314,30
spider,base,blf,rugged,123,7.2948,6.7708,7.7878,7.2405,0.7304,30
spider,base,blf,rugged,124,7.2948,6.8076,7.7878,7.2526,0.7256,30
spider,base,blf,rugged,125,7.3159,6.8187,7.7878,7.2623,0.7244,30
spider,base,blf,rugged,126,7.3159,6.9464,7.7878,7.2723,0.72,30
spider,base,blf,rugged,127,7.3159,6.9464,7.7878,7.2734,0.7205,30
spider,base,blf,rugged,128,7.3159,6.9464,7.8221,7.2849,0.7144,30
spider,base,blf,rugged,129,7.3566,6.9872,7.8221,7.3105,0.6939,30
spider,base,blf,rugged,130,7.3566,6.9872,7.8529,7.321,0.692,30
spider,base,blf,rugged,131,7.3958,6.9877,7.8529,7.3329,0.6903,30
spider,base,blf,rugged,132,7.3958,6.9877,7.8529,7.3351,0.6916,30
spider,base,blf,rugged,133,7.4033,7.0148,7.8529,7.3465,0.6879,30
spider,base,blf,rugged,134,7.413,7.0705,7.8529,7.3569,0.6782,30
spider,base,blf,rugged,135,7.413,7.0705,7.8529,7.3798,0.6401,30
spider,base,blf,rugged,136,7.413,7.1424,7.8529,7.3968,0.6278,30
spider,base,blf,rugged,137,7.413,7.1549,7.8529,7.4047,0.6238,30
spider,base,blf,rugged,138,7.413,7.1565,7.8529,7.4169,0.6111,30
spider,base,blf,rugged,139,7.416,7.1565,7.8782,7.4317,0.6058,30
spider,base,blf,rugged,140,7.416,7.2098,7.8782,7.4435,0.6001,30
spider,base,blf,rugged,141,7.4365,7.2098,7.8782,7.4496,0.589,30
spider,base,blf,rugged,142,7.4365,7.2242,7.88,7.4548,0.587,30
spider,base,blf,rugged,143,7.4549,7.2254,7.9349,7.477,0.5841,30
spider,base,blf,rugged,144,7.4549,7.2254,7.9349,7.4836,0.578,30
spider,base,blf,rugged,145,7.4549,7.231,7.9349,7.4864,0.5792,30
spider,base,blf,rugged,146,7.4646,7.2456,7.9452,7.4938,0.5819,30
spider,base,blf,rugged,147,7.4753,7.2456,7.9782,7.5015,0.5852,30
spider,base,blf,rugged,148,7.4753,7.2456,7.9817,7.5045,0.5868,30
spider,base,blf,rugged,149,7.5085,7.2507,7.9842,7.5141,0.5843,30
spider,base,blf,rugged,150,7.5471,7.2539,7.9842,7.5202,0.5821,30
spider,base,blf,rugged,151,7.5471,7.3554,7.9992,7.5341,0.5754,30
spider,base,blf,rugged,152,7.5471,7.3554,7.9992,7.5453,0.5708,30
spider,base,blf,rugged,153,7.5471,7.3559,8.0035,7.5527,0.5747,30
spider,base,blf,rugged,154,7.5703,7.3568,8.0035,7.5577,0.5724,30
spider,base,blf,rugged,155,7.5703,7.3568,8.0035,7.5632,0.5721,30
spider,base,blf,rugged,156,7.5703,7.3646,8.0158,7.5801,0.5617,30
spider,base,blf,rugged,157,7.5703,7.3646,8.0158,7.5863,0.5501,30
spider,base,blf,rugged,158,7.5703,7.3646,8.0158,7.5885,0.5516,30
spider,base,blf,rugged,159,7.5703,7.3677,8.0158,7.589,0.5518,30
spider,base,blf,rugged,160,7.5965,7.3679,8.0158,7.5921,0.5514,30
spider,base,blf,rugged,161,7.5971,7.3679,8.0369,7.6008,0.5486,30
spider,base,blf,rugged,162,7.5971,7.3679,8.0383,7.6039,0.5474,30
spider,base,blf,rugged,163,7.5971,7.3905,8.0383,7.609,0.5487,30
spider,base,blf,rugged,164,7.6035,7.3959,8.0383,7.6118,0.5455,30
spider,base,blf,rugged,165,7.6035,7.4252,8.0393,7.6218,0.5427,30
spider,base,blf,rugged,166,7.6035,7.4252,8.0447,7.624,0.5437,30
spider,base,blf,rugged,167,7.6035,7.4343,8.0576,7.6378,0.5409,30
spider,base,blf,rugged,168,7.6035,7.4772,8.0954,7.6439,0.5411,30
spider,base,blf,rugged,169,7.6364,7.4772,8.0962,7.6472,0.5418,30
spider,base,blf,rugged,170,7.6578,7.4772,8.0995,7.6572,0.5305,30
spider,base,blf,rugged,171,7.6578,7.4772,8.0998,7.6618,0.5295,30
spider,base,blf,rugged,172,7.6578,7.4772,8.1076,7.6719,0.5148,30
spider,base,blf,rugged,173,7.6676,7.4805,8.1076,7.6752,0.5128,30
spider,base,blf,rugged,174,7.6676,7.4805,8.1078,7.684,0.5113,30
spider,base,blf,rugged,175,7.6676,7.4851,8.1207,7.6873,0.5115,30
spider,base,blf,rugged,176,7.6676,7.4851,8.1207,7.6888,0.5097,30
spider,base,blf,rugged,177,7.6676,7.4851,8.1225,7.6895,0.5104,30
spider,base,blf,rugged,178,7.6811,7.4851,8.1225,7.6913,0.5097,30
spider,base,blf,rugged,179,7.6821,7.4851,8.1225,7.693,0.509,30
spider,base,blf,rugged,180,7.7122,7.4851,8.1273,7.6998,0.5086,30
spider,base,blf,rugged,181,7.7122,7.4883,8.1273,7.7042,0.5053,30
spider,base,blf,rugged,182,7.7122,7.4883,8.138,7.7064,0.5071,30
spider,base,blf,rugged,183,7.7136,7.4883,8.138,7.7077,0.5059,30
spider,base,blf,rugged,184,7.7136,7.5034,8.138,7.7214,0.4867,30
spider,base,blf,rugged,185,7.7165,7.5034,8.138,7.7219,0.4864,30
spider,base,blf,rugged,186,7.7165,7.5045,8.138,7.7284,0.4811,30
spider,base,blf,rugged,187,7.7254,7.5045,8.138,7.7333,0.4772,30
spider,base,blf,rugged,188,7.7269,7.5045,8.138,7.736,0.4772,30
spider,base,blf,rugged,189,7.7399,7.5045,8.138,7.7369,0.4772,30
spider,base,blf,rugged,190,7.7552,7.5045,8.1597,7.7446,0.4789,30
spider,base,blf,rugged,191,7.7552,7.5045,8.172,7.7466,0.4785,30
spider,base,blf,rugged,192,7.7552,7.5064,8.172,7.7468,0.4783,30
spider,base,blf,rugged,193,7.7552,7.5064,8.172,7.7482,0.4797,30
spider,base,blf,rugged,194,7.7623,7.5077,8.172,7.7581,0.4678,30
spider,base,blf,rugged,195,7.7623,7.5077,8.172,7.7582,0.4678,30
spider,base,blf,rugged,196,7.7642,7.5093,8.172,7.7629,0.4626,30
spider,base,blf,rugged,197,7.7642,7.5093,8.172,7.7649,0.4603,30
spider,base,blf,rugged,198,7.7791,7.5093,8.1748,7.7674,0.4619,30
spider,base,blf,rugged,199,7.7799,7.5093,8.1748,7.7738,0.4586,30
spider,base,blf,rugged,200,7.7799,7.5122,8.1748,7.7754,0.4584,30
spider,base,blf,rugged,201,7.7799,7.5122,8.1748,7.7785,0.4565,30
spider,base,blf,rugged,202,7.7799,7.5319,8.1748,7.7813,0.4546,30
spider,base,blf,rugged,203,7.7799,7.5319,8.187,7.7836,0.4563,30
spider,base,blf,rugged,204,7.7799,7.5319,8.187,7.7854,0.4569,30
spider,base,blf,rugged,205,7.7799,7.5319,8.187,7.7871,0.4585,30
spider,base,blf,rugged,206,7.7799,7.5319,8.187,7.7883,0.4574,30
spider,base,blf,rugged,207,7.7824,7.5341,8.187,7.7935,0.4573,30
spider,base,blf,rugged,208,7.7824,7.5341,8.187,7.7949,0.4556,30
spider,base,blf,rugged,209,7.7824,7.5341,8.187,7.7952,0.4552,30
spider,base,blf,rugged,210,7.7824,7.5341,8.187,7.7952,0.4552,30
spider,base,blf,rugged,211,7.7824,7.5341,8.1878,7.7976,0.4577,30
spider,base,blf,rugged,212,7.7824,7.5341,8.1878,7.7976,0.4577,30
spider,base,blf,rugged,213,7.7824,7.5341,8.1878,7.7976,0.4577,30
spider,base,blf,rugged,214,7.7824,7.5341,8.1878,7.7986,0.4575,30
spider,base,blf,rugged,215,7.7824,7.5341,8.1878,7.7995,0.4571,30
spider,base,blf,rugged,216,7.7824,7.5341,8.1878,7.7995,0.4571,30
spider,base,blf,rugged,217,7.7824,7.5341,8.1878,7.8001,0.4569,30
spider,base,blf,rugged,218,7.7824,7.5341,8.1878,7.8008,0.4568,30
spider,base,blf,rugged,219,7.8107,7.5341,8.1878,7.8053,0.4565,30
spider,base,blf,rugged,220,7.8107,7.5341,8.1878,7.8056,0.4564,30
spider,base,blf,rugged,221,7.8107,7.5341,8.1878,7.8077,0.4556,30
spider,base,blf,rugged,222,7.8107,7.5341,8.1878,7.809,0.4555,30
spider,base,blf,rugged,223,7.8107,7.5341,8.1878,7.8098,0.4555,30
spider,base,blf,rugged,224,7.8145,7.5341,8.1878,7.8104,0.4556,30
spider,base,blf,rugged,225,7.8145,7.5341,8.1878,7.8137,0.4527,30
spider,base,blf,rugged,226,7.8145,7.5341,8.1878,7.8141,0.4515,30
spider,base,blf,rugged,227,7.8231,7.5365,8.1878,7.8152,0.4519,30
spider,base,blf,rugged,228,7.8231,7.5365,8.1878,7.8161,0.4518,30
spider,base,blf,rugged,229,7.8231,7.5582,8.1878,7.8194,0.4513,30
spider,base,blf,rugged,230,7.8231,7.5582,8.1878,7.82,0.4512,30
spider,base,blf,rugged,231,7.8231,7.559,8.1878,7.8201,0.4512,30
spider,base,blf,rugged,232,7.8231,7.5611,8.1878,7.8206,0.4509,30
spider,base,blf,rugged,233,7.8231,7.5611,8.1878,7.8215,0.4506,30
spider,base,blf,rugged,234,7.8231,7.5756,8.1878,7.8301,0.4453,30
spider,base,blf,rugged,235,7.8231,7.5814,8.1878,7.8313,0.4452,30
spider,base,blf,rugged,236,7.8231,7.5814,8.1878,7.8319,0.4456,30
spider,base,blf,rugged,237,7.8231,7.5814,8.1878,7.8326,0.4463,30
spider,base,blf,rugged,238,7.8231,7.5832,8.1878,7.8335,0.4464,30
spider,base,blf,rugged,239,7.8231,7.5832,8.1878,7.8335,0.4464,30
spider,base,blf,rugged,240,7.8231,7.5832,8.1878,7.8335,0.4464,30
spider,base,blf,rugged,241,7.8231,7.5832,8.1878,7.8347,0.4468,30
spider,base,blf,rugged,242,7.8231,7.5832,8.1878,7.8349,0.4468,30
spider,base,blf,rugged,243,7.8231,7.5836,8.1878,7.8353,0.4465,30
spider,base,blf,rugged,244,7.8233,7.5836,8.1878,7.8354,0.4465,30
spider,base,blf,rugged,245,7.8233,7.5836,8.1878,7.8354,0.4466,30
spider,base,blf,rugged,246,7.8233,7.5836,8.1878,7.8354,0.4466,30
spider,base,blf,rugged,247,7.8233,7.5887,8.1878,7.8358,0.4463,30
spider,base,blf,rugged,248,7.8233,7.5887,8.1878,7.8393,0.4461,30
spider,base,blf,rugged,249,7.8233,7.5887,8.1878,7.8397,0.4466,30
spider,base,blf,rugged,250,7.8233,7.5887,8.1892,7.8402,0.4471,30
spider,base,blf,rugged,251,7.8233,7.5887,8.1892,7.8404,0.447,30
spider,base,blf,rugged,252,7.8233,7.5887,8.1892,7.8405,0.447,30
spider,base,blf,rugged,253,7.8233,7.5887,8.1932,7.8431,0.4473,30
spider,base,blf,rugged,254,7.8233,7.589,8.1932,7.8433,0.4473,30
spider,base,blf,rugged,255,7.8233,7.589,8.1932,7.8434,0.4472,30
spider,base,blf,rugged,256,7.8233,7.589,8.1932,7.8435,0.4471,30
spider,base,blf,rugged,257,7.8233,7.5928,8.1932,7.844,0.4468,30
spider,base,blf,rugged,258,7.8233,7.5928,8.1932,7.8443,0.4466,30
spider,base,blf,rugged,259,7.8233,7.5928,8.1953,7.8446,0.4468,30
spider,base,blf,rugged,260,7.8233,7.5928,8.1953,7.8449,0.4465,30
spider,base,blf,rugged,261,7.8233,7.5928,8.1953,7.8449,0.4465,30
spider,base,blf,rugged,262,7.8233,7.5928,8.1953,7.8486,0.4428,30
spider,base,blf,rugged,263,7.8233,7.6014,8.1953,7.8506,0.4434,30
spider,base,blf,rugged,264,7.8233,7.6014,8.2001,7.852,0.4429,30
spider,base,blf,rugged,265,7.8233,7.6061,8.2001,7.8529,0.4424,30
spider,base,blf,rugged,266,7.8233,7.6061,8.2019,7.8531,0.4426,30
spider,base,blf,rugged,267,7.8233,7.6061,8.2019,7.8535,0.4421,30
spider,base,blf,rugged,268,7.8233,7.6061,8.2019,7.8535,0.4421,30
spider,base,blf,rugged,269,7.8233,7.6061,8.202,7.8542,0.4424,30
spider,base,blf,rugged,270,7.8233,7.6061,8.202,7.8542,0.4424,30
spider,base,blf,rugged,271,7.8233,7.6061,8.202,7.8542,0.4424,30
spider,base,blf,rugged,272,7.8233,7.6061,8.202,7.8545,0.4427,30
spider,base,blf,rugged,273,7.8233,7.6061,8.202,7.8546,0.4429,30
spider,base,blf,rugged,274,7.8233,7.6061,8.202,7.8548,0.4427,30
spider,base,blf,rugged,275,7.8233,7.6061,8.202,7.8549,0.4426,30
spider,base,blf,rugged,276,7.8233,7.6061,8.202,7.8549,0.4427,30
spider,base,blf,rugged,277,7.825,7.6061,8.2095,7.8556,0.4429,30
spider,base,blf,rugged,278,7.825,7.6061,8.2095,7.8556,0.4429,30
spider,base,blf,rugged,279,7.825,7.6061,8.2095,7.8557,0.4429,30
spider,base,blf,rugged,280,7.825,7.6078,8.2095,7.8559,0.4431,30
spider,base,blf,rugged,281,7.825,7.6078,8.2105,7.8562,0.4433,30
spider,base,blf,rugged,282,7.825,7.6078,8.2105,7.857,0.4411,30
spider,base,blf,rugged,283,7.8347,7.6078,8.2105,7.8581,0.4416,30
spider,base,blf,rugged,284,7.8362,7.6078,8.2105,7.8593,0.443,30
spider,base,blf,rugged,285,7.8362,7.6078,8.2105,7.8596,0.4427,30
spider,base,blf,rugged,286,7.8362,7.6078,8.2105,7.8596,0.4427,30
spider,base,blf,rugged,287,7.8362,7.6078,8.2105,7.8596,0.4427,30
spider,base,blf,rugged,288,7.8362,7.6078,8.2105,7.8596,0.4427,30
spider,base,blf,rugged,289,7.8362,7.6078,8.2105,7.8596,0.4427,30
spider,base,blf,rugged,290,7.8362,7.6078,8.2105,7.8596,0.4427,30
spider,base,blf,rugged,291,7.8362,7.6078,8.2105,7.8596,0.4427,30
spider,base,blf,rugged,292,7.8569,7.6078,8.2105,7.8624,0.443,30
spider,base,blf,rugged,293,7.8569,7.6078,8.2105,7.8629,0.4429,30
spider,base,blf,rugged,294,7.8569,7.6078,8.2105,7.8633,0.4424,30
spider,base,blf,rugged,295,7.8569,7.6078,8.2105,7.8633,0.4424,30
spider,base,blf,rugged,296,7.8569,7.6078,8.2105,7.8636,0.4427,30
spider,base,blf,rugged,297,7.8569,7.6078,8.2105,7.8651,0.4407,30
spider,base,blf,rugged,298,7.8569,7.6078,8.2105,7.8651,0.4407,30
spider,base,blf,rugged,299,7.8569,7.6078,8.2105,7.8651,0.4407,30
spider,base,blf,rugged,300,7.8569,7.6078,8.2105,7.8651,0.4407,30
spider,phi,uncoupled,flat,1,2.014097500232546,1.7682399837114047,2.4631677727937493,2.1055611772854745,0.5561157869858309,30
spider,phi,uncoupled,flat,2,2.558607961655733,2.01606114699654,3.0109059016898634,2.573610707609297,0.6370664605667381,30
spider,phi,uncoupled,flat,3,2.779389946422467,2.411157468592162,3.232325741617315,2.8361652644710618,0.5609237858155792,30
spider,phi,uncoupled,flat,4,2.9609671316390758,2.6241369878304677,3.341145237718607,2.9964625993284892,0.5501788517369862,30
spider,phi,uncoupled,flat,5,3.223268607001036,2.6241369878304677,3.7114074003357405,3.1807556032723325,0.6375219089688602,30
spider,phi,uncoupled,flat,6,3.3122945305447207,2.7747751078266685,3.85137980152156,3.3983861419241777,0.6804043703341027,30
spider,phi,uncoupled,flat,7,3.597560970229768,3.029669018880627,3.8787658416623096,3.55232353504465,0.7105682505833119,30
spider,phi,uncoupled,flat,8,3.597560970229768,3.2210156576159275,3.8787658416623096,3.611255079267422,0.6764498145397292,30
spider,phi,uncoupled,flat,9,3.724910939484074,3.2210156576159275,3.8791521071119366,3.646099405913726,0.67234376236693,30
spider,phi,uncoupled,flat,10,3.7368208671449112,3.2902293342296094,4.002079124476035,3.6968168291457024,0.6580590708662375,30
spider,phi,uncoupled,flat,11,3.774265089101138,3.476555170777718,4.010207104603518,3.7842097934788717,0.5879715946680605,30
spider,phi,uncoupled,flat,12,3.8142944281101165,3.564130158525405,4.01573309770685,3.811596170615743,0.5757416759547588,30
spider,phi,uncoupled,flat,13,3.870461538617748,3.632827797812847,4.306810502539906,3.8934391631282805,0.5794526741981243,30
spider,phi,uncoupled,flat,14,3.904098635861092,3.658482125619735,4.31039688784141,3.939528945783913,0.5696620256084218,30
spider,phi,uncoupled,flat,15,3.9314065823227207,3.738248848690923,4.456274738817302,4.082283247824448,0.6667316670593779,30
spider,phi,uncoupled,flat,16,3.9314065823227207,3.738248848690923,4.456274738817302,4.0885862715773635,0.6662616675324341,30
spider,phi,uncoupled,flat,17,3.996328245083465,3.8345557506344727,4.543756624505945,4.147335779083439,0.6867926567258742,30
spider,phi,uncoupled,flat,18,4.187536971800118,3.8345557506344727,4.6185624305455395,4.22086289400968,0.6687718881465002,30
spider,phi,uncoupled,flat,19,4.27126829144798,3.859167535230163,4.777190024808879,4.274621599774855,0.65979322254164,30
spider,phi,uncoupled,flat,20,4.304340508489551,3.8835087599725817,4.777190024808879,4.296672970653173,0.6499284666703778,30
spider,phi,uncoupled,flat,21,4.304340508489551,3.8835087599725817,4.7877785921634,4.32215469785061,0.6711356813681546,30
spider,phi,uncoupled,flat,22,4.338681003837362,3.9009885008424554,4.806238675159601,4.371528077293086,0.6608837130976339,30
spider,phi,uncoupled,flat,23,4.338681003837362,3.9009885008424554,4.806238675159601,4.400749394354777,0.7003364889464878,30
spider,phi,uncoupled,flat,24,4.338681003837362,3.9009885008424554,4.875009703771063,4.4169156220517225,0.7086273564119093,30
spider,phi,uncoupled,flat,25,4.471169389594985,3.956688157127699,4.990605035709789,4.4699543045545385,0.7039456763081721,30
spider,phi,uncoupled,flat,26,4.471169389594985,3.956688157127699,4.990605035709789,4.483182129487761,0.7148145247794017,30
spider,phi,uncoupled,flat,27,4.547266028367114,3.956688157127699,5.122706382151601,4.567185825352561,0.7516920838058033,30
spider,phi,uncoupled,flat,28,4.646614738278588,4.015701177903642,5.142098284496651,4.611354985145355,0.7402998053772984,30
spider,phi,uncoupled,flat,29,4.646614738278588,4.104968585671713,5.142098284496651,4.644555864202458,0.7117631166620955,30
spider,phi,uncoupled,flat,30,4.695152556102985,4.272450391132191,5.142098284496651,4.684543200470065,0.7152944933627275,30
spider,phi,uncoupled,flat,31,4.695152556102985,4.331306783599194,5.173896744160148,4.718891070379983,0.6903707565120429,30
spider,phi,uncoupled,flat,32,4.732556015343368,4.331306783599194,5.304888864291146,4.791809078579806,0.7542852727334356,30
spider,phi,uncoupled,flat,33,4.732556015343368,4.406573880576653,5.304888864291146,4.865537690080013,0.7269916539120875,30
spider,phi,uncoupled,flat,34,4.774455050149374,4.417562538935604,5.326182387226502,4.900210018739591,0.737372148872136,30
spider,phi,uncoupled,flat,35,4.798022694774463,4.417562538935604,5.326182387226502,4.944556221378368,0.7937799476334316,30
spider,phi,uncoupled,flat,36,4.798022694774463,4.417562538935604,5.326182387226502,4.977943966987701,0.852459634239765,30
spider,phi,uncoupled,flat,37,4.843137045337768,4.417562538935604,5.356163548181484,5.02143541857127,0.8790024392204268,30
spider,phi,uncoupled,flat,38,4.843137045337768,4.510290848144461,5.43836572836906,5.045429623884193,0.8881527854065993,30
spider,phi,uncoupled,flat,39,4.843137045337768,4.622738916541377,5.558834036550378,5.089967774323295,0.8956438333913895,30
spider,phi,uncoupled,flat,40,4.854999185032664,4.622738916541377,5.558834036550378,5.106095791089006,0.8896100187800545,30
spider,phi,uncoupled,flat,41,4.854999185032664,4.622738916541377,5.558834036550378,5.123231242760609,0.9292968383017782,30
spider,phi,uncoupled,flat,42,4.913174514424769,4.638483146732375,5.585449107830197,5.162526347229169,0.9335909053934083,30
spider,phi,uncoupled,flat,43,4.913174514424769,4.638483146732375,5.777837005382748,5.201960188239637,0.9666146284798404,30
spider,phi,uncoupled,flat,44,5.042140454676554,4.676519141946095,5.777837005382748,5.254326091632545,0.9581139931096007,30
spider,phi,uncoupled,flat,45,5.042140454676554,4.676519141946095,5.777837005382748,5.258874686733916,0.9560067007073754,30
spider,phi,uncoupled,flat,46,5.042140454676554,4.676519141946095,5.777837005382748,5.2795732307734555,0.9904170063789351,30
spider,phi,uncoupled,flat,47,5.042140454676554,4.676519141946095,5.797498418109135,5.2973694335056845,1.0023052660151228,30
spider,phi,uncoupled,flat,48,5.191422125837915,4.676519141946095,5.797498418109135,5.327527036593237,0.9972912026604888,30
spider,phi,uncoupled,flat,49,5.191422125837915,4.676519141946095,5.797498418109135,5.327527036593237,0.9972912026604888,30
spider,phi,uncoupled,flat,50,5.299197178849793,4.756194071748084,5.797498418109135,5.433994483048877,0.9587495532991105,30
spider,phi,uncoupled,flat,51,5.299197178849793,4.756194071748084,5.797498418109135,5.448780799488412,0.9640819799039037,30
spider,phi,uncoupled,flat,52,5.299197178849793,4.833921343708518,5.878250587511104,5.502890857958621,0.974495156150949,30
spider,phi,uncoupled,flat,53,5.344776633658986,4.833921343708518,5.878250587511104,5.525981106445155,0.9755564041814649,30
spider,phi,uncoupled,flat,54,5.466047549520658,4.833921343708518,5.976888257410862,5.552599097090927,0.9786014492402386,30
spider,phi,uncoupled,flat,55,5.466047549520658,5.024535751083,6.278789626828831,5.63642287223053,0.9634996521342983,30
spider,phi,uncoupled,flat,56,5.496171229662968,5.119990237070056,6.338220093432353,5.688819894097818,0.9744868874598585,30
spider,phi,uncoupled,flat,57,5.531735342154363,5.155013219392509,6.344917416214598,5.721432297484442,0.9783208281245007,30
spider,phi,uncoupled,flat,58,5.531735342154363,5.155013219392509,6.344917416214598,5.721432297484442,0.9783208281245007,30
spider,phi,uncoupled,flat,59,5.627853738688683,5.155013219392509,6.401368299072766,5.760778978432148,0.9893358746221029,30
spider,phi,uncoupled,flat,60,5.9336897463863565,5.221245279712113,6.4414655092251945,5.824571323064017,0.993676362233856,30
spider,phi,uncoupled,flat,61,5.9336897463863565,5.221245279712113,6.594549791131084,5.8599494645273165,0.9951244103672713,30
spider,phi,uncoupled,flat,62,5.9336897463863565,5.221245279712113,6.626661837113681,5.91627145708107,1.038524849199864,30
spider,phi,uncoupled,flat,63,5.9336897463863565,5.221245279712113,6.682631341340736,5.946141757765708,1.0445577953285743,30
spider,phi,uncoupled,flat,64,6.155863483215141,5.2301653750453845,6.692389863054334,5.97663698173628,1.0527058095977755,30
spider,phi,uncoupled,flat,65,6.155863483215141,5.250822694742354,6.834813609773255,6.026673409273814,1.0611053759313498,30
spider,phi,uncoupled,flat,66,6.155863483215141,5.285611179128639,6.834813609773255,6.050947955438984,1.0546591603521538,30
spider,phi,uncoupled,flat,67,6.202054598241544,5.285611179128639,6.871102360256834,6.106425376369133,1.0861738685795754,30
spider,phi,uncoupled,flat,68,6.29359043065828,5.291641604988883,6.871102360256834,6.12266363237567,1.090298021030196,30
spider,phi,uncoupled,flat,69,6.366077257194275,5.380609374459169,7.092376023909217,6.174473091104838,1.1190004732442886,30
spider,phi,uncoupled,flat,70,6.485686229710064,5.452410956426094,7.092376023909217,6.228928302194873,1.1215921515519596,30
spider,phi,uncoupled,flat,71,6.490814119219985,5.541318392580839,7.092376023909217,6.281248621471944,1.1236273571421516,30
spider,phi,uncoupled,flat,72,6.708742768326342,5.541318392580839,7.118269490314762,6.349768795646453,1.151379508851562,30
spider,phi,uncoupled,flat,73,6.836712199112318,5.541318392580839,7.339420252957029,6.412788136004734,1.1578046125120451,30
spider,phi,uncoupled,flat,74,6.837106529919751,5.541318392580839,7.339420252957029,6.421927532092618,1.1482824216343566,30
spider,phi,uncoupled,flat,75,6.9183732562675795,5.658070551395131,7.346635486472855,6.48920051603192,1.1541004192335054,30
spider,phi,uncoupled,flat,76,6.9183732562675795,5.658070551395131,7.353670807955959,6.494014280388495,1.1557299021686873,30
spider,phi,uncoupled,flat,77,6.936518959265584,5.658070551395131,7.449325636526202,6.5477046531790535,1.142840246199606,30
spider,phi,uncoupled,flat,78,6.936518959265584,5.852244621004856,7.449325636526202,6.582237434845515,1.1268433126127055,30
spider,phi,uncoupled,flat,79,7.023331403489207,5.87068269987548,7.449325636526202,6.603951909639213,1.136066315388875,30
spider,phi,uncoupled,flat,80,7.023331403489207,5.87068269987548,7.455131680959079,6.626980323798773,1.1437355025175153,30
spider,phi,uncoupled,flat,81,7.023331403489207,5.87068269987548,7.455131680959079,6.641993420926983,1.1360373305308233,30
spider,phi,uncoupled,flat,82,7.025445825688077,5.881617479118095,7.455131680959079,6.699952986002551,1.1465865342336035,30
spider,phi,uncoupled,flat,83,7.082884893299056,5.9627821068900575,7.455131680959079,6.72405287556786,1.1427752254707764,30
spider,phi,uncoupled,flat,84,7.091497308362329,6.115140794803941,7.502526262589363,6.779445430144656,1.1714791069913242,30
spider,phi,uncoupled,flat,85,7.170104962732255,6.139282913744635,7.574107156427449,6.810339319452601,1.1694673199578034,30
spider,phi,uncoupled,flat,86,7.175573405486814,6.139282913744635,7.643177061599189,6.832906112316588,1.182917819504616,30
spider,phi,uncoupled,flat,87,7.221611756387992,6.249625683254705,7.643177061599189,6.8963726664183636,1.179235330519077,30
spider,phi,uncoupled,flat,88,7.221994808198739,6.40254104539506,7.643177061599189,6.929221957581812,1.1580960266152789,30
spider,phi,uncoupled,flat,89,7.2347105622789565,6.494763092757939,7.667104596075991,6.963014385707084,1.138695126498653,30
spider,phi,uncoupled,flat,90,7.2347105622789565,6.494763092757939,7.760204958786694,7.038654531414636,1.126678096630932,30
spider,phi,uncoupled,flat,91,7.244731975412792,6.537126952304332,7.760204958786694,7.07221664369659,1.1084853012139229,30
spider,phi,uncoupled,flat,92,7.377325863504914,6.537126952304332,7.802675724100461,7.1143783613887415,1.1159717080322082,30
spider,phi,uncoupled,flat,93,7.377325863504914,6.537126952304332,7.805104649290925,7.122861350928436,1.1120966010052549,30
spider,phi,uncoupled,flat,94,7.428264488111752,6.537126952304332,7.8429392766850645,7.139811565296979,1.120036412073666,30
spider,phi,uncoupled,flat,95,7.48535671324125,6.581448513176368,7.883092288526896,7.1616868692155515,1.1201019047062768,30
spider,phi,uncoupled,flat,96,7.497360058908261,6.581448513176368,7.938126979530426,7.185737635467665,1.1299306986759234,30
spider,phi,uncoupled,flat,97,7.527236899295375,6.667812377208389,7.940074313987017,7.217152935653156,1.1268647407975891,30
spider,phi,uncoupled,flat,98,7.576386239614447,6.70588361464595,7.951076497682985,7.263799443564079,1.1041443877902128,30
spider,phi,uncoupled,flat,99,7.645969755270849,6.732936271639769,7.973789533295742,7.298284556703904,1.1148009088336224,30
spider,phi,uncoupled,flat,100,7.648858170834021,6.732936271639769,8.067235269312786,7.309788037496184,1.1127218720412397,30
spider,phi,uncoupled,flat,101,7.681308871228943,6.7728022128117225,8.067235269312786,7.326938345243128,1.11294362112858,30
spider,phi,uncoupled,flat,102,7.681308871228943,6.7728022128117225,8.117629847187903,7.337662174277414,1.109294281825659,30
spider,phi,uncoupled,flat,103,7.699064230238625,6.798672037423842,8.147763322134002,7.388393560186988,1.0547289480758066,30
spider,phi,uncoupled,flat,104,7.7583670511413585,6.895185846208253,8.147763322134002,7.408860824337134,1.053742048273941,30
spider,phi,uncoupled,flat,105,7.792255769647564,6.923472826250822,8.147763322134002,7.431269069645027,1.035543946902138,30
spider,phi,uncoupled,flat,106,7.8084765733104575,7.167774499032721,8.147763322134002,7.46027378026068,1.0305380323674613,30
spider,phi,uncoupled,flat,107,7.832144477748638,7.202584845701056,8.147763322134002,7.47103432306588,1.0328820207384983,30
spider,phi,uncoupled,flat,108,7.85457225943574,7.281796769483105,8.147763322134002,7.5026031859133315,1.0372287256223027,30
spider,phi,uncoupled,flat,109,7.882546385974159,7.28479351914475,8.147763322134002,7.513094721924244,1.0417741820242583,30
spider,phi,uncoupled,flat,110,7.882546385974159,7.352924468960833,8.147763322134002,7.545214073859272,1.0371429945312103,30
spider,phi,uncoupled,flat,111,7.882546385974159,7.366109308848992,8.147763322134002,7.559967627966661,1.0352250059793011,30
spider,phi,uncoupled,flat,112,7.97708326280096,7.444618765411299,8.147763322134002,7.592158453177368,1.0427537529934015,30
spider,phi,uncoupled,flat,113,7.977230332431391,7.444618765411299,8.147763322134002,7.627215017265581,1.0235605801943188,30
spider,phi,uncoupled,flat,114,8.003647554816478,7.444618765411299,8.204115904056849,7.647419664936465,1.030056914885577,30
spider,phi,uncoupled,flat,115,8.003647554816478,7.444618765411299,8.22026135930013,7.658390073348875,1.0280137984177213,30
spider,phi,uncoupled,flat,116,8.003647554816478,7.447420518759223,8.22026135930013,7.6841745140783795,1.015959863791229,30
spider,phi,uncoupled,flat,117,8.020059590236274,7.447420518759223,8.223651542194949,7.700111384654044,1.0243765967652758,30
spider,phi,uncoupled,flat,118,8.061637798210995,7.447420518759223,8.224661722302992,7.719952591496026,1.0289529014178946,30
spider,phi,uncoupled,flat,119,8.063606968035643,7.681253933537386,8.288665746332544,7.763142958609759,1.0251651483149795,30
spider,phi,uncoupled,flat,120,8.099127460533394,7.681253933537386,8.293816592302061,7.7754299314545205,1.0234723906205299,30
spider,phi,uncoupled,flat,121,8.109840400429821,7.777543617525611,8.297666961116349,7.792763540793761,1.0234418511459746,30
spider,phi,uncoupled,flat,122,8.118755355994205,7.777543617525611,8.297666961116349,7.799588702549614,1.0258237093603768,30
spider,phi,uncoupled,flat,123,8.121781467917767,7.777543617525611,8.297666961116349,7.8088068329918485,1.0311545944667388,30
spider,phi,uncoupled,flat,124,8.133331354491734,7.777543617525611,8.3662675922136,7.8272457152692665,1.0266071180640544,30
spider,phi,uncoupled,flat,125,8.133331354491734,7.777543617525611,8.377935654233434,7.85486643864173,0.9890173205472195,30
spider,phi,uncoupled,flat,126,8.169147960585601,7.777543617525611,8.38044058595196,7.87489242211915,0.9838938780541259,30
spider,phi,uncoupled,flat,127,8.17906588398981,7.777543617525611,8.39532254385114,7.8884289252425,0.9880616983231805,30
spider,phi,uncoupled,flat,128,8.17906588398981,7.777543617525611,8.39532254385114,7.91328995153366,0.9377697651491351,30
spider,phi,uncoupled,flat,129,8.193346243138635,7.777543617525611,8.415690486497294,7.924394160718221,0.9365542753816424,30
spider,phi,uncoupled,flat,130,8.193346243138635,7.777543617525611,8.428551974296559,7.93404438981294,0.9402582072938334,30
spider,phi,uncoupled,flat,131,8.20236154686178,7.777543617525611,8.428551974296559,7.942080226718756,0.9386831684136503,30
spider,phi,uncoupled,flat,132,8.246875034405273,7.778348914881377,8.46730344880881,7.9721592822723215,0.9451929058378506,30
spider,phi,uncoupled,flat,133,8.265117644998456,7.778348914881377,8.46730344880881,7.998633967578104,0.9290588549785518,30
spider,phi,uncoupled,flat,134,8.265117644998456,7.933976481518131,8.474610471970006,8.017146486667285,0.9280936152784643,30
spider,phi,uncoupled,flat,135,8.302674535491763,7.933976481518131,8.517290947500028,8.032838228667025,0.9326206383082737,30
spider,phi,uncoupled,flat,136,8.302674535491763,7.933976481518131,8.518546323389584,8.043725342685654,0.9331003575061465,30
spider,phi,uncoupled,flat,137,8.330347127796383,7.933976481518131,8.52794550294277,8.059125678465248,0.9345975883164599,30
spider,phi,uncoupled,flat,138,8.330347127796383,7.933976481518131,8.530865454213545,8.064065652134515,0.9352562284989562,30
spider,phi,uncoupled,flat,139,8.342313793428822,7.933976481518131,8.57740017657594,8.085686653411571,0.9446443035205411,30
spider,phi,uncoupled,flat,140,8.362994196204447,7.9731437309808095,8.597384890212915,8.098571403482628,0.9471951762237516,30
spider,phi,uncoupled,flat,141,8.380387160846794,8.015171163610454,8.597384890212915,8.115416970467484,0.9317340534357408,30
spider,phi,uncoupled,flat,142,8.385649959157046,8.015171163610454,8.597384890212915,8.12778455033886,0.9230732400382482,30
spider,phi,uncoupled,flat,143,8.41614605562997,8.015171163610454,8.611539947272975,8.137879167599584,0.9252558203675235,30
spider,phi,uncoupled,flat,144,8.41614605562997,8.015171163610454,8.646051939564103,8.150808614310952,0.9270760212062582,30
spider,phi,uncoupled,flat,145,8.434291869111135,8.015171163610454,8.655839827875608,8.159438907573055,0.9317788728886413,30
spider,phi,uncoupled,flat,146,8.43723684419244,8.015171163610454,8.685773021706694,8.162513148310962,0.9330181795716319,30
spider,phi,uncoupled,flat,147,8.44714557088594,8.015171163610454,8.699049185729951,8.167442141886662,0.9363985738866306,30
spider,phi,uncoupled,flat,148,8.44714557088594,8.015171163610454,8.704163597446438,8.180587259296876,0.9267569260977506,30
spider,phi,uncoupled,flat,149,8.44714557088594,8.015171163610454,8.713400325580675,8.184671740027648,0.9286332387027552,30
spider,phi,uncoupled,flat,150,8.44714557088594,8.027952669432281,8.759075636208074,8.202346215814783,0.9229209095631349,30
spider,phi,uncoupled,flat,151,8.450397479635882,8.06235632116644,8.759075636208074,8.22451876757026,0.9058091480678637,30
spider,phi,uncoupled,flat,152,8.450564027179968,8.111429779930138,8.759075636208074,8.231221785515007,0.9065713873585125,30
spider,phi,uncoupled,flat,153,8.450564027179968,8.111429779930138,8.759075636208074,8.244421449337876,0.906574182557154,30
spider,phi,uncoupled,flat,154,8.461744744496915,8.118215162827978,8.773146200553942,8.252282295238384,0.9035319474704433,30
spider,phi,uncoupled,flat,155,8.484029730904494,8.118579745174133,8.773146200553942,8.258084626457565,0.9030599703146992,30
spider,phi,uncoupled,flat,156,8.487002620484631,8.151906884862084,8.774039104230845,8.267193144239057,0.905516309829809,30
spider,phi,uncoupled,flat,157,8.489346446951725,8.16178378142004,8.774039104230845,8.276481552962817,0.9089079600874482,30
spider,phi,uncoupled,flat,158,8.519587630017533,8.169844314603587,8.774039104230845,8.294523707351901,0.9015105158240002,30
spider,phi,uncoupled,flat,159,8.519587630017533,8.179745509798488,8.774039104230845,8.29860730239114,0.9021150062408613,30
spider,phi,uncoupled,flat,160,8.519587630017533,8.231114996268538,8.779401533379504,8.311016887108218,0.9060024967319188,30
spider,phi,uncoupled,flat,161,8.542132510413513,8.231114996268538,8.802327822448891,8.31944159824728,0.9075815996209098,30
spider,phi,uncoupled,flat,162,8.544369921326428,8.231450627365241,8.820073934764533,8.34051605309168,0.881679020245894,30
spider,phi,uncoupled,flat,163,8.550898108576959,8.233173541852583,8.820073934764533,8.344363780103244,0.8778686924229347,30
spider,phi,uncoupled,flat,164,8.557036982578296,8.233173541852583,8.820073934764533,8.351112068895027,0.8763602878618643,30
spider,phi,uncoupled,flat,165,8.557282580178052,8.271499569720685,8.83208040022328,8.359479359235799,0.878924228318611,30
spider,phi,uncoupled,flat,166,8.559515956235524,8.271499569720685,8.83208040022328,8.371866668903856,0.8766873650131681,30
spider,phi,uncoupled,flat,167,8.575506214989502,8.271499569720685,8.874650859998727,8.381539376629968,0.8791878500951121,30
spider,phi,uncoupled,flat,168,8.592940638515202,8.271499569720685,8.874650859998727,8.391338969911082,0.8822019692298739,30
spider,phi,uncoupled,flat,169,8.592940638515202,8.31671154945566,8.874650859998727,8.39956700263086,0.878356163905348,30
spider,phi,uncoupled,flat,170,8.592940638515202,8.31671154945566,8.874650859998727,8.405380193440283,0.8787786859029383,30
spider,phi,uncoupled,flat,171,8.592940638515202,8.31671154945566,8.886246469111056,8.41108148864537,0.8783601876653001,30
spider,phi,uncoupled,flat,172,8.60558288555604,8.31671154945566,8.906215902990056,8.42059582186171,0.8832153430006039,30
spider,phi,uncoupled,flat,173,8.612132224827725,8.31671154945566,8.922049909705557,8.426701390907446,0.885185708763642,30
spider,phi,uncoupled,flat,174,8.612132224827725,8.326415373057436,8.922049909705557,8.432720245365509,0.885843744937785,30
spider,phi,uncoupled,flat,175,8.626986066238974,8.326415373057436,8.948091629506612,8.440828097468676,0.8881131062650631,30
spider,phi,uncoupled,flat,176,8.626986066238974,8.326415373057436,8.961443086705415,8.45509267026258,0.881627303165215,30
spider,phi,uncoupled,flat,177,8.626986066238974,8.332133102667765,8.961443086705415,8.462496297394667,0.8857306539519526,30
spider,phi,uncoupled,flat,178,8.626986066238974,8.332133102667765,8.961443086705415,8.463898603548335,0.8862999060143488,30
spider,phi,uncoupled,flat,179,8.626986066238974,8.341573701440057,8.961443086705415,8.48049413435153,0.8402225847674285,30
spider,phi,uncoupled,flat,180,8.630869521776395,8.359959827350487,8.961937553886237,8.487036473744606,0.839765228476788,30
spider,phi,uncoupled,flat,181,8.630869521776395,8.359959827350487,8.963092013977482,8.492704200580528,0.8409542465893177,30
spider,phi,uncoupled,flat,182,8.63802636177306,8.368813546493989,8.963092013977482,8.503481150480301,0.8386536130571539,30
spider,phi,uncoupled,flat,183,8.63802636177306,8.39506781894248,8.963711534602737,8.512586516081871,0.842315035446541,30
spider,phi,uncoupled,flat,184,8.646662399742297,8.39506781894248,8.96955163936725,8.518558395881142,0.8442682337905583,30
spider,phi,uncoupled,flat,185,8.654582707745902,8.39506781894248,8.972078550977079,8.523717365571693,0.8445636190303564,30
spider,phi,uncoupled,flat,186,8.654582707745902,8.39506781894248,8.980364491131164,8.52782571466703,0.8465088235083142,30
spider,phi,uncoupled,flat,187,8.656912770202911,8.407714594016085,8.982260242998201,8.53178585033516,0.8436321803896101,30
spider,phi,uncoupled,flat,188,8.673114653948382,8.407714594016085,8.98858099891175,8.535838101269816,0.8433008201626301,30
spider,phi,uncoupled,flat,189,8.719415374875016,8.408364989073274,8.99004843401747,8.541322355609736,0.8449247557343276,30
spider,phi,uncoupled,flat,190,8.733820751094823,8.411793342202516,8.99004843401747,8.54861791483992,0.845637464669988,30
spider,phi,uncoupled,flat,191,8.733820751094823,8.41669893643003,8.99004843401747,8.550218228910826,0.8461922412311302,30
spider,phi,uncoupled,flat,192,8.733820751094823,8.436231246015605,8.99004843401747,8.561439055012753,0.8151391870751561,30
spider,phi,uncoupled,flat,193,8.733820751094823,8.437308351543964,8.995648163961567,8.56369084403013,0.8154406781844592,30
spider,phi,uncoupled,flat,194,8.746363146060666,8.457286942675399,8.998319757108982,8.582477769884836,0.7649264008924889,30
spider,phi,uncoupled,flat,195,8.746363146060666,8.463508681280512,9.010947808761133,8.585511718263529,0.7646175528022217,30
spider,phi,uncoupled,flat,196,8.746363146060666,8.463508681280512,9.015788557087758,8.604120747246242,0.715938025967983,30
spider,phi,uncoupled,flat,197,8.746363146060666,8.463508681280512,9.018388700457091,8.604270095074545,0.715985864939212,30
spider,phi,uncoupled,flat,198,8.7637186618798,8.4663681711753,9.019162628171777,8.608623769259514,0.7163571855400239,30
spider,phi,uncoupled,flat,199,8.7637186618798,8.469638031678686,9.019162628171777,8.615628911437046,0.7172537360827317,30
spider,phi,uncoupled,flat,200,8.777470884767542,8.469638031678686,9.019162628171777,8.61833449500532,0.7172314500122879,30
spider,phi,uncoupled,flat,201,8.781672915736479,8.469638031678686,9.019162628171777,8.644514544921313,0.6323704526306808,30
spider,phi,uncoupled,flat,202,8.781672915736479,8.496762340288914,9.01985586948143,8.648327149309425,0.6315583689220853,30
spider,phi,uncoupled,flat,203,8.784181042653895,8.505117307115345,9.025633777798449,8.653216738551007,0.6271294587411803,30
spider,phi,uncoupled,flat,204,8.784181042653895,8.53486338890006,9.02694420677023,8.658578225253036,0.6274895167987264,30
spider,phi,uncoupled,flat,205,8.785325839032861,8.546034823549316,9.02694420677023,8.659327101786888,0.6271120951248781,30
spider,phi,uncoupled,flat,206,8.785325839032861,8.577029619136034,9.02694420677023,8.663920075574367,0.6260307061442872,30
spider,phi,uncoupled,flat,207,8.792269254248474,8.577029619136034,9.028200905578494,8.66765820178974,0.6265039958788579,30
spider,phi,uncoupled,flat,208,8.799079595559107,8.577029619136034,9.028200905578494,8.672780846343345,0.6271873533509525,30
spider,phi,uncoupled,flat,209,8.799079595559107,8.577029619136034,9.028200905578494,8.674618771638212,0.6281772032269202,30
spider,phi,uncoupled,flat,210,8.799119050199142,8.577029619136034,9.034091795482091,8.678337116664242,0.630368492261652,30
spider,phi,uncoupled,flat,211,8.806376009843639,8.577029619136034,9.036049247265867,8.680586304923692,0.6304000737990251,30
spider,phi,uncoupled,flat,212,8.806376009843639,8.577029619136034,9.036049247265867,8.682010121275463,0.631040433891512,30
spider,phi,uncoupled,flat,213,8.806376009843639,8.577029619136034,9.036323874204864,8.685803309117757,0.6310586702835274,30
spider,phi,uncoupled,flat,214,8.806376009843639,8.594914406361848,9.03785197387279,8.690398417970295,0.6333038621901982,30
spider,phi,uncoupled,flat,215,8.81551347116804,8.594914406361848,9.039550473386514,8.693068205808997,0.6343476670914129,30
spider,phi,uncoupled,flat,216,8.81551347116804,8.597909288082205,9.04167546727282,8.694629550821869,0.6347384751424562,30
spider,phi,uncoupled,flat,217,8.81551347116804,8.597909288082205,9.042396532761405,8.697706633575649,0.6337058665978631,30
spider,phi,uncoupled,flat,218,8.8187061175746,8.597909288082205,9.042396532761405,8.699317866276528,0.6328900156033374,30
spider,phi,uncoupled,flat,219,8.825965174342102,8.597909288082205,9.042396532761405,8.706456250980048,0.6121633095487263,30
spider,phi,uncoupled,flat,220,8.82663601819766,8.59927504120872,9.042396532761405,8.70855915164262,0.6133806518931472,30
spider,phi,uncoupled,flat,221,8.844899554342712,8.59927504120872,9.042396532761405,8.71368935315308,0.6141306383008538,30
spider,phi,uncoupled,flat,222,8.844899554342712,8.604135569382429,9.042396532761405,8.71498136476754,0.6144110108065653,30
spider,phi,uncoupled,flat,223,8.844899554342712,8.604960606286362,9.045322155366712,8.717987613601334,0.6103367750819064,30
spider,phi,uncoupled,flat,224,8.844899554342712,8.615798300985528,9.045322155366712,8.721982416119582,0.6110347819284438,30
spider,phi,uncoupled,flat,225,8.84806940090132,8.615798300985528,9.046907252833279,8.723801003431923,0.6110144879019116,30
spider,phi,uncoupled,flat,226,8.849045979873646,8.617959203452017,9.047540046949026,8.724654701129035,0.6115349614638169,30
spider,phi,uncoupled,flat,227,8.86103165363022,8.617959203452017,9.047540046949026,8.726288725866404,0.6121849104062971,30
spider,phi,uncoupled,flat,228,8.86103165363022,8.621531636069951,9.047540046949026,8.72792499926265,0.6133661168510565,30
spider,phi,uncoupled,flat,229,8.86955246223766,8.624219936097692,9.047540046949026,8.73524486200417,0.6000860723207281,30
spider,phi,uncoupled,flat,230,8.86955246223766,8.625974579451615,9.055577358402031,8.739619441909182,0.6024444594257466,30
spider,phi,uncoupled,flat,231,8.871812373202498,8.625974579451615,9.055577358402031,8.746243885302238,0.5880265129463675,30
spider,phi,uncoupled,flat,232,8.878266688975915,8.635026685789107,9.058172558895661,8.75225137677602,0.5790646166283123,30
spider,phi,uncoupled,flat,233,8.878266688975915,8.638300952527619,9.058172558895661,8.75423143685524,0.5789265987680492,30
spider,phi,uncoupled,flat,234,8.878266688975915,8.638300952527619,9.058172558895661,8.756502417954714,0.5803084351404317,30
spider,phi,uncoupled,flat,235,8.883237178120629,8.638300952527619,9.058172558895661,8.758859233523342,0.58083779553104,30
spider,phi,uncoupled,flat,236,8.883237178120629,8.638300952527619,9.058172558895661,8.761564287851055,0.580731515918666,30
spider,phi,uncoupled,flat,237,8.883806435450117,8.641256517263415,9.058172558895661,8.763333094040412,0.5816851835267468,30
spider,phi,uncoupled,flat,238,8.892131050665252,8.647163154966215,9.060424005070985,8.776473401192009,0.5574147907174617,30
spider,phi,uncoupled,flat,239,8.893413581588867,8.647163154966215,9.060424005070985,8.777894138686465,0.5587041013623393,30
spider,phi,uncoupled,flat,240,8.896976321227811,8.647401247315734,9.061508458586214,8.778612963692087,0.5581696376624092,30
spider,phi,uncoupled,flat,241,8.896976321227811,8.653783769525758,9.061508458586214,8.78915925631112,0.5365090461335886,30
spider,phi,uncoupled,flat,242,8.904906316680083,8.653783769525758,9.061508458586214,8.790756290505142,0.537658015242633,30
spider,phi,uncoupled,flat,243,8.904906316680083,8.655639652252248,9.061508458586214,8.79212375722325,0.5379396829615982,30
spider,phi,uncoupled,flat,244,8.904906316680083,8.6561936338284,9.062403912739324,8.792447568844345,0.5374322036809626,30
spider,phi,uncoupled,flat,245,8.905337830410103,8.660645850103629,9.062419400347757,8.79325881120045,0.5376650919629241,30
spider,phi,uncoupled,flat,246,8.905337830410103,8.660645850103629,9.06329436892036,8.79766761604487,0.5432698929870284,30
spider,phi,uncoupled,flat,247,8.905337830410103,8.664136319326376,9.063364712393984,8.799695805298104,0.5436922247470515,30
spider,phi,uncoupled,flat,248,8.90908203698901,8.665087853833548,9.064577183415789,8.800762366150135,0.543614206600928,30
spider,phi,uncoupled,flat,249,8.911922692030773,8.666845726455394,9.068832179252276,8.803951527896173,0.5447441305041902,30
spider,phi,uncoupled,flat,250,8.911922692030773,8.666845726455394,9.069649567836658,8.804506649069845,0.5452754796987354,30
spider,phi,uncoupled,flat,251,8.911922692030773,8.666845726455394,9.069649567836658,8.805246420429773,0.5449445694910806,30
spider,phi,uncoupled,flat,252,8.912039989677668,8.666845726455394,9.069649567836658,8.805855646552889,0.5455016332175201,30
spider,phi,uncoupled,flat,253,8.913026437835143,8.66748123927447,9.069649567836658,8.806562544516591,0.5461844578403876,30
spider,phi,uncoupled,flat,254,8.919209667728456,8.668359183972964,9.069649567836658,8.807366581843437,0.5463170505239968,30
spider,phi,uncoupled,flat,255,8.919209667728456,8.670004825425133,9.070279203840272,8.808226039626152,0.5466550856081036,30
spider,phi,uncoupled,flat,256,8.919209667728456,8.673013512940559,9.070279203840272,8.811244058669292,0.5468465670125231,30
spider,phi,uncoupled,flat,257,8.92127430265188,8.673013512940559,9.070279203840272,8.812749095935272,0.5448665063957558,30
spider,phi,uncoupled,flat,258,8.922059448940017,8.673013512940559,9.070279203840272,8.813415923077722,0.5439814806384816,30
spider,phi,uncoupled,flat,259,8.922059448940017,8.67365645525351,9.071518113204789,8.81482381177493,0.5435678126660888,30
spider,phi,uncoupled,flat,260,8.922059448940017,8.67365645525351,9.071692577224562,8.816612691413967,0.5443895202729179,30
spider,phi,uncoupled,flat,261,8.92275040124309,8.674082868291569,9.073538621681672,8.81855926087676,0.5472781977656889,30
spider,phi,uncoupled,flat,262,8.92736531044727,8.675022865581257,9.073538621681672,8.823750398388828,0.5395107507984147,30
spider,phi,uncoupled,flat,263,8.92736531044727,8.677374509950942,9.073686853122867,8.825437471210114,0.5402157787004169,30
spider,phi,uncoupled,flat,264,8.92736531044727,8.677374509950942,9.075669899516921,8.826366665598192,0.5400766602551264,30
spider,phi,uncoupled,flat,265,8.92978840273346,8.677374509950942,9.077227929218612,8.827447067840705,0.5405554023139452,30
spider,phi,uncoupled,flat,266,8.92978840273346,8.677374509950942,9.086655312128112,8.829326240497005,0.5401992118718625,30
spider,phi,uncoupled,flat,267,8.92978840273346,8.679961460108997,9.087411062308643,8.830890208772356,0.5420094793886195,30
spider,phi,uncoupled,flat,268,8.931205105810367,8.679961460108997,9.09176060265748,8.832823607558156,0.5426885071021531,30
spider,phi,uncoupled,flat,269,8.936487360056244,8.679961460108997,9.09176060265748,8.833483746947934,0.5428652840620396,30
spider,phi,uncoupled,flat,270,8.936487360056244,8.681206321190903,9.09176060265748,8.833846436391633,0.5428997387781342,30
spider,phi,uncoupled,flat,271,8.936487360056244,8.681332204486782,9.09176060265748,8.835288311023028,0.5419187568216915,30
spider,phi,uncoupled,flat,272,8.936487360056244,8.681332204486782,9.092125318180381,8.83577232027638,0.5420507691862819,30
spider,phi,uncoupled,flat,273,8.936487360056244,8.682277156912704,9.092125318180381,8.83884244473998,0.5448502828126421,30
spider,phi,uncoupled,flat,274,8.936487360056244,8.68294579879975,9.092125318180381,8.84285029071309,0.5396797335806502,30
spider,phi,uncoupled,flat,275,8.936487360056244,8.683578881723989,9.092125318180381,8.847260001534705,0.5354559127053772,30
spider,phi,uncoupled,flat,276,8.937002085271637,8.683578881723989,9.092125318180381,8.848319111729621,0.5361195520449163,30
spider,phi,uncoupled,flat,277,8.937002085271637,8.683578881723989,9.092125318180381,8.848954716697275,0.5364325671971433,30
spider,phi,uncoupled,flat,278,8.937768275452921,8.683578881723989,9.092356403403123,8.849695564099152,0.5365648358587413,30
spider,phi,uncoupled,flat,279,8.937768275452921,8.684381828799399,9.092356403403123,8.849966246032348,0.53654731282001,30
spider,phi,uncoupled,flat,280,8.937768275452921,8.684381828799399,9.095617906382309,8.850406224009024,0.5366425521817968,30
spider,phi,uncoupled,flat,281,8.937768275452921,8.685777945360247,9.095617906382309,8.850791968489387,0.536641067219045,30
spider,phi,uncoupled,flat,282,8.937768275452921,8.685866116701305,9.095617906382309,8.850926261147606,0.5365041168087418,30
spider,phi,uncoupled,flat,283,8.937768275452921,8.685866116701305,9.095617906382309,8.851715321547955,0.5374305914523126,30
spider,phi,uncoupled,flat,284,8.937797370697293,8.685866116701305,9.096314495197,8.852699931036346,0.5368572710551982,30
spider,phi,uncoupled,flat,285,8.938040064125916,8.68589254085633,9.096314495197,8.853067326221298,0.5366962043199234,30
spider,phi,uncoupled,flat,286,8.938040064125916,8.68589254085633,9.096314495197,8.854746542059734,0.5379214972640936,30
spider,phi,uncoupled,flat,287,8.938040064125916,8.68589254085633,9.096314495197,8.854746542059734,0.5379214972640936,30
spider,phi,uncoupled,flat,288,8.939183740323475,8.68589254085633,9.096314495197,8.856048323385247,0.5398930671131231,30
spider,phi,uncoupled,flat,289,8.939412148576121,8.68589254085633,9.09694914124313,8.85667276430802,0.5396580985267633,30
spider,phi,uncoupled,flat,290,8.939412148576121,8.68589254085633,9.09694914124313,8.85886663535583,0.5374039957190939,30
spider,phi,uncoupled,flat,291,8.939412148576121,8.688179138923028,9.09694914124313,8.859023818807731,0.5373792270204666,30
spider,phi,uncoupled,flat,292,8.939412148576121,8.688179138923028,9.09694914124313,8.860109423493407,0.5369173660551191,30
spider,phi,uncoupled,flat,293,8.939975348291885,8.688179138923028,9.09694914124313,8.860405948580228,0.5369697236630386,30
spider,phi,uncoupled,flat,294,8.941552834563417,8.689523168868007,9.098103327060652,8.861394079890959,0.5374232152681617,30
spider,phi,uncoupled,flat,295,8.941552834563417,8.689725652875659,9.098103327060652,8.861557900694967,0.537402124542152,30
spider,phi,uncoupled,flat,296,8.942952403892866,8.689725652875659,9.098103327060652,8.862406851056713,0.5384402846117652,30
spider,phi,uncoupled,flat,297,8.944751265726776,8.689725652875659,9.100405064688692,8.863919289363146,0.5373851740267414,30
spider,phi,uncoupled,flat,298,8.944751265726776,8.689725652875659,9.100405064688692,8.86529926393274,0.5400135470066333,30
spider,phi,uncoupled,flat,299,8.944751265726776,8.689725652875659,9.100405064688692,8.866786141899034,0.5387510115002931,30
spider,phi,uncoupled,flat,300,8.945568435060562,8.689879313468817,9.100405064688692,8.867056280487825,0.5385587263928489,30
spider,phi,uncoupled,rugged,1,1.7806,1.5909,1.9904,1.8625,0.6337,30
spider,phi,uncoupled,rugged,2,2.0781,1.7985,2.4584,2.2283,0.6734,30
spider,phi,uncoupled,rugged,3,2.5493,2.1146,2.8219,2.5751,0.5712,30
spider,phi,uncoupled,rugged,4,2.6941,2.3454,3.0168,2.7226,0.5419,30
spider,phi,uncoupled,rugged,5,2.7385,2.562,3.1038,2.8351,0.5783,30
spider,phi,uncoupled,rugged,6,2.9233,2.6667,3.4564,3.0597,0.5865,30
spider,phi,uncoupled,rugged,7,3.096,2.7748,3.4564,3.1682,0.5461,30
spider,phi,uncoupled,rugged,8,3.1853,2.8504,3.5888,3.2839,0.5437,30
spider,phi,uncoupled,rugged,9,3.3711,3.0739,3.647,3.4032,0.4815,30
spider,phi,uncoupled,rugged,10,3.4503,3.1621,3.6904,3.4705,0.479,30
spider,phi,uncoupled,rugged,11,3.4683,3.1665,3.7611,3.5541,0.5835,30
spider,phi,uncoupled,rugged,12,3.6639,3.4134,4.0094,3.7114,0.5565,30
spider,phi,uncoupled,rugged,13,3.6666,3.4134,4.0415,3.7548,0.5832,30
spider,phi,uncoupled,rugged,14,3.7488,3.4134,4.1959,3.7976,0.587,30
spider,phi,uncoupled,rugged,15,3.7488,3.4134,4.2693,3.8493,0.5924,30
spider,phi,uncoupled,rugged,16,3.8724,3.4134,4.2993,3.8949,0.6034,30
spider,phi,uncoupled,rugged,17,3.8724,3.4134,4.2993,3.9004,0.6097,30
spider,phi,uncoupled,rugged,18,3.8724,3.4134,4.2993,3.902,0.6079,30
spider,phi,uncoupled,rugged,19,4.0683,3.514,4.3715,4.0276,0.5691,30
spider,phi,uncoupled,rugged,20,4.0793,3.6805,4.3715,4.0479,0.5589,30
spider,phi,uncoupled,rugged,21,4.0793,3.6805,4.3715,4.0558,0.5491,30
spider,phi,uncoupled,rugged,22,4.0793,3.7132,4.3948,4.1095,0.6037,30
spider,phi,uncoupled,rugged,23,4.1224,3.8168,4.5711,4.1867,0.6118,30
spider,phi,uncoupled,rugged,24,4.285,3.8168,4.6023,4.2264,0.6146,30
spider,phi,uncoupled,rugged,25,4.2965,3.8605,4.6521,4.3134,0.6455,30
spider,phi,uncoupled,rugged,26,4.4517,3.9033,4.6684,4.4349,0.7204,30
spider,phi,uncoupled,rugged,27,4.4853,4.0272,4.6684,4.4686,0.7222,30
spider,phi,uncoupled,rugged,28,4.4853,4.0272,4.7826,4.4937,0.7057,30
spider,phi,uncoupled,rugged,29,4.5182,4.1197,4.7826,4.5428,0.7151,30
spider,phi,uncoupled,rugged,30,4.559,4.2726,5.0234,4.5964,0.7137,30
spider,phi,uncoupled,rugged,31,4.5827,4.2726,5.1297,4.63,0.7288,30
spider,phi,uncoupled,rugged,32,4.6711,4.2797,5.1608,4.7107,0.739,30
spider,phi,uncoupled,rugged,33,4.7499,4.3566,5.2963,4.7861,0.7824,30
spider,phi,uncoupled,rugged,34,4.9194,4.5332,5.3814,4.8726,0.8244,30
spider,phi,uncoupled,rugged,35,5.0574,4.5777,5.5027,4.9764,0.8679,30
spider,phi,uncoupled,rugged,36,5.1535,4.5777,5.5993,5.0768,0.867,30
spider,phi,uncoupled,rugged,37,5.1858,4.5777,5.6033,5.1046,0.8346,30
spider,phi,uncoupled,rugged,38,5.2093,4.5777,5.6033,5.1112,0.8344,30
spider,phi,uncoupled,rugged,39,5.2093,4.5777,5.6033,5.1178,0.819,30
spider,phi,uncoupled,rugged,40,5.2093,4.5777,5.6584,5.164,0.8677,30
spider,phi,uncoupled,rugged,41,5.2093,4.595,5.8377,5.1951,0.8763,30
spider,phi,uncoupled,rugged,42,5.2093,4.595,5.9794,5.2338,0.9041,30
spider,phi,uncoupled,rugged,43,5.2215,4.595,5.9794,5.2557,0.8796,30
spider,phi,uncoupled,rugged,44,5.3155,4.595,5.9794,5.2902,0.8698,30
spider,phi,uncoupled,rugged,45,5.4206,4.595,6.1086,5.3624,0.9101,30
spider,phi,uncoupled,rugged,46,5.4206,4.6082,6.2088,5.3885,0.9206,30
spider,phi,uncoupled,rugged,47,5.5412,4.6082,6.2643,5.4431,0.9452,30
spider,phi,uncoupled,rugged,48,5.5987,4.6137,6.2725,5.5302,0.9827,30
spider,phi,uncoupled,rugged,49,5.623,5.198,6.3875,5.6319,1.0051,30
spider,phi,uncoupled,rugged,50,5.7397,5.2153,6.3875,5.6806,0.9997,30
spider,phi,uncoupled,rugged,51,5.9013,5.3672,6.3875,5.7224,0.9909,30
spider,phi,uncoupled,rugged,52,5.9518,5.3672,6.406,5.7533,0.9955,30
spider,phi,uncoupled,rugged,53,5.9751,5.3672,6.4062,5.777,1.0128,30
spider,phi,uncoupled,rugged,54,5.9751,5.3672,6.572,5.7933,1.0229,30
spider,phi,uncoupled,rugged,55,5.9927,5.3672,6.6532,5.8507,1.0258,30
spider,phi,uncoupled,rugged,56,6.0457,5.4179,6.68,5.9037,1.0244,30
spider,phi,uncoupled,rugged,57,6.0868,5.4179,6.7315,5.9568,1.02,30
spider,phi,uncoupled,rugged,58,6.1197,5.4179,6.7511,5.9709,1.0291,30
spider,phi,uncoupled,rugged,59,6.1197,5.4179,6.8094,5.9771,1.0312,30
spider,phi,uncoupled,rugged,60,6.1787,5.4179,6.8632,6.0208,1.0411,30
spider,phi,uncoupled,rugged,61,6.2118,5.4179,6.9237,6.0509,1.0567,30
spider,phi,uncoupled,rugged,62,6.2118,5.4179,6.9568,6.0882,1.068,30
spider,phi,uncoupled,rugged,63,6.2509,5.4179,6.9757,6.1062,1.0625,30
spider,phi,uncoupled,rugged,64,6.2735,5.4179,7.0452,6.1289,1.08,30
spider,phi,uncoupled,rugged,65,6.3062,5.4179,7.1762,6.17,1.1138,30
spider,phi,uncoupled,rugged,66,6.3975,5.4718,7.1907,6.1885,1.1106,30
spider,phi,uncoupled,rugged,67,6.3975,5.4718,7.2264,6.2064,1.1183,30
spider,phi,uncoupled,rugged,68,6.4166,5.4718,7.2264,6.2464,1.1162,30
spider,phi,uncoupled,rugged,69,6.4166,5.4718,7.3057,6.2656,1.1306,30
spider,phi,uncoupled,rugged,70,6.4424,5.4718,7.3057,6.2904,1.1474,30
spider,phi,uncoupled,rugged,71,6.4445,5.4718,7.3057,6.2979,1.1556,30
spider,phi,uncoupled,rugged,72,6.5488,5.4718,7.3057,6.3221,1.158,30
spider,phi,uncoupled,rugged,73,6.7355,5.4718,7.3057,6.3735,1.1562,30
spider,phi,uncoupled,rugged,74,6.8056,5.6177,7.3306,6.4153,1.1663,30
spider,phi,uncoupled,rugged,75,6.8824,5.6177,7.3437,6.4553,1.1735,30
spider,phi,uncoupled,rugged,76,6.9387,5.7027,7.3437,6.4837,1.1628,30
spider,phi,uncoupled,rugged,77,6.9387,5.7027,7.3437,6.5123,1.1377,30
spider,phi,uncoupled,rugged,78,6.9962,5.7027,7.3839,6.5707,1.089,30
spider,phi,uncoupled,rugged,79,6.9962,5.7595,7.4368,6.6114,1.098,30
spider,phi,uncoupled,rugged,80,7.0709,5.7595,7.4368,6.6314,1.1045,30
spider,phi,uncoupled,rugged,81,7.0709,5.7971,7.4368,6.6759,1.0625,30
spider,phi,uncoupled,rugged,82,7.1376,5.7971,7.4368,6.6833,1.0676,30
spider,phi,uncoupled,rugged,83,7.1376,5.7971,7.5126,6.7026,1.0815,30
spider,phi,uncoupled,rugged,84,7.1376,5.7971,7.5126,6.7101,1.0854,30
spider,phi,uncoupled,rugged,85,7.1783,5.7971,7.5914,6.7342,1.1074,30
spider,phi,uncoupled,rugged,86,7.2212,5.7971,7.5914,6.7399,1.112,30
spider,phi,uncoupled,rugged,87,7.2715,5.7971,7.6386,6.7716,1.1324,30
spider,phi,uncoupled,rugged,88,7.2715,5.7971,7.6625,6.7859,1.1395,30
spider,phi,uncoupled,rugged,89,7.2715,5.7971,7.6805,6.7994,1.1411,30
spider,phi,uncoupled,rugged,90,7.2715,5.8006,7.6805,6.8122,1.1193,30
spider,phi,uncoupled,rugged,91,7.3048,5.8221,7.6868,6.8227,1.118,30
spider,phi,uncoupled,rugged,92,7.3048,5.8221,7.6868,6.8325,1.1183,30
spider,phi,uncoupled,rugged,93,7.3473,5.8221,7.735,6.8671,1.1063,30
spider,phi,uncoupled,rugged,94,7.3767,5.8221,7.7811,6.8894,1.1131,30
spider,phi,uncoupled,rugged,95,7.429,5.8444,7.7811,6.9159,1.1025,30
spider,phi,uncoupled,rugged,96,7.4395,5.9346,7.7811,6.9471,1.0783,30
spider,phi,uncoupled,rugged,97,7.4629,5.9346,7.827,6.9635,1.0872,30
spider,phi,uncoupled,rugged,98,7.4772,6.0856,7.8298,6.9825,1.0797,30
spider,phi,uncoupled,rugged,99,7.4772,6.0906,7.8401,6.9937,1.0876,30
spider,phi,uncoupled,rugged,100,7.4923,6.2624,7.8878,7.033,1.0751,30
spider,phi,uncoupled,rugged,101,7.4975,6.2811,7.8878,7.0499,1.0711,30
spider,phi,uncoupled,rugged,102,7.5299,6.2811,7.8878,7.0634,1.0698,30
spider,phi,uncoupled,rugged,103,7.5299,6.2811,7.9335,7.0744,1.0764,30
spider,phi,uncoupled,rugged,104,7.5299,6.2811,7.9541,7.1174,1.0524,30
spider,phi,uncoupled,rugged,105,7.5379,6.2811,7.9541,7.1219,1.0551,30
spider,phi,uncoupled,rugged,106,7.5925,6.2899,7.9541,7.1431,1.0536,30
spider,phi,uncoupled,rugged,107,7.5925,6.3304,7.9541,7.1518,1.0503,30
spider,phi,uncoupled,rugged,108,7.5925,6.3363,7.9541,7.1915,1.0364,30
spider,phi,uncoupled,rugged,109,7.606,6.4688,7.9541,7.2107,1.0151,30
spider,phi,uncoupled,rugged,110,7.606,6.4916,7.9911,7.2275,1.0129,30
spider,phi,uncoupled,rugged,111,7.606,6.4916,7.9911,7.2345,1.0141,30
spider,phi,uncoupled,rugged,112,7.6598,6.5069,8.0109,7.2789,0.9845,30
spider,phi,uncoupled,rugged,113,7.6598,6.5069,8.0109,7.2873,0.9851,30
spider,phi,uncoupled,rugged,114,7.6598,6.5711,8.0256,7.2982,0.9821,30
spider,phi,uncoupled,rugged,115,7.6598,6.5711,8.0343,7.3067,0.9864,30
spider,phi,uncoupled,rugged,116,7.6806,6.7364,8.0931,7.339,0.9819,30
spider,phi,uncoupled,rugged,117,7.7277,6.7654,8.0931,7.3558,0.9752,30
spider,phi,uncoupled,rugged,118,7.7277,6.7654,8.0931,7.3803,0.9414,30
spider,phi,uncoupled,rugged,119,7.819,6.8334,8.099,7.412,0.9284,30
spider,phi,uncoupled,rugged,120,7.835,6.8334,8.1056,7.4204,0.9285,30
spider,phi,uncoupled,rugged,121,7.8565,6.8334,8.1056,7.4261,0.9311,30
spider,phi,uncoupled,rugged,122,7.8565,6.8706,8.1056,7.4406,0.9304,30
spider,phi,uncoupled,rugged,123,7.8565,6.8706,8.1056,7.4502,0.9304,30
spider,phi,uncoupled,rugged,124,7.8571,6.9176,8.1056,7.4631,0.9319,30
spider,phi,uncoupled,rugged,125,7.8746,6.9929,8.1219,7.4722,0.9294,30
spider,phi,uncoupled,rugged,126,7.8746,7.135,8.1219,7.4868,0.9255,30
spider,phi,uncoupled,rugged,127,7.8747,7.135,8.1219,7.5056,0.9081,30
spider,phi,uncoupled,rugged,128,7.9198,7.135,8.1219,7.5229,0.9028,30
spider,phi,uncoupled,rugged,129,7.9198,7.135,8.1219,7.5273,0.9059,30
spider,phi,uncoupled,rugged,130,8.0059,7.1419,8.1219,7.5558,0.888,30
spider,phi,uncoupled,rugged,131,8.0059,7.1825,8.1219,7.5825,0.8763,30
spider,phi,uncoupled,rugged,132,8.0059,7.1918,8.1675,7.5889,0.8797,30
spider,phi,uncoupled,rugged,133,8.0059,7.1918,8.1675,7.6013,0.8704,30
spider,phi,uncoupled,rugged,134,8.0161,7.1947,8.1764,7.6244,0.8637,30
spider,phi,uncoupled,rugged,135,8.0161,7.2016,8.1764,7.6389,0.8672,30
spider,phi,uncoupled,rugged,136,8.0161,7.2016,8.1764,7.6477,0.8558,30
spider,phi,uncoupled,rugged,137,8.0256,7.2016,8.2026,7.6545,0.8596,30
spider,phi,uncoupled,rugged,138,8.0256,7.2275,8.2056,7.6821,0.8427,30
spider,phi,uncoupled,rugged,139,8.0404,7.3883,8.239,7.6998,0.8326,30
spider,phi,uncoupled,rugged,140,8.0404,7.3883,8.239,7.7165,0.7999,30
spider,phi,uncoupled,rugged,141,8.0404,7.403,8.2433,7.7214,0.8012,30
spider,phi,uncoupled,rugged,142,8.0414,7.403,8.2531,7.7357,0.7975,30
spider,phi,uncoupled,rugged,143,8.0414,7.404,8.2531,7.7439,0.7963,30
spider,phi,uncoupled,rugged,144,8.1248,7.404,8.2579,7.7601,0.7935,30
spider,phi,uncoupled,rugged,145,8.1436,7.404,8.2579,7.7664,0.7902,30
spider,phi,uncoupled,rugged,146,8.1436,7.4917,8.2666,7.786,0.7777,30
spider,phi,uncoupled,rugged,147,8.1436,7.4917,8.2666,7.7903,0.7762,30
spider,phi,uncoupled,rugged,148,8.1531,7.4919,8.2666,7.7994,0.7701,30
spider,phi,uncoupled,rugged,149,8.1531,7.4919,8.2666,7.8048,0.7635,30
spider,phi,uncoupled,rugged,150,8.1531,7.4919,8.2666,7.8133,0.7569,30
spider,phi,uncoupled,rugged,151,8.1531,7.4919,8.2666,7.8303,0.7083,30
spider,phi,uncoupled,rugged,152,8.1629,7.5567,8.2666,7.8343,0.7074,30
spider,phi,uncoupled,rugged,153,8.1814,7.5567,8.2666,7.8379,0.7091,30
spider,phi,uncoupled,rugged,154,8.1814,7.5742,8.2666,7.8468,0.7013,30
spider,phi,uncoupled,rugged,155,8.1871,7.6217,8.2672,7.8558,0.6956,30
spider,phi,uncoupled,rugged,156,8.1913,7.6217,8.3132,7.8664,0.6953,30
spider,phi,uncoupled,rugged,157,8.2121,7.6217,8.3362,7.8751,0.6969,30
spider,phi,uncoupled,rugged,158,8.2274,7.6762,8.3425,7.8951,0.7036,30
spider,phi,uncoupled,rugged,159,8.2274,7.691,8.3572,7.906,0.7023,30
spider,phi,uncoupled,rugged,160,8.2274,7.691,8.3572,7.9069,0.7019,30
spider,phi,uncoupled,rugged,161,8.2323,7.6987,8.3572,7.9151,0.7015,30
spider,phi,uncoupled,rugged,162,8.2438,7.6987,8.3589,7.9192,0.6927,30
spider,phi,uncoupled,rugged,163,8.2438,7.7046,8.3589,7.9313,0.6594,30
spider,phi,uncoupled,rugged,164,8.2438,7.7168,8.3752,7.9372,0.6604,30
spider,phi,uncoupled,rugged,165,8.2438,7.7168,8.3752,7.9551,0.6334,30
spider,phi,uncoupled,rugged,166,8.2438,7.7168,8.3831,7.9665,0.6235,30
spider,phi,uncoupled,rugged,167,8.2438,7.7256,8.386,7.9689,0.6243,30
spider,phi,uncoupled,rugged,168,8.245,7.7256,8.386,7.9694,0.6244,30
spider,phi,uncoupled,rugged,169,8.2615,7.7278,8.386,7.9728,0.6192,30
spider,phi,uncoupled,rugged,170,8.2615,7.7278,8.386,7.9737,0.6194,30
spider,phi,uncoupled,rugged,171,8.2615,7.7406,8.391,7.9789,0.6091,30
spider,phi,uncoupled,rugged,172,8.2615,7.751,8.391,7.9823,0.6084,30
spider,phi,uncoupled,rugged,173,8.2685,7.751,8.391,7.9833,0.609,30
spider,phi,uncoupled,rugged,174,8.2685,7.7567,8.4077,7.9971,0.6035,30
spider,phi,uncoupled,rugged,175,8.2685,7.7567,8.4077,8.0018,0.604,30
spider,phi,uncoupled,rugged,176,8.2685,7.7576,8.4077,8.0069,0.5956,30
spider,phi,uncoupled,rugged,177,8.2685,7.7588,8.4087,8.0131,0.5985,30
spider,phi,uncoupled,rugged,178,8.2685,7.764,8.4087,8.0156,0.5998,30
spider,phi,uncoupled,rugged,179,8.2685,7.8092,8.4087,8.0334,0.5872,30
spider,phi,uncoupled,rugged,180,8.2685,7.8092,8.4087,8.0408,0.5854,30
spider,phi,uncoupled,rugged,181,8.2685,7.8092,8.4087,8.0493,0.5765,30
spider,phi,uncoupled,rugged,182,8.2685,7.8092,8.4087,8.0522,0.5748,30
spider,phi,uncoupled,rugged,183,8.2685,7.8092,8.4087,8.0553,0.5756,30
spider,phi,uncoupled,rugged,184,8.2685,7.8092,8.4087,8.0579,0.5764,30
spider,phi,uncoupled,rugged,185,8.2878,7.8092,8.4342,8.0648,0.5798,30
spider,phi,uncoupled,rugged,186,8.2878,7.8092,8.4356,8.0716,0.5842,30
spider,phi,uncoupled,rugged,187,8.2898,7.8518,8.4356,8.0773,0.5819,30
spider,phi,uncoupled,rugged,188,8.2979,7.8518,8.4356,8.0781,0.5816,30
spider,phi,uncoupled,rugged,189,8.3099,7.8617,8.4356,8.0869,0.5817,30
spider,phi,uncoupled,rugged,190,8.3152,7.8617,8.4404,8.0899,0.5808,30
spider,phi,uncoupled,rugged,191,8.3152,7.8901,8.4404,8.099,0.5636,30
spider,phi,uncoupled,rugged,192,8.3241,7.8901,8.4404,8.1096,0.5665,30
spider,phi,uncoupled,rugged,193,8.3241,7.8946,8.4404,8.1122,0.5679,30
spider,phi,uncoupled,rugged,194,8.3241,7.9463,8.4404,8.1183,0.565,30
spider,phi,uncoupled,rugged,195,8.3241,7.9463,8.4404,8.1183,0.565,30
spider,phi,uncoupled,rugged,196,8.3241,7.9463,8.4404,8.1205,0.5652,30
spider,phi,uncoupled,rugged,197,8.3241,7.954,8.4404,8.1225,0.5657,30
spider,phi,uncoupled,rugged,198,8.3241,7.9583,8.4404,8.1309,0.5484,30
spider,phi,uncoupled,rugged,199,8.3241,7.9763,8.4405,8.1371,0.5487,30
spider,phi,uncoupled,rugged,200,8.3241,7.9832,8.4405,8.1388,0.5492,30
spider,phi,uncoupled,rugged,201,8.3241,8.0613,8.4513,8.1445,0.5478,30
spider,phi,uncoupled,rugged,202,8.3241,8.0613,8.4513,8.1523,0.5429,30
spider,phi,uncoupled,rugged,203,8.3241,8.0613,8.4513,8.1528,0.5428,30
spider,phi,uncoupled,rugged,204,8.3241,8.0967,8.4513,8.1653,0.542,30
spider,phi,uncoupled,rugged,205,8.3241,8.0967,8.4513,8.1688,0.5418,30
spider,phi,uncoupled,rugged,206,8.3241,8.0967,8.4513,8.1728,0.535,30
spider,phi,uncoupled,rugged,207,8.3256,8.0967,8.4513,8.174,0.5346,30
spider,phi,uncoupled,rugged,208,8.3256,8.0967,8.4513,8.1747,0.5352,30
spider,phi,uncoupled,rugged,209,8.3398,8.0967,8.4862,8.1814,0.5364,30
spider,phi,uncoupled,rugged,210,8.3398,8.0967,8.4862,8.1872,0.5248,30
spider,phi,uncoupled,rugged,211,8.3398,8.0967,8.4862,8.1907,0.5272,30
spider,phi,uncoupled,rugged,212,8.3398,8.0967,8.4862,8.1912,0.5268,30
spider,phi,uncoupled,rugged,213,8.3398,8.0967,8.4862,8.1939,0.5296,30
spider,phi,uncoupled,rugged,214,8.3398,8.0967,8.4862,8.1957,0.5276,30
spider,phi,uncoupled,rugged,215,8.3398,8.0967,8.4893,8.1983,0.5279,30
spider,phi,uncoupled,rugged,216,8.3398,8.0967,8.4893,8.1984,0.528,30
spider,phi,uncoupled,rugged,217,8.3398,8.0967,8.4893,8.2005,0.5298,30
spider,phi,uncoupled,rugged,218,8.3398,8.0967,8.4893,8.2011,0.5297,30
spider,phi,uncoupled,rugged,219,8.3398,8.0967,8.4893,8.2075,0.522,30
spider,phi,uncoupled,rugged,220,8.3398,8.0967,8.4893,8.2112,0.5202,30
spider,phi,uncoupled,rugged,221,8.3398,8.0967,8.4893,8.2131,0.5194,30
spider,phi,uncoupled,rugged,222,8.3398,8.0967,8.4893,8.2191,0.5121,30
spider,phi,uncoupled,rugged,223,8.3398,8.0967,8.4926,8.2198,0.5123,30
spider,phi,uncoupled,rugged,224,8.3398,8.0967,8.4926,8.2212,0.5124,30
spider,phi,uncoupled,rugged,225,8.3398,8.0967,8.4926,8.2218,0.5125,30
spider,phi,uncoupled,rugged,226,8.3398,8.0967,8.4938,8.2238,0.513,30
spider,phi,uncoupled,rugged,227,8.3398,8.0967,8.4938,8.2289,0.5064,30
spider,phi,uncoupled,rugged,228,8.3398,8.109,8.4938,8.2366,0.5057,30
spider,phi,uncoupled,rugged,229,8.3398,8.109,8.4938,8.2367,0.5058,30
spider,phi,uncoupled,rugged,230,8.3511,8.109,8.4938,8.2402,0.5038,30
spider,phi,uncoupled,rugged,231,8.3511,8.109,8.4938,8.2408,0.5032,30
spider,phi,uncoupled,rugged,232,8.3511,8.109,8.4945,8.2415,0.5033,30
spider,phi,uncoupled,rugged,233,8.3511,8.1404,8.4945,8.2429,0.5029,30
spider,phi,uncoupled,rugged,234,8.3511,8.1404,8.499,8.2433,0.5032,30
spider,phi,uncoupled,rugged,235,8.3511,8.1404,8.5056,8.2437,0.5034,30
spider,phi,uncoupled,rugged,236,8.3511,8.1404,8.5056,8.2446,0.5038,30
spider,phi,uncoupled,rugged,237,8.3511,8.1404,8.5056,8.2469,0.5021,30
spider,phi,uncoupled,rugged,238,8.3511,8.1404,8.5056,8.2473,0.5021,30
spider,phi,uncoupled,rugged,239,8.3511,8.1404,8.5056,8.2478,0.5025,30
spider,phi,uncoupled,rugged,240,8.3511,8.1404,8.5056,8.2504,0.501,30
spider,phi,uncoupled,rugged,241,8.3511,8.1529,8.5057,8.2539,0.4988,30
spider,phi,uncoupled,rugged,242,8.3511,8.1529,8.5057,8.2539,0.4988,30
spider,phi,uncoupled,rugged,243,8.3511,8.1529,8.5057,8.2539,0.4988,30
spider,phi,uncoupled,rugged,244,8.3511,8.1529,8.5057,8.2563,0.4964,30
spider,phi,uncoupled,rugged,245,8.3511,8.1529,8.5057,8.2578,0.4971,30
spider,phi,uncoupled,rugged,246,8.3511,8.1529,8.5057,8.2579,0.4971,30
spider,phi,uncoupled,rugged,247,8.3511,8.1529,8.5057,8.2612,0.496,30
spider,phi,uncoupled,rugged,248,8.3511,8.1529,8.5057,8.2622,0.4947,30
spider,phi,uncoupled,rugged,249,8.3511,8.1529,8.5057,8.2646,0.4969,30
spider,phi,uncoupled,rugged,250,8.3511,8.1529,8.5057,8.2646,0.4969,30
spider,phi,uncoupled,rugged,251,8.3511,8.1529,8.5097,8.2656,0.4966,30
spider,phi,uncoupled,rugged,252,8.3511,8.1529,8.5097,8.2656,0.4966,30
spider,phi,uncoupled,rugged,253,8.3542,8.1529,8.5097,8.2658,0.4967,30
spider,phi,uncoupled,rugged,254,8.3542,8.1529,8.5097,8.2658,0.4967,30
spider,phi,uncoupled,rugged,255,8.3619,8.1529,8.5097,8.2664,0.4968,30
spider,phi,uncoupled,rugged,256,8.3619,8.1568,8.5097,8.2693,0.4952,30
spider,phi,uncoupled,rugged,257,8.3619,8.1568,8.5097,8.2693,0.4952,30
spider,phi,uncoupled,rugged,258,8.3619,8.1568,8.5097,8.2693,0.4952,30
spider,phi,uncoupled,rugged,259,8.3729,8.1568,8.5097,8.2732,0.4938,30
spider,phi,uncoupled,rugged,260,8.3729,8.1568,8.5194,8.2739,0.4942,30
spider,phi,uncoupled,rugged,261,8.3729,8.1568,8.5194,8.2743,0.4943,30
spider,phi,uncoupled,rugged,262,8.3729,8.1568,8.5194,8.2743,0.4943,30
spider,phi,uncoupled,rugged,263,8.3729,8.1568,8.5194,8.2757,0.4932,30
spider,phi,uncoupled,rugged,264,8.3729,8.1568,8.5194,8.2757,0.4932,30
spider,phi,uncoupled,rugged,265,8.3729,8.1568,8.5194,8.2758,0.4933,30
spider,phi,uncoupled,rugged,266,8.3772,8.1568,8.5194,8.2761,0.4933,30
spider,phi,uncoupled,rugged,267,8.3772,8.1568,8.5194,8.2761,0.4933,30
spider,phi,uncoupled,rugged,268,8.3772,8.1568,8.5194,8.2762,0.4934,30
spider,phi,uncoupled,rugged,269,8.3772,8.1568,8.5194,8.277,0.4932,30
spider,phi,uncoupled,rugged,270,8.3817,8.1568,8.5194,8.2789,0.4922,30
spider,phi,uncoupled,rugged,271,8.3817,8.1568,8.5194,8.2789,0.4922,30
spider,phi,uncoupled,rugged,272,8.3822,8.1568,8.5194,8.279,0.4922,30
spider,phi,uncoupled,rugged,273,8.3828,8.1568,8.5194,8.2791,0.4922,30
spider,phi,uncoupled,rugged,274,8.3828,8.1568,8.5194,8.2791,0.4922,30
spider,phi,uncoupled,rugged,275,8.3828,8.1653,8.5194,8.2809,0.492,30
spider,phi,uncoupled,rugged,276,8.3834,8.1653,8.5194,8.2815,0.4922,30
spider,phi,uncoupled,rugged,277,8.3834,8.1653,8.5194,8.2816,0.4921,30
spider,phi,uncoupled,rugged,278,8.3834,8.1653,8.5194,8.2849,0.4906,30
spider,phi,uncoupled,rugged,279,8.3834,8.1653,8.5194,8.2849,0.4907,30
spider,phi,uncoupled,rugged,280,8.3861,8.1653,8.5194,8.2852,0.4907,30
spider,phi,uncoupled,rugged,281,8.3861,8.1653,8.5194,8.2853,0.4907,30
spider,phi,uncoupled,rugged,282,8.3861,8.1653,8.5194,8.2858,0.4898,30
spider,phi,uncoupled,rugged,283,8.3861,8.1653,8.5194,8.2858,0.4898,30
spider,phi,uncoupled,rugged,284,8.3861,8.1653,8.5194,8.2866,0.4898,30
spider,phi,uncoupled,rugged,285,8.3861,8.1653,8.5194,8.2866,0.4898,30
spider,phi,uncoupled,rugged,286,8.3861,8.1653,8.5194,8.2868,0.49,30
spider,phi,uncoupled,rugged,287,8.3864,8.1653,8.5194,8.287,0.4901,30
spider,phi,uncoupled,rugged,288,8.3864,8.1653,8.5194,8.287,0.4901,30
spider,phi,uncoupled,rugged,289,8.3865,8.1653,8.5194,8.2871,0.4902,30
spider,phi,uncoupled,rugged,290,8.3865,8.1653,8.5194,8.2873,0.4902,30
spider,phi,uncoupled,rugged,291,8.3865,8.1653,8.5194,8.2873,0.4902,30
spider,phi,uncoupled,rugged,292,8.3865,8.1653,8.5194,8.2884,0.4908,30
spider,phi,uncoupled,rugged,293,8.3865,8.1653,8.5194,8.2884,0.4908,30
spider,phi,uncoupled,rugged,294,8.3865,8.1653,8.5194,8.2884,0.4908,30
spider,phi,uncoupled,rugged,295,8.3865,8.1653,8.5194,8.2894,0.4905,30
spider,phi,uncoupled,rugged,296,8.3877,8.1653,8.5194,8.2897,0.4903,30
spider,phi,uncoupled,rugged,297,8.3877,8.1653,8.5194,8.2904,0.4874,30
spider,phi,uncoupled,rugged,298,8.3877,8.1653,8.5194,8.2905,0.4874,30
spider,phi,uncoupled,rugged,299,8.3877,8.1653,8.5194,8.2914,0.4875,30
spider,phi,uncoupled,rugged,300,8.3924,8.1653,8.5194,8.2917,0.4876,30
